post_url,username,comment_text,timestamp,likes_count,label
https://www.tiktok.com/@metro_tv/video/7678251730466819348,rask198,"""saya dapat laporan""",2026-08-26T08:23:54.000Z,3680,netral
https://www.tiktok.com/@metro_tv/video/7678251730466819348,zvlfq,dilokasi gempa pun yg dibahas mbg😭,2026-08-26T09:49:10.000Z,2994,negatif
https://www.tiktok.com/@metro_tv/video/7678251730466819348,bukandiatapiaku09,Dapat laporan mulu wok wok,2026-08-26T08:53:54.000Z,1937,negatif
https://www.tiktok.com/@metro_tv/video/7678251730466819348,bagasssaaa26,"kata2 paling muak 2026 ""saya dapat laporan"" 🤣🤣",2026-08-26T10:58:07.000Z,841,netral
https://www.tiktok.com/@metro_tv/video/7678251730466819348,prince23477_,"tiga kata keramat "" saya dapat laporan "" 😂😂😂😂",2026-08-26T10:19:19.000Z,320,netral
https://www.tiktok.com/@metro_tv/video/7678251730466819348,global.route.logistics,laporan palsu,2026-08-26T08:33:04.000Z,668,negatif
https://www.tiktok.com/@metro_tv/video/7678251730466819348,yudi.syahdiman,"DIMANA PRABOWO BERPIJAK, DI SITU DIA MEMBAGGAKAN MBG",2026-08-27T00:18:32.000Z,143,negatif
https://www.tiktok.com/@metro_tv/video/7678251730466819348,bryan.x537,"Prabowo ini tipenya suka di puji puji,dan gampang di bodohi sama pejabat pejabatnya",2026-08-26T12:52:40.000Z,887,negatif
https://www.tiktok.com/@metro_tv/video/7678251730466819348,randommmomennt,"wowok dapet laporan Mulu tapi ga liat langsung kenyataan , kupas bawang 700 ribu perkilo mana",2026-08-26T09:12:38.000Z,166,negatif
https://www.tiktok.com/@metro_tv/video/7678251730466819348,_richard9474,selalu dapat laporan,2026-08-26T09:07:25.000Z,111,netral
https://www.tiktok.com/@metro_tv/video/7678251730466819348,ady_465,Rakyat jatim lapor khususnya Madura MBG tidak ada memfaatnya dn tolong distop,2026-08-26T08:40:01.000Z,199,negatif
https://www.tiktok.com/@metro_tv/video/7678251730466819348,ronycorn_,"Saya dapat laporan,priseden ngak ada manfaatnya",2026-08-26T21:26:34.000Z,64,negatif
https://www.tiktok.com/@metro_tv/video/7678251730466819348,bimat7781,"ini lama"" bukan dapat laporan tapi dapat wahyu",2026-08-26T18:11:50.000Z,9,negatif
https://www.tiktok.com/@metro_tv/video/7678251730466819348,rakyatmalaysia0,Semua pidato beliau pasti di awalin “saudarara saodarahaharaa” dan di lanjut “saya dapat laporan”🥰🥰🥰,2026-08-27T00:46:30.000Z,8,netral
https://www.tiktok.com/@metro_tv/video/7678251730466819348,saefulanwar1498,"jgn bahas MBG dulu lah Pak,, coba lah berdialog langsung kalau bisa duduk bersebelahan jgn ada jarak,, tanya jawab,, kasih rasa tenang sama yg terdampak bencana,, kasih tau langkah bpk ke depan gmna dalam me recovery pasca bencana,, biar masyarakat merasa tenang,, ini mah di Hari buruh bahas MBG,,di tempat BENCANA bahas MBG,,🤦🤦🤦",2026-08-27T11:28:56.000Z,9,negatif
https://www.tiktok.com/@metro_tv/video/7678251730466819348,pople131,Kenapa si dia ga bluskan turun secara real tanya bener bener keluhan masyarakat,2026-08-27T01:50:27.000Z,6,netral
https://www.tiktok.com/@metro_tv/video/7678251730466819348,user087297736,"maksud gw mereka tuh lagi berduka wok, jangan bahas mbg dulu bisa gaksih wokkkkk",2026-08-26T21:38:27.000Z,19,negatif
https://www.tiktok.com/@metro_tv/video/7678251730466819348,ferisetiawan362,"Mereka kena musibah.
malah ngomongin MBG..",2026-08-26T23:57:13.000Z,41,negatif
https://www.tiktok.com/@metro_tv/video/7678251730466819348,boiboiboikott,“Laporan” siapa sih yg ngasih laporan,2026-08-27T01:54:15.000Z,8,netral
https://www.tiktok.com/@metro_tv/video/7678251730466819348,aingsaha12120,"Alamat PAlsu ❎
Laporan Palsu✅
🤣🤣",2026-08-26T09:28:03.000Z,20,negatif
https://www.tiktok.com/@metro_tv/video/7678251730466819348,ekoputra4101,"punya pres gini amat ya, MBG terus dimanapun berada dn dibahas.. kayak ga ada program yg lain pak..😇",2026-08-26T13:02:13.000Z,17,negatif
https://www.tiktok.com/@metro_tv/video/7678251730466819348,iambatanesse,"Bapak Prabowo adalah mesias yang diturunkan oleh Tuhan untuk rumah rakyat Indonesia
Setiap perkataannya adalah firman.",2026-08-26T23:01:08.000Z,5,netral
https://www.tiktok.com/@metro_tv/video/7678251730466819348,fik_117,SAYA DAPAT LAPORAN😝,2026-08-26T09:55:02.000Z,31,netral
https://www.tiktok.com/@metro_tv/video/7678251730466819348,iis_nuna,"laporan laporan laporan laporan laporan, s'kli"" saya turun lngsung gtu kek 😭",2026-08-26T08:27:56.000Z,52,negatif
https://www.tiktok.com/@metro_tv/video/7678251730466819348,felix_prtma,ini CEO MBG gak bisa bahas permasalahan yg lain dlu g sih?,2026-08-26T12:14:17.000Z,28,negatif
https://www.tiktok.com/@metro_tv/video/7678251730466819348,umarisaris,"Presiden seaktif ini malah di hujat 🥺
Panjang umur pak, Tuhan memberi jalan terang bagi yang berbuat baik",2026-08-26T08:31:52.000Z,31,positif
https://www.tiktok.com/@metro_tv/video/7678251730466819348,duniaygsementara,say juga dpat laporan....pak Wowo ngak ngecek...cuma dpat laporan,2026-08-26T08:55:37.000Z,12,negatif
https://www.tiktok.com/@metro_tv/video/7678251730466819348,storyku776,Apa bedanya saya resmikan dan saya dapet laporan,2026-08-26T09:46:21.000Z,18,netral
https://www.tiktok.com/@metro_tv/video/7678251730466819348,airlangga.prasety37,"presiden normal pas turun ke lokasi bencana: bapak , ibu apakah sudah mendapatkan bantuan yang layak , bagaimana tenda pengungsian apakah ada kekurangan?butuh bantuan apalagi , mari kita lewati semua ini bersama2 .
presiden gak normal : MBG, kopdes akan saya lanjutkan .",2026-08-26T14:38:20.000Z,42,negatif
https://www.tiktok.com/@metro_tv/video/7678251730466819348,mayor.fantura,Datang bahas MBG,2026-08-26T09:33:29.000Z,14,netral
https://www.tiktok.com/@metro_tv/video/7678251730466819348,thisfakeaccountbro,"""saya males turun ke lapangan jadi saya cuma nunggu laporan""",2026-08-26T08:38:05.000Z,14,negatif
https://www.tiktok.com/@metro_tv/video/7678251730466819348,michaelschumacher003,niat ngasih makan itu 3×sehari bukan sekali doang,2026-08-26T21:45:24.000Z,6,negatif
https://www.tiktok.com/@metro_tv/video/7678251730466819348,eddddd442,Awali hari mu dengan kata ~ Saya dapat laporan~,2026-08-26T08:28:34.000Z,10,negatif
https://www.tiktok.com/@metro_tv/video/7678251730466819348,wida_2602_,ngapain dilokasi bencana tanya mbg diteruskan apa tidak? apa korelasinya?,2026-08-27T02:21:45.000Z,5,negatif
https://www.tiktok.com/@metro_tv/video/7678251730466819348,mangihutrbt,"paswordnya ""saya dapat laporan""",2026-08-26T09:47:41.000Z,7,netral
https://www.tiktok.com/@metro_tv/video/7678251730466819348,fafafaapa,"mulai lagi tiap kali bersabda ""saya dapat laporan"" 😂😂😂🗿🗿🗿 coba suruh tanya ormg tua anak anak yg dikasih MBG itu,mereka setuju atau tidak,atai pilih MBG apa kebutuhan pokok murah sblm ada MBG",2026-08-26T08:25:21.000Z,22,negatif
https://www.tiktok.com/@metro_tv/video/7678251730466819348,golipadang,bgitu klau tdk pernah turun ke lapangan,2026-08-26T09:50:06.000Z,6,negatif
https://www.tiktok.com/@metro_tv/video/7678251730466819348,tridigital7,"""SAYA DAPET LAPORAN""
kapan bilang "" SAYA LIHAT DAN MENINJAU LANGSUNG """,2026-08-30T01:18:12.000Z,0,negatif
https://www.tiktok.com/@metro_tv/video/7678251730466819348,barokahsembako_s.baung,beras mahal pak. dan langka,2026-08-28T04:39:07.000Z,2,netral
https://www.tiktok.com/@metro_tv/video/7678251730466819348,hermanmandagi29,saya dapat laporan terus 🤣🤣🤣,2026-08-27T06:34:53.000Z,2,negatif
https://www.tiktok.com/@metro_tv/video/7678251730466819348,lgsxsquad,"mau diteruskan atau tidak ? 0,000001 detik dijwb terimakasih, tkut dijawab TIDAKKKKK",2026-08-26T21:24:13.000Z,3,negatif
https://www.tiktok.com/@metro_tv/video/7678251730466819348,rezhaasilvia,"sebagai pemimpin jangan menggunakan bahasa ""saya dapat laporan"".. karna bahasa tersebut akan terjadi penipuan dll..dahlah 2030 Indonesia bubarrrrr anjirrr",2026-08-26T10:39:58.000Z,1,negatif
https://www.tiktok.com/@metro_tv/video/7678251730466819348,tt_2448,saya dapat laporan,2026-08-28T04:19:52.000Z,2,netral
https://www.tiktok.com/@metro_tv/video/7678251730466819348,culers061016,"saya akan lawan
saya dapat laporan
next saya apa lagi?",2026-08-28T13:10:15.000Z,1,negatif
https://www.tiktok.com/@metro_tv/video/7678251730466819348,elpendi.pendi7,laporan terus banyak bohong nya😂,2026-09-01T12:05:24.000Z,1,negatif
https://www.tiktok.com/@metro_tv/video/7678251730466819348,egi_97,Saya dapat laporan kalau pejabat pemerintah indonesia banyak yang korupsi,2026-08-27T09:20:11.000Z,2,negatif
https://www.tiktok.com/@metro_tv/video/7678251730466819348,aditpathy,Saya dapat wangsit,2026-08-26T09:45:16.000Z,4,netral
https://www.tiktok.com/@metro_tv/video/7678251730466819348,siwoh_siwon,"MBG mulu yg bahas, ga tau negara lagi kacau",2026-08-26T10:18:44.000Z,4,negatif
https://www.tiktok.com/@metro_tv/video/7678251730466819348,iwan8001,dikit dikit dapat laporan 😭😭😭😭,2026-08-26T19:48:05.000Z,1,negatif
https://www.tiktok.com/@metro_tv/video/7678251730466819348,ano.1993,dapat laporann trsss,2026-08-26T09:37:14.000Z,2,negatif
https://www.tiktok.com/@metro_tv/video/7678251730466819348,halmahail,"saya inget banget orang ini bahas almh bu Ani sempat dukung dia maju pemilu saat berkunjung ke rumah duka pak SBY, emang agak lain jauh orang ini. asli",2026-08-26T23:00:42.000Z,4,negatif
https://www.tiktok.com/@metro_tv/video/7678251730466819348,reza.aulia.akbar,coba rakyat kabupaten Nagekeo mana suaranya?,2026-08-27T01:43:35.000Z,1,netral
https://www.tiktok.com/@metro_tv/video/7678251730466819348,trust.me3975,bupati nya pinter ngasih makan ego wowok dgn cara ngomong yg baik soal mbg.,2026-08-26T11:25:40.000Z,1,negatif
https://www.tiktok.com/@metro_tv/video/7678251730466819348,rudi.sopian29,omon omon dapat laporan lagi dia sangat bangga dengan laporan palsu,2026-08-26T11:03:59.000Z,2,negatif
https://www.tiktok.com/@metro_tv/video/7678251730466819348,pablitoz15,"saya resmikan ❎
saya dapat laporan ✅",2026-08-27T02:23:22.000Z,3,netral
https://www.tiktok.com/@metro_tv/video/7678251730466819348,kristantoformula,rakyat di makmurkan aja pak Pres...biar bisa cari MBG secara mandiri...rakyat biar berusaha sendiri...jadi gak ngajari rakyat malas..rakyat gak pengen minta2 makan pada negara...,2026-08-28T04:18:48.000Z,1,positif
https://www.tiktok.com/@metro_tv/video/7678251730466819348,mr.jonbon17,"""SAYA DAPAT LAPORAN""",2026-08-27T08:38:37.000Z,1,netral
https://www.tiktok.com/@metro_tv/video/7678251730466819348,thisisrov,"saya dapet laporan lagi, ngecek sendiri juga nggak pak setelah dapet laporan?",2026-08-26T14:32:01.000Z,75,negatif
https://www.tiktok.com/@metro_tv/video/7678251730466819348,nol0339,laporan lagii,2026-08-26T09:26:36.000Z,2,netral
https://www.tiktok.com/@metro_tv/video/7678251730466819348,ab4n95,Saya dapat laporan 😅,2026-08-28T11:19:12.000Z,2,netral
https://www.tiktok.com/@metro_tv/video/7678251730466819348,ftaka09,wok lo kenapa promosi mbg mulu sih?,2026-08-27T02:34:13.000Z,2,negatif
https://www.tiktok.com/@metro_tv/video/7678251730466819348,teuku_razy,laporan siapa lagi pak,2026-08-26T08:24:44.000Z,3,negatif
https://www.tiktok.com/@metro_tv/video/7678251730466819348,nongker_____lado2,"laporan itu tipu semua pak,TDK semua merasakan.makanan itu ada yg SDH basi",2026-08-26T09:51:17.000Z,4,negatif
https://www.tiktok.com/@metro_tv/video/7678251730466819348,rec.rrqhoshi,"knp Prabowo selalu bilang "" saya dapat laporan"" atau ""sodara sodara""",2026-09-07T15:43:44.000Z,0,netral
https://www.tiktok.com/@metro_tv/video/7678251730466819348,kjgarage7,saya dapat laporan,2026-08-27T02:58:32.000Z,1,netral
https://www.tiktok.com/@metro_tv/video/7678251730466819348,gembulsanjaya10,dapet laporan terussss😂,2026-08-27T03:40:49.000Z,1,negatif
https://www.tiktok.com/@metro_tv/video/7678251730466819348,aldsetiawan,datang langsung ke lapangan wokk biar tau gmn kondisi di lapangan.. tiap pidato saya dapat laporan mulu🗿,2026-08-27T19:16:04.000Z,0,negatif
https://www.tiktok.com/@metro_tv/video/7678251730466819348,yarni.desti,keren n semangat pak 🥰,2026-08-26T10:52:43.000Z,1,positif
https://www.tiktok.com/@metro_tv/video/7678251730466819348,user579083106304,Laporan Palsu,2026-08-30T16:53:38.000Z,1,negatif
https://www.tiktok.com/@metro_tv/video/7678251730466819348,wd54_,"lagi"" dapat laporan",2026-08-26T09:02:30.000Z,2,negatif
https://www.tiktok.com/@metro_tv/video/7678251730466819348,yayad01,saya dapat laporan,2026-08-26T08:28:10.000Z,2,netral
https://www.tiktok.com/@metro_tv/video/7678251730466819348,user2469168194464,dpt laporan trusss pa wowo🤣🤣🤣,2026-08-26T12:38:57.000Z,1,negatif
https://www.tiktok.com/@metro_tv/video/7678251730466819348,iyaan_50,"malah MBG yang dibahas,pakk lihat sekitar ny Rumah2 dan Sekolah masih hancur, harus ny bahas dan fokus pembangunan rumah dan fasilitas,perbaiki camp pengungsian, kesehatan warga,dan air bersih.",2026-08-26T19:40:16.000Z,2,negatif
https://www.tiktok.com/@metro_tv/video/7678251730466819348,vionasyafiani,stop MBG,2026-08-26T08:29:55.000Z,1,netral
https://www.tiktok.com/@metro_tv/video/7678251730466819348,ayahduaal84,bapak bupati nya orang GERINDRA 😂,2026-08-27T02:15:08.000Z,1,netral
https://www.tiktok.com/@metro_tv/video/7678251730466819348,tidakada.nama2105,"saya dapat laporan
saya dapat laporan
saya dapat laporan.
yg ngasih laporan palsu siapa sih",2026-08-26T11:19:47.000Z,1,negatif
https://www.tiktok.com/@metro_tv/video/7678251730466819348,iam_joker710,mumpung disitu tanya langsung ke rakyat aja wo... door to door...,2026-08-26T15:20:21.000Z,3,netral
https://www.tiktok.com/@metro_tv/video/7678251730466819348,lordkhendriiy,"Pak eee main ke borong dlu, lihat kami kurir JNT terlalu banyak paket returan 😭",2026-08-26T10:09:20.000Z,3,netral
https://www.tiktok.com/@metro_tv/video/7678251730466819348,zed.id,template bgt kata²nya,2026-08-26T09:20:25.000Z,1,negatif
https://www.tiktok.com/@metro_tv/video/7678251730466819348,eedayy.oz,saya dapet laporan mulu...liat noh Instagram situ pak 90% ngekritik semuaaaaaa,2026-08-26T09:05:09.000Z,1,negatif
https://www.tiktok.com/@metro_tv/video/7678251730466819348,maz.ardi1,Saya dapat laporan terus,2026-08-26T09:01:44.000Z,1,negatif
https://www.tiktok.com/@metro_tv/video/7678251730466819348,wbaskjk,"setiap pidato, ""sya dpt laporan"" repeat",2026-08-27T02:11:39.000Z,1,negatif
https://www.tiktok.com/@metro_tv/video/7678251730466819348,fauzyikbal669,kalo dia udah blg . saya dpt laporan.. nextkan aja VT nya,2026-08-26T09:28:58.000Z,1,negatif
https://www.tiktok.com/@metro_tv/video/7678251730466819348,andra.afn77,Ditempat bencana malah yang dia bicarakan program dia MBG ya Tuhan😏,2026-08-26T09:24:58.000Z,1,negatif
https://www.tiktok.com/@metro_tv/video/7678251730466819348,rayonk22,presiden laporan,2026-08-26T09:34:23.000Z,1,negatif
https://www.tiktok.com/@metro_tv/video/7678251730466819348,nebikiwkiw,"tdak pernah semuak ini sma presiden, d mana2 yg d bahas MBG lg MBG lg",2026-08-27T02:31:36.000Z,1,negatif
https://www.tiktok.com/@metro_tv/video/7678251730466819348,krisnowoadi__,"ditahun 2026 kalian udah berapa kali denger kata²:""saya dapat laporan""",2026-08-26T17:22:53.000Z,1,negatif
https://www.tiktok.com/@metro_tv/video/7678251730466819348,putraaangga,selalu dafat laforan 😂,2026-08-26T08:48:45.000Z,1,negatif
https://www.tiktok.com/@metro_tv/video/7678251730466819348,wahyuadiparwatha,"dapat laporan mulu kapan ngecek langsungnya??? punya presiden kenapa malas begini sihhh??? turun kelapangan langsung dong pak, biar ngga nyesel parah gua milih eloooo",2026-08-26T13:05:21.000Z,1,negatif
https://www.tiktok.com/@metro_tv/video/7678251730466819348,realjunjie,"sudah tidak asing lagi,,bahsa saya dapat laporan 😁😁",2026-08-26T08:53:55.000Z,1,negatif
https://www.tiktok.com/@metro_tv/video/7678251730466819348,albertson1998,wkwkwkkwwk saya dapat laporan 🤣🤣🤣🤣🤣🤣,2026-08-26T09:26:08.000Z,1,negatif
https://www.tiktok.com/@metro_tv/video/7678251730466819348,anomali.berkeliaran2,manfaat mbg tergantung orangnya yg masak niat apa kagak,2026-08-26T08:27:58.000Z,3,netral
https://www.tiktok.com/@metro_tv/video/7678251730466819348,louloulou11_,Dapat laporan mulu wok turun ke lapangan lah,2026-08-27T18:12:39.000Z,0,negatif
https://www.tiktok.com/@metro_tv/video/7678251730466819348,rifin.gilinirwana,laporan mulu😁😁,2026-08-27T05:14:17.000Z,1,negatif
https://www.tiktok.com/@metro_tv/video/7678251730466819348,rolling.stone492,andalan saya dapat laporan🤣,2026-09-07T14:52:43.000Z,0,negatif
https://www.tiktok.com/@metro_tv/video/7678251730466819348,dian_ferdian16,alamat palsu❎️laporan palsu✅️😂😂,2026-08-26T10:55:01.000Z,1,negatif
https://www.tiktok.com/@metro_tv/video/7678251730466819348,den.s7b,"Kata kata legend pak prabowo ""Saya dapat laporan""",2026-08-26T15:55:00.000Z,1,negatif
https://www.tiktok.com/@metro_tv/video/7678251730466819348,rano.sah3,"sekali main jauh, tetep ""saya dapat laporan"" 🥺🥺",2026-08-27T11:14:37.000Z,1,negatif
https://www.tiktok.com/@metro_tv/video/7678251730466819348,notname0108,"Dia itu kalau dapet laporan di cek dulu ga sih laporannya valid apa ga 😂😂😂😂 , segala sesuatu itu berdasarkan bukti ya ada , bukan cuman karna laporan atau katanya ,",2026-09-01T23:08:43.000Z,0,negatif
https://www.tiktok.com/@metro_tv/video/7678251730466819348,sad_boy20108,ngawur,2026-09-10T13:21:09.000Z,0,negatif
https://www.tiktok.com/@metro_tv/video/7678251730466819348,maspu74,saya mendapat laporan ...,2026-08-31T08:34:51.000Z,0,negatif
https://www.tiktok.com/@metro_tv/video/7678251730466819348,hadi_arifianto,bawahan sama atasan sama aja,2026-09-02T18:15:24.000Z,0,negatif
https://www.tiktok.com/@metro_tv/video/7678251730466819348,onoy093,laporan lagi?.,2026-09-08T14:15:44.000Z,0,negatif
https://www.tiktok.com/@metro_tv/video/7678251730466819348,mozzartchristian,"Bupati-nya salah lapor pak, Krn lagi gempa bukan bahas MBG",2026-09-03T00:17:14.000Z,0,negatif
https://www.tiktok.com/@metro_tv/video/7678251730466819348,kara.lena02,"🤣🤣🤣
tuhkan dipercaya laporannya...🤣🤣🤣",2026-08-31T08:44:39.000Z,0,negatif
https://www.tiktok.com/@metro_tv/video/7678251730466819348,arisukeberkelana,"gak ada""""""😂",2026-09-03T14:53:17.000Z,0,negatif
https://www.tiktok.com/@metro_tv/video/7678251730466819348,lajitosby,apa Ndak ada yg lain ta wo selain mbg,2026-08-28T04:16:24.000Z,1,negatif
https://www.tiktok.com/@metro_tv/video/7678251730466819348,haltzyyy,bhkn di tengah gempa pun masih aja bahas mbg pak..,2026-09-13T02:14:54.000Z,0,negatif
https://www.tiktok.com/@metro_tv/video/7678251730466819348,deni.hesa,mending tanya pendapat aja mbg disitu bermanfaat apa nggak terus di improve selanjutnya,2026-08-27T08:32:16.000Z,1,negatif
https://www.tiktok.com/@metro_tv/video/7678251730466819348,khamimwicaksono42,seng di omongno mbg.. saya dpt laporan.. keri lor,2026-08-31T18:26:25.000Z,0,negatif
https://www.tiktok.com/@metro_tv/video/7678251730466819348,untunghaning5,,2026-08-29T01:33:44.000Z,1,netral
https://www.tiktok.com/@metro_tv/video/7678251730466819348,adjahasim,sya mendapat laporan hedeh,2026-09-07T11:01:04.000Z,0,negatif
https://www.tiktok.com/@metro_tv/video/7678251730466819348,dederamdani851,buset dah president gini bgt ya.,2026-08-31T11:16:53.000Z,0,negatif
https://www.tiktok.com/@metro_tv/video/7678251730466819348,moeraa88,Pak jangan terlalu percaya penuh dengan laporan2. Coba sesekali cari tahu sendiri apa yg benar2 terjadi pada rakyat dan keadaan Indonesia 🙏,2026-09-05T13:14:19.000Z,0,positif
https://www.tiktok.com/@metro_tv/video/7678251730466819348,x3.ll03,seperti biasa pake kata andalan dulu,2026-09-01T04:02:07.000Z,0,negatif
https://www.tiktok.com/@metro_tv/video/7678251730466819348,zhery.aja,saya dapat laporan aja terus kuping saya sampai kapalan🫩,2026-08-31T11:15:53.000Z,0,negatif
https://www.tiktok.com/@metro_tv/video/7678251730466819348,adhynyoyor,laporan terusss 😂😂😂,2026-08-31T12:05:57.000Z,0,negatif
https://www.tiktok.com/@metro_tv/video/7678251730466819348,sugianto3663,laporan trusss...,2026-09-01T08:27:06.000Z,0,negatif
https://www.tiktok.com/@metro_tv/video/7678251730466819348,irgi_nopal,SAYA DAPET LAPORINN…….,2026-08-31T13:28:32.000Z,0,negatif
https://www.tiktok.com/@metro_tv/video/7678251730466819348,berybeber_,Saya dapat laporan 😭,2026-09-01T08:47:58.000Z,0,negatif
https://www.tiktok.com/@metro_tv/video/7678251730466819348,masroy073,"presiden ABS "" asal bapak senang""",2026-08-26T09:33:05.000Z,1,negatif
https://www.tiktok.com/@metro_tv/video/7678251730466819348,amin.edii,Saya dapat laporan saya dapat laporan,2026-08-27T17:02:56.000Z,0,negatif
https://www.tiktok.com/@metro_tv/video/7678251730466819348,wes.tau48,saya jg mndapat laporan bahwa kinerja kabinet BPK sdah tdak jelas smua...sudah bobrok semua,2026-08-26T08:31:56.000Z,1,negatif
https://www.tiktok.com/@metro_tv/video/7678251730466819348,fayzulaef1,laporan,2026-08-26T08:30:53.000Z,1,netral
https://www.tiktok.com/@metro_tv/video/7678251730466819348,gunturpamungkasofficial,saya dapat laporan bla bla bla,2026-08-27T03:32:01.000Z,1,negatif
https://www.tiktok.com/@metro_tv/video/7678251730466819348,painwanz77,,2026-08-27T03:02:52.000Z,1,netral
https://www.tiktok.com/@metro_tv/video/7678251730466819348,herlinthv,PAK INI LAGI GEMPA LOH.. KENAPA YG DI BAHAS MBG,2026-08-26T15:32:00.000Z,1,negatif
https://www.tiktok.com/@metro_tv/video/7678251730466819348,g0odd0ct,kata keramat,2026-08-26T11:48:59.000Z,1,netral
https://www.tiktok.com/@metro_tv/video/7678251730466819348,ending251,selalu saya dapat laporan aduh pak pak,2026-08-31T08:57:48.000Z,0,negatif
https://www.tiktok.com/@metro_tv/video/7678251730466819348,areyouanosyperson1,wowo dikibulin bawahan nya mulu🤣,2026-08-27T18:10:09.000Z,1,negatif
https://www.tiktok.com/@metro_tv/video/7678251730466819348,si_bolang93,AI🗿,2026-08-31T12:59:27.000Z,0,netral
https://www.tiktok.com/@metro_tv/video/7678251730466819348,panadol3503,SAYA DAPAT LAPORAN,2026-08-31T12:11:12.000Z,0,negatif
https://www.tiktok.com/@metro_tv/video/7678251730466819348,camat_mars17,saya dapat laporan.... 😂😂😂😂😂😂😂 ..,2026-08-31T00:14:22.000Z,0,negatif
https://www.tiktok.com/@metro_tv/video/7678251730466819348,kim_kimbpazz3,dpt laporan lg...😂🤣,2026-08-31T00:09:50.000Z,0,negatif
https://www.tiktok.com/@metro_tv/video/7678251730466819348,ak_audiokae,🤣 dapat laporan,2026-08-31T02:20:17.000Z,0,negatif
https://www.tiktok.com/@metro_tv/video/7678251730466819348,b_y0uu,akhirnya tau asal usul laporan,2026-08-31T01:00:37.000Z,0,netral
https://www.tiktok.com/@metro_tv/video/7678251730466819348,kukukaka_6,"saya akan lawan jauh lebih baik dari pada
saya dapat laporan",2026-09-06T04:48:40.000Z,0,negatif
https://www.tiktok.com/@metro_tv/video/7678251730466819348,kyywoi1,kode itu,2026-09-01T12:01:47.000Z,0,netral
https://www.tiktok.com/@metro_tv/video/7678251730466819348,segerbuwanget,Saya dapat laporan,2026-09-06T04:51:01.000Z,0,negatif
https://www.tiktok.com/@metro_tv/video/7678251730466819348,belajarjepang206,"aowkwkwk aowkkww
"" saya dapet laporan""
mbg tetep di bahas dilokasi gempa aowkwkkww",2026-09-06T09:51:09.000Z,0,negatif
https://www.tiktok.com/@metro_tv/video/7678251730466819348,menjemput_rezeki1,distai nya,2026-09-08T08:02:08.000Z,0,netral
https://www.tiktok.com/@metro_tv/video/7678251730466819348,winarta_rd,kata kata wasiatnya : sy dpt laporan🤭😂,2026-08-31T03:50:53.000Z,0,negatif
https://www.tiktok.com/@metro_tv/video/7678251730466819348,flea90_,"dia percaya, dan langsung berkicau SAYA DAPAT LAPORAN😭",2026-08-31T02:29:00.000Z,0,negatif
https://www.tiktok.com/@metro_tv/video/7678251730466819348,jacktambunan13,Saya dapat Laporan😂😂😂,2026-08-30T23:19:42.000Z,0,negatif
https://www.tiktok.com/@metro_tv/video/7678251730466819348,olive_r27,saya dapat laporan 🗿,2026-08-31T05:33:56.000Z,0,negatif
https://www.tiktok.com/@metro_tv/video/7678251730466819348,jansarchanel,omon2 tok,2026-08-30T20:31:53.000Z,0,negatif
https://www.tiktok.com/@metro_tv/video/7678251730466819348,fattah.190,laporan lagi dan lagi,2026-08-30T15:58:43.000Z,0,negatif
https://www.tiktok.com/@metro_tv/video/7678251730466819348,marjun4064,presiden dapat laporan... 😂😂😂,2026-08-30T23:34:47.000Z,0,negatif
https://www.tiktok.com/@metro_tv/video/7678251730466819348,_rahman112213,LAPORAN MULU,2026-08-26T11:50:33.000Z,2,negatif
https://www.tiktok.com/@metro_tv/video/7678251730466819348,egpp877,"jangan diteruskan pak,, karena banyak nasi yg terbuang sayang,saya tau niat bapak baik,lebih baik turunkan saja harga pokok pak😳",2026-09-01T14:13:21.000Z,0,negatif
https://www.tiktok.com/@metro_tv/video/7678251730466819348,masaji000,bosan dgn kalimat seperti itu baru tidak becus dalam penyelesaian masalah,2026-09-06T11:49:25.000Z,0,negatif
https://www.tiktok.com/@metro_tv/video/7678251730466819348,makanyajadijahat,"saya dpat laporan, Kita harus.... saudara² Utangggg",2026-09-01T15:25:49.000Z,0,negatif
https://www.tiktok.com/@metro_tv/video/7678251730466819348,longsize18,lagi gempa malah bahas mbg wokwok,2026-08-30T22:21:20.000Z,0,negatif
https://www.tiktok.com/@metro_tv/video/7678251730466819348,goodyoor,Laporan terus di dengerin 😏😅,2026-08-30T16:42:19.000Z,0,negatif
https://www.tiktok.com/@metro_tv/video/7678251730466819348,bang.adent7,LAPORAN,2026-09-01T16:15:24.000Z,0,netral
https://www.tiktok.com/@metro_tv/video/7678251730466819348,king.indomie12,kaloh jokow saya resmikan beda dengan jayen saya dapet laporan laporan apa,2026-08-30T20:11:05.000Z,0,negatif
https://www.tiktok.com/@metro_tv/video/7678251730466819348,doni75802,kapan nggak ngomong dapat laporan... risih dengernya,2026-08-30T14:06:34.000Z,0,negatif
https://www.tiktok.com/@metro_tv/video/7678251730466819348,amanaja49,Pastilah buat bupati mbg merasakan manfaat krn dapur mbg nya ada,2026-08-26T15:33:11.000Z,1,negatif
https://www.tiktok.com/@metro_tv/video/7678251730466819348,zoel_us,banyak amat tukang cepunya 🤣,2026-08-30T18:55:41.000Z,0,negatif
https://www.tiktok.com/@metro_tv/video/7678251730466819348,rifkii.m,"jkw: saya cek ke lokasi
pbw: saya dapet laporan",2026-08-26T11:06:57.000Z,1,negatif
https://www.tiktok.com/@metro_tv/video/7678251730466819348,ivan.efendi92,dapat laporan teros😁😆,2026-09-08T08:14:45.000Z,0,negatif
https://www.tiktok.com/@metro_tv/video/7678251730466819348,deo.borneo,pokoknya hidup jokowi,2026-08-30T11:46:08.000Z,0,netral
https://www.tiktok.com/@metro_tv/video/7678251730466819348,zakakelana_1,ngeri ngeri,2026-08-30T16:21:01.000Z,0,negatif
https://www.tiktok.com/@metro_tv/video/7678251730466819348,nallll.92,Presiden paling suka dapat laporan,2026-08-26T10:07:35.000Z,1,negatif
https://www.tiktok.com/@metro_tv/video/7678251730466819348,queen88life,"Oiiiiii dia dapat laporan lagi oiiii, dia bukan pergi cek dengan mata kepala sendiri oiiii…. Oiiiiii",2026-08-30T15:17:04.000Z,0,negatif
https://www.tiktok.com/@metro_tv/video/7678251730466819348,zattstar,kaya ga ada bahasan lain mbg terus yg dipidato,2026-08-30T14:05:02.000Z,0,negatif
https://www.tiktok.com/@metro_tv/video/7678251730466819348,ikramzull7,dapet laporan terus et dh,2026-09-12T17:41:22.000Z,0,negatif
https://www.tiktok.com/@metro_tv/video/7678251730466819348,bonda993,"datang ke lokasi bencana bukan bertanya tentang pelayanan dari pemerintah eh malah bertanya tentang mbg.
yang jelas² di timur itu bermanfaat karena timur itu masih termasuk daerah 3T yang sesuai misi sudah menjadi prioritas.",2026-08-26T10:30:45.000Z,1,negatif
https://www.tiktok.com/@metro_tv/video/7678251730466819348,diamond_tan,saya dapat BISIKAN GAIB..,2026-08-29T20:29:39.000Z,0,negatif
https://www.tiktok.com/@metro_tv/video/7678251730466819348,andifga_jogja,di mana-mana kq mbg pak.haruse gimana caranya masyarakat yg terkwna bencana cepat teratasi,2026-08-30T13:41:03.000Z,0,negatif
https://www.tiktok.com/@metro_tv/video/7678251730466819348,ikmbr2,laporan trus ..,2026-08-30T13:30:23.000Z,0,negatif
https://www.tiktok.com/@metro_tv/video/7678251730466819348,mas.nana58,"tidak jauh pidato nya dapat laporan, preeet",2026-08-30T12:18:53.000Z,0,negatif
https://www.tiktok.com/@metro_tv/video/7678251730466819348,onmyway9284,laporan terossss 😂,2026-08-30T03:02:17.000Z,0,negatif
https://www.tiktok.com/@metro_tv/video/7678251730466819348,asepsaepulazis87,presiden parahh,2026-08-30T02:38:27.000Z,0,negatif
https://www.tiktok.com/@metro_tv/video/7678251730466819348,yudihadiansyahmusic,,2026-08-30T09:00:42.000Z,0,netral
https://www.tiktok.com/@metro_tv/video/7678251730466819348,zizipro_official,saya dapet laporan!!!!,2026-08-30T07:07:44.000Z,0,negatif
https://www.tiktok.com/@metro_tv/video/7678251730466819348,aimar.radinka.fau7,intinya saya mendapatkan laporan,2026-08-30T02:06:53.000Z,0,negatif
https://www.tiktok.com/@metro_tv/video/7678251730466819348,budak.ringgit6,orang lg kena musibah malah datang untuk mempromosikan MBG,2026-08-30T06:51:47.000Z,0,negatif
https://www.tiktok.com/@metro_tv/video/7678251730466819348,pencawan17,apapun masalahnya solusi MBG dan kopdes. .maju terus haha,2026-08-29T13:48:42.000Z,0,negatif
https://www.tiktok.com/@metro_tv/video/7678251730466819348,kelapasaid,saya dapat laporan..... itu terusssss,2026-08-30T06:26:01.000Z,0,negatif
https://www.tiktok.com/@metro_tv/video/7678251730466819348,putune_mbah_paryoto,dapet laporan trus sih pak,2026-08-29T12:20:07.000Z,0,negatif
https://www.tiktok.com/@metro_tv/video/7678251730466819348,peran_tau3399,surpay dan mendapat kan laporan..itu yg d terimakasih 😂😂😂,2026-08-30T04:52:00.000Z,0,negatif
https://www.tiktok.com/@metro_tv/video/7678251730466819348,_adit349,""" saya dapat laporan """,2026-08-30T03:43:35.000Z,0,negatif
https://www.tiktok.com/@metro_tv/video/7678251730466819348,ud.ferryputra,"saya dpt laporan ,saya akan,kita harus ,kita akan presiden paling kocak",2026-08-29T15:26:32.000Z,0,negatif
https://www.tiktok.com/@metro_tv/video/7678251730466819348,ucu_ruhimat3,nu dibahas na teh ngan kejo we😁,2026-08-29T12:55:45.000Z,0,negatif
https://www.tiktok.com/@metro_tv/video/7678251730466819348,brons241,hadehh rasanya pengen pindah negara gua tpi ada komen dikira gua buzzer anis ama ganjar😂,2026-08-26T16:01:08.000Z,1,netral
https://www.tiktok.com/@metro_tv/video/7678251730466819348,penghunibumizigzag,"Prabowo passwordnya ""saya dapet laporan""",2026-08-26T09:51:59.000Z,1,negatif
https://www.tiktok.com/@metro_tv/video/7678251730466819348,fazzio747,dapat laporan mulu,2026-08-26T15:21:54.000Z,1,negatif
https://www.tiktok.com/@metro_tv/video/7678251730466819348,nasriq124,laporan... laporan... laporan...,2026-08-30T02:05:49.000Z,0,negatif
https://www.tiktok.com/@metro_tv/video/7678251730466819348,ambrosius0896,saya dapat laporan,2026-08-29T16:34:30.000Z,0,negatif
https://www.tiktok.com/@metro_tv/video/7678251730466819348,udinsadengg,saya dapat laporan persiden Prabowo OMON omon doang,2026-08-29T23:34:16.000Z,0,negatif
https://www.tiktok.com/@metro_tv/video/7678251730466819348,bangken380,"laporan laporan dan laporan lagi
udah jelas"" YTTA 🤣🤣🤣🤣",2026-08-29T23:22:47.000Z,0,negatif
https://www.tiktok.com/@metro_tv/video/7678251730466819348,hendra.art16,"Tuh kan di jadikan pidato lagi
Bisa gak sih itu mikrofon di sembunyiin dulu",2026-08-29T19:22:49.000Z,0,negatif
https://www.tiktok.com/@metro_tv/video/7678251730466819348,aria12345767890,saya dapat laporan🤣,2026-08-29T19:21:56.000Z,0,negatif
https://www.tiktok.com/@metro_tv/video/7678251730466819348,fadlifandi1,"""saya dapat laporan""",2026-08-29T14:07:59.000Z,0,negatif
https://www.tiktok.com/@metro_tv/video/7678251730466819348,wien.boe.lach,yang pnting dapat laporan. ws pol bhgyane,2026-08-29T10:59:02.000Z,0,negatif
https://www.tiktok.com/@metro_tv/video/7678251730466819348,edisetiadi0719,pidato isinya muji diri sendiri terus,2026-08-29T17:16:28.000Z,0,negatif
https://www.tiktok.com/@metro_tv/video/7678251730466819348,falready85,"lg dan lg,saya dapat laporan...",2026-08-29T16:52:52.000Z,0,negatif
https://www.tiktok.com/@metro_tv/video/7678251730466819348,iva896457yc,itulah yang kalian pilih,2026-08-28T00:55:36.000Z,0,negatif
https://www.tiktok.com/@metro_tv/video/7678251730466819348,ware1982,tidaaakkk,2026-08-28T00:47:33.000Z,0,netral
https://www.tiktok.com/@metro_tv/video/7678251730466819348,1pukulman,mbg josjis,2026-08-27T23:33:52.000Z,0,netral
https://www.tiktok.com/@metro_tv/video/7678251730466819348,psycho19987,"""saya dapat laporan """,2026-08-27T22:21:38.000Z,0,negatif
https://www.tiktok.com/@metro_tv/video/7678251730466819348,lode781,yg dapat mbg ini seluruh rakyat atau siswa sj,2026-08-27T20:33:06.000Z,0,netral
https://www.tiktok.com/@metro_tv/video/7678251730466819348,anonymous_notfound404,SAYA DAPAT LAPORAN LAPORAN LAPORAN LAPORAN LAPORAN,2026-08-27T20:19:27.000Z,0,negatif
https://www.tiktok.com/@metro_tv/video/7678251730466819348,minerva16694,"orang lagi kesusahan ditanya MBG lanjut atau tidak
coba yang keracunan MBG ditanya hal yang sama. apa kira kira jawabannya",2026-08-27T19:47:20.000Z,0,negatif
https://www.tiktok.com/@metro_tv/video/7678251730466819348,islacch1,"izin. seharusnya bapak tau skala prioritas, saat bencana yg korban butuhkan urgensinya adalah tenda, makanan, air bersih, obat2, dan rekonstruksi bangunan. kalau mbg penerimanya hanya anak sekolah aja, sedangkan situasi gempa semua kalangan merasakannya.",2026-08-27T17:46:53.000Z,0,positif
https://www.tiktok.com/@metro_tv/video/7678251730466819348,vodkbilly,"BUPATI mana yang bilang kalau MBG tidak berMANFFAT .. jelas manfaat ,itu lahan basah !",2026-08-27T17:16:42.000Z,0,negatif
https://www.tiktok.com/@metro_tv/video/7678251730466819348,social_disleeding,"Bupatinya punya banyak dapur, sama kyk bupati tempatku",2026-08-27T17:07:16.000Z,0,negatif
https://www.tiktok.com/@metro_tv/video/7678251730466819348,qwertyuiop265478458,KORELASI NYA APA WOKKKK,2026-08-27T16:58:40.000Z,0,negatif
https://www.tiktok.com/@metro_tv/video/7678251730466819348,bgsardnn_,"disini banyak bet yang bela, di reals ig padahal isinya hujatan semua, emang bener sarang buzzer 😹",2026-08-27T16:23:53.000Z,0,netral
https://www.tiktok.com/@metro_tv/video/7678251730466819348,user94592965666552,laporan mulu,2026-08-31T07:22:21.000Z,0,negatif
https://www.tiktok.com/@metro_tv/video/7678251730466819348,alviansyah6704,mbg program bagus,2026-08-31T05:10:42.000Z,0,positif
https://www.tiktok.com/@metro_tv/video/7678251730466819348,pria_ku1_730876178zmvx,sedang merasa jadi presiden,2026-08-29T12:37:51.000Z,0,netral
https://www.tiktok.com/@metro_tv/video/7678251730466819348,dullpasha,dimana bumi dipijak disitu saya dapat laporan,2026-08-28T14:31:26.000Z,0,negatif
https://www.tiktok.com/@metro_tv/video/7678251730466819348,apriadi18,""" saya dapat laporan"" lebih tepatnya ""saya dapat jilatan"", pejabat nya laporan nya bagus"" karena ngejilat, bukan real nya",2026-08-28T14:22:16.000Z,0,negatif
https://www.tiktok.com/@metro_tv/video/7678251730466819348,fattullahivan,saya dapat laporan,2026-08-28T14:13:17.000Z,0,negatif
https://www.tiktok.com/@metro_tv/video/7678251730466819348,yasmin..blora,"dapat laporan, dapat laporan, dapat laporan dapat laporan dapat laporan dapat laporan dapat laporan dapat laporan...
yang lapor bupati yang megang dapur mbg yang untung banyak dari 15.000 jadi 10 .000 per siswa kalo di kali 15.000 siswa x 5.000 caer bupatinya",2026-08-28T14:07:59.000Z,0,negatif
https://www.tiktok.com/@metro_tv/video/7678251730466819348,adiputra8370,bapak presiden ada dapat laporan ke tidak yang di di tempat kami jalan infrastruktur nya sangat buruk lebar jalan hanya 1 meter itu pun. berlobang,2026-08-28T13:28:04.000Z,0,negatif
https://www.tiktok.com/@metro_tv/video/7678251730466819348,anto_browniez,siapa yg laporan MBG sukses pak,2026-08-28T13:27:20.000Z,0,negatif
https://www.tiktok.com/@metro_tv/video/7678251730466819348,angel2025050,😅😅😅teruskan,2026-08-28T12:58:28.000Z,0,negatif
https://www.tiktok.com/@metro_tv/video/7678251730466819348,artisnyakm68,coba tebak berapa kali dia ngomong ( SAYA DAPAT LAPORAN ) 🗿,2026-08-28T12:09:09.000Z,0,negatif
https://www.tiktok.com/@metro_tv/video/7678251730466819348,ontime757,"dapat laporan terus,jujur bapak itu tidak cocok jadi presiden",2026-08-28T11:51:01.000Z,0,negatif
https://www.tiktok.com/@metro_tv/video/7678251730466819348,muafikama83,laporan lagi,2026-08-28T11:11:58.000Z,0,negatif
https://www.tiktok.com/@metro_tv/video/7678251730466819348,arjuna.annas,MBG mulu gak ada topik lain?😆,2026-08-28T10:58:37.000Z,0,negatif
https://www.tiktok.com/@metro_tv/video/7678251730466819348,marthinratujr97,“Saya dapat Laporan”,2026-08-28T10:57:37.000Z,0,negatif
https://www.tiktok.com/@metro_tv/video/7678251730466819348,unclebe23,ngapusi,2026-08-28T09:56:30.000Z,0,negatif
https://www.tiktok.com/@metro_tv/video/7678251730466819348,dedek.baiten,mbg mbg huhjuhu,2026-08-28T09:32:46.000Z,0,negatif
https://www.tiktok.com/@metro_tv/video/7678251730466819348,choerudin_deni,lagi bencana loh ini.. masih aja mbahas program gagal😏😏,2026-08-28T08:51:50.000Z,0,negatif
https://www.tiktok.com/@metro_tv/video/7678251730466819348,rain62170,"saya dapat laporan
saya dapat laporan
saya dapat laporan
🤣🤣🤣🤣🤣",2026-08-28T08:02:02.000Z,0,negatif
https://www.tiktok.com/@metro_tv/video/7678251730466819348,arispratama201013,"saya dapat laporan
saya akan
saya ingin
ujung"" nya MBG jg yg dia omongin🤣",2026-08-28T08:01:46.000Z,0,negatif
https://www.tiktok.com/@metro_tv/video/7678251730466819348,user7587598282856,isine laporan kabeh ...,2026-08-28T07:55:55.000Z,0,negatif
https://www.tiktok.com/@metro_tv/video/7678251730466819348,capapyb,"laporan nya itu dari antek""nya bukan dri rakyatnya 🗿",2026-08-28T07:50:48.000Z,0,negatif
https://www.tiktok.com/@metro_tv/video/7678251730466819348,dibarbr,tanya sama rakyat langsung pak,2026-08-28T07:49:11.000Z,0,netral
https://www.tiktok.com/@metro_tv/video/7678251730466819348,_senpai771,lagi²sya dapt laporan,2026-08-28T07:27:40.000Z,0,negatif
https://www.tiktok.com/@metro_tv/video/7678251730466819348,andikap0602,laporan Mulu ajhghh,2026-08-28T07:20:02.000Z,0,negatif
https://www.tiktok.com/@metro_tv/video/7678251730466819348,user491051734,yg teriak bawahannya jg yg punya dapur MBG,2026-08-28T07:08:44.000Z,0,negatif
https://www.tiktok.com/@metro_tv/video/7678251730466819348,user491051734,yg teriak bawahannya jg yg punya dapur MBG,2026-08-28T07:08:24.000Z,0,negatif
https://www.tiktok.com/@metro_tv/video/7678251730466819348,kun15471,saya dpt laporan,2026-08-28T07:03:36.000Z,0,negatif
https://www.tiktok.com/@metro_tv/video/7678251730466819348,masadr46,johhh,2026-08-28T06:18:54.000Z,0,netral
https://www.tiktok.com/@metro_tv/video/7678251730466819348,edy_lodoyo,kok mendapat laporan terus kapan kerja anda. kapan anda bisa turun lapangan sendiri.,2026-08-28T06:00:49.000Z,0,negatif
https://www.tiktok.com/@metro_tv/video/7678251730466819348,rahmadia_77,padahal aku teriak *jangan* kok gak kedengeran yaa😳,2026-08-28T05:50:25.000Z,0,negatif
https://www.tiktok.com/@metro_tv/video/7678251730466819348,raymagung,gw inget ketika bowo ngelayat ke alm istri sby.. bukanya turut berduka cita malah minta dukungan politik..ya atuh sby marah lah,2026-08-28T05:42:49.000Z,0,negatif
https://www.tiktok.com/@metro_tv/video/7678251730466819348,adinda_1289,"apakah MBG harus dilanjutkan...
tidaaaaaackkkkk 🤣🤣🤣🤣",2026-08-28T05:33:57.000Z,0,negatif
https://www.tiktok.com/@metro_tv/video/7678251730466819348,regress29,"kalo pegang mic langsung ngomong "" SAYA DAPET LAPORAN""",2026-08-29T11:42:55.000Z,0,negatif
https://www.tiktok.com/@metro_tv/video/7678251730466819348,cimil272,"awal pidato pasti , saya dapat laporan , ya kalau laporan nya betul kalau engak",2026-08-29T11:02:06.000Z,0,negatif
https://www.tiktok.com/@metro_tv/video/7678251730466819348,rhidayat669,heran saya klu.pa wowo pidato g jauh dari dpt laporan,2026-08-29T06:14:31.000Z,0,negatif
https://www.tiktok.com/@metro_tv/video/7678251730466819348,gumbugumbu3,ganti Wowo gempa cmn bahas MBG lansia mi SDH..,2026-08-29T11:41:16.000Z,0,negatif
https://www.tiktok.com/@metro_tv/video/7678251730466819348,halahbctdeh,DAPET LAPORAN MULU,2026-08-29T10:39:18.000Z,0,negatif
https://www.tiktok.com/@metro_tv/video/7678251730466819348,ruslanependirusla58,saya dapat laporan saya dapat laporan sampai 5 tahun dia pimpin dapat laporan laporan isinya kosong,2026-08-29T10:39:01.000Z,0,negatif
https://www.tiktok.com/@metro_tv/video/7678251730466819348,iruben4,Lagi kampanye pak,2026-08-29T05:58:03.000Z,0,negatif
https://www.tiktok.com/@metro_tv/video/7678251730466819348,andi_william.sj,saya dapat laporan 😏,2026-08-29T09:08:59.000Z,0,negatif
https://www.tiktok.com/@metro_tv/video/7678251730466819348,kusnadii.93,"kata kata andalan
"" SAYA DAPAT LAPORAN "" 😄😂",2026-08-29T08:39:13.000Z,0,negatif
https://www.tiktok.com/@metro_tv/video/7678251730466819348,m.a.hafidz38,saya dapat laporan,2026-08-29T04:59:16.000Z,0,negatif
https://www.tiktok.com/@metro_tv/video/7678251730466819348,jefriii45,"Apapun yg di laporin dia percaya,.",2026-08-29T07:13:40.000Z,0,negatif
https://www.tiktok.com/@metro_tv/video/7678251730466819348,kangmushstore,"kok ga ada yg di pilm2 ya, ada yg ngintai dr atas gedung gtu 🔭",2026-08-29T04:36:28.000Z,0,negatif
https://www.tiktok.com/@metro_tv/video/7678251730466819348,diky88wahyudi,Saya dapat laporan 😳,2026-08-29T06:39:41.000Z,0,negatif
https://www.tiktok.com/@metro_tv/video/7678251730466819348,yperfectseiha,"intinya, saya dapat laporan",2026-08-29T06:36:16.000Z,0,negatif
https://www.tiktok.com/@metro_tv/video/7678251730466819348,zr7720,"saya dapat laporan
saya dapat laporan
laporan nya selalu bagus bagus dan bagus",2026-08-29T06:35:48.000Z,0,negatif
https://www.tiktok.com/@metro_tv/video/7678251730466819348,anggadolpinoh6,saya dapat laporan mulu setiap pidato😂 5thn presiden kualitas e gini amat,2026-08-28T17:19:39.000Z,0,negatif
https://www.tiktok.com/@metro_tv/video/7678251730466819348,gerrard2968,Dki2 saya dpt laporan,2026-08-28T14:21:46.000Z,0,negatif
https://www.tiktok.com/@metro_tv/video/7678251730466819348,voon70,sebenarnya tujuan presiden ke NTT untuk bahas MBG bukan gempa.,2026-08-29T15:38:35.000Z,0,negatif
https://www.tiktok.com/@metro_tv/video/7678251730466819348,fidmatankelirey,yassalam,2026-08-29T15:09:37.000Z,0,netral
https://www.tiktok.com/@metro_tv/video/7678251730466819348,mimran9193,parah,2026-08-28T22:44:01.000Z,0,negatif
https://www.tiktok.com/@metro_tv/video/7678251730466819348,srebelewww,Bapk Laporan Indonesia 😂😂😂😂😂😂,2026-08-29T05:49:38.000Z,0,negatif
https://www.tiktok.com/@metro_tv/video/7678251730466819348,ek279106,"di lokasi bencana, promosi mbg",2026-08-29T05:19:53.000Z,0,negatif
https://www.tiktok.com/@metro_tv/video/7678251730466819348,flowershoessssssss999,"""saya mendapat laporan.""",2026-08-29T04:48:50.000Z,0,negatif
https://www.tiktok.com/@metro_tv/video/7678251730466819348,prabow0_subianto,Tidak,2026-08-28T19:04:44.000Z,0,netral
https://www.tiktok.com/@metro_tv/video/7678251730466819348,unnamed7982,"ini lagi bencana malah bahas mbg, lah, apa ini kocak",2026-08-28T17:29:51.000Z,0,negatif
https://www.tiktok.com/@metro_tv/video/7678251730466819348,bakul.sapi1922let,Saya dapat laporan😂 kocak,2026-08-29T03:44:05.000Z,0,negatif
https://www.tiktok.com/@metro_tv/video/7678251730466819348,phagen44,dibohongi yang melapor,2026-08-29T03:38:14.000Z,0,negatif
https://www.tiktok.com/@metro_tv/video/7678251730466819348,a_aziz24,aura mass mass kemeja putih gada obat,2026-08-29T03:09:48.000Z,0,netral
https://www.tiktok.com/@metro_tv/video/7678251730466819348,ach.jalaluddinrumy,ciri khas Prabowo..sya dapat laporan ..wwkkwk,2026-08-28T15:48:33.000Z,0,negatif
https://www.tiktok.com/@metro_tv/video/7678251730466819348,imranimran68456,saya dapat laporan terus 🤣🤣🤣🤣🤣🤣,2026-08-29T02:32:33.000Z,0,negatif
https://www.tiktok.com/@metro_tv/video/7678251730466819348,shalom_alehem7,"SELAMATKAN DIRI...
DIA DAPAT LAPORAAAANN",2026-08-28T13:28:30.000Z,0,negatif
https://www.tiktok.com/@metro_tv/video/7678251730466819348,bukantrav_11,"gara gara ""saya dapat laporan"" harga bahan pangan termasuk ayam melonjak drastis, biasa wilayah khusus Medan harga ayam 28-30 RB skrng udh 46 rb🙏",2026-08-29T02:14:45.000Z,0,negatif
https://www.tiktok.com/@metro_tv/video/7678251730466819348,dinaciimoy,laporan mulu,2026-08-29T13:44:51.000Z,0,negatif
https://www.tiktok.com/@metro_tv/video/7678251730466819348,philipngamel,"sumpah, saya mau buat wallpaper saya dengan tulisan saya dapat laporan.!",2026-08-29T13:41:47.000Z,0,negatif
https://www.tiktok.com/@metro_tv/video/7678251730466819348,winarkowijayanti,saya dapat laporan🤣,2026-08-29T13:13:36.000Z,0,negatif
https://www.tiktok.com/@metro_tv/video/7678251730466819348,vianop__,"saya dapat laporan saya dapat laporan, laporan palsu😂",2026-08-29T12:51:50.000Z,0,negatif
https://www.tiktok.com/@metro_tv/video/7678251730466819348,parabellum_0_8,"Pembangunan pendidikan perlu terus menjadi prioritas karena kualitas sumber daya manusia menentukan masa depan Indonesia. Program pemerintah akan semakin berarti jika mampu memperluas akses pendidikan sekaligus meningkatkan kualitas guru, fasilitas sekolah, dan kompetensi peserta didik.",2026-08-29T12:17:01.000Z,0,positif
https://www.tiktok.com/@metro_tv/video/7678251730466819348,syahdanachmed,lagi bencana ngomonginnya MBG 😁,2026-08-29T12:15:02.000Z,0,negatif
https://www.tiktok.com/@metro_tv/video/7678251730466819348,saniamat71,"Ayat yg femes ""Saya Dapat Laporan""",2026-08-29T04:15:51.000Z,0,negatif
https://www.tiktok.com/@metro_tv/video/7678251730466819348,butter2828,Dapet laporan mulu🤣 padahal yg suka ngelapor nya pada jago bikin cerita karangan,2026-08-28T16:52:22.000Z,0,negatif
https://www.tiktok.com/@metro_tv/video/7678251730466819348,apaajabisa044,laporan mulu,2026-08-28T17:35:23.000Z,0,negatif
https://www.tiktok.com/@metro_tv/video/7678251730466819348,ari118002,prasaan laporan mulu.,2026-08-28T17:29:01.000Z,0,negatif
https://www.tiktok.com/@metro_tv/video/7678251730466819348,ahmaddanil420,Sya dpat laporan🤣,2026-08-28T14:49:39.000Z,0,negatif
https://www.tiktok.com/@metro_tv/video/7678251730466819348,aad_adhari1,"saya dapat laporan
saya dapat laporan",2026-08-28T16:34:40.000Z,0,negatif
https://www.tiktok.com/@metro_tv/video/7678251730466819348,paparr25,tebak kalimat kesukaan prabowo,2026-08-28T15:36:40.000Z,0,netral
https://www.tiktok.com/@metro_tv/video/7678251730466819348,ratnawati7750,boʻsen,2026-08-28T15:35:53.000Z,0,netral
https://www.tiktok.com/@metro_tv/video/7678251730466819348,gilberlt,saya dapat laporan😳,2026-08-28T03:54:15.000Z,0,negatif
https://www.tiktok.com/@metro_tv/video/7678251730466819348,uwen6469,"saya dapat laporan lagi👎
mending ""saya akan lawan"" gak si",2026-08-28T15:25:33.000Z,0,negatif
https://www.tiktok.com/@metro_tv/video/7678251730466819348,cubung088,laporan trus,2026-08-30T08:54:14.000Z,0,negatif
https://www.tiktok.com/@metro_tv/video/7678251730466819348,bang_ke771,"kalimat andalan ""SAYA DAPAT LAPORAN""",2026-08-29T05:02:33.000Z,0,negatif
https://www.tiktok.com/@metro_tv/video/7678251730466819348,agusgunawan492,saya dapat laporan,2026-08-29T02:45:32.000Z,0,negatif
https://www.tiktok.com/@metro_tv/video/7678251730466819348,rabiteht05l,laporan lagi,2026-08-28T15:40:23.000Z,0,negatif
https://www.tiktok.com/@metro_tv/video/7678251730466819348,ytrusdcrash,MBG Mas Bahlil ganteng,2026-08-29T16:17:44.000Z,0,netral
https://www.tiktok.com/@metro_tv/video/7678251730466819348,raamon_007,kacauuuu,2026-08-29T15:40:26.000Z,0,negatif
https://www.tiktok.com/@metro_tv/video/7678251730466819348,rujakulek36,😂😂😂😂 Laporan laporan teruss,2026-08-28T17:46:12.000Z,0,negatif
https://www.tiktok.com/@metro_tv/video/7678251730466819348,yuniambarsari1,saya dpt laporan padahal .....,2026-08-28T11:01:00.000Z,0,negatif
https://www.tiktok.com/@metro_tv/video/7678251730466819348,bara161616,SAYA DAPAT LAPORAN,2026-08-28T14:49:00.000Z,0,negatif
https://www.tiktok.com/@metro_tv/video/7678251730466819348,diazputra191,"kata sandi "" saya dapat laporan ""😂",2026-08-28T14:25:46.000Z,0,negatif
https://www.tiktok.com/@metro_tv/video/7678251730466819348,saifulyusuff5,,2026-08-28T14:23:38.000Z,0,netral
https://www.tiktok.com/@metro_tv/video/7678251730466819348,www.tiktok.cumipati,saya dapat laporan terus,2026-08-28T09:30:39.000Z,0,negatif
https://www.tiktok.com/@metro_tv/video/7678251730466819348,bakulmobilsolo,Tombol on off mic dimana min,2026-08-28T13:47:29.000Z,0,negatif
https://www.tiktok.com/@metro_tv/video/7678251730466819348,andikafernanda97,SAYA DAPAT LAPORAN,2026-08-28T13:28:34.000Z,0,negatif
https://www.tiktok.com/@metro_tv/video/7678251730466819348,rianalbaari,"""saya akan lawan vs saya dapet laporan""",2026-08-28T13:21:02.000Z,0,netral
https://www.tiktok.com/@metro_tv/video/7678251730466819348,amin86ld,"beliau terlalu percaya ama bawahannya,, ampe dibohongi pun beliau tetap percaya 😔",2026-08-28T02:31:24.000Z,0,negatif
https://www.tiktok.com/@metro_tv/video/7678251730466819348,budiwira140,,2026-08-28T12:52:47.000Z,0,netral
https://www.tiktok.com/@metro_tv/video/7678251730466819348,posisii17,Mmmmmmm,2026-08-27T21:22:15.000Z,0,netral
https://www.tiktok.com/@metro_tv/video/7678251730466819348,zhenzio.abee0,TEKHNOLOGI MBG OF INDONESIAN🥰,2026-08-29T16:40:43.000Z,0,positif
https://www.tiktok.com/@metro_tv/video/7678251730466819348,sitombuktampahan,saya dapat laporan,2026-08-28T12:26:30.000Z,0,negatif
https://www.tiktok.com/@metro_tv/video/7678251730466819348,dream.house579,apakah saat ada keracunan prabowo tidak dapat laporan?,2026-08-27T19:41:03.000Z,0,negatif
https://www.tiktok.com/@metro_tv/video/7678251730466819348,jgdkyd694694,"kata seterusnya, saya dapat laporan , tapi laporan palsu yang membanggakan.",2026-08-28T12:19:16.000Z,0,negatif
https://www.tiktok.com/@metro_tv/video/7678251730466819348,fitrahdwi12,Saya dapat laporan,2026-08-28T11:55:58.000Z,0,negatif
https://www.tiktok.com/@metro_tv/video/7678251730466819348,akun_dolanan83,"ngalor ngidul ngetan ngulon, sg diomong MBG ae, ra ono tema liyo taa, isine SAYA DAPAT LAPORAN, padahal diapusi anak buahe ra njowo",2026-08-26T08:31:39.000Z,1,negatif
https://www.tiktok.com/@metro_tv/video/7678251730466819348,sunthreeakhirzaman7,Apa hubungannya bencana dengan Em be ge ..ngawur..,2026-08-29T11:48:58.000Z,0,negatif
https://www.tiktok.com/@metro_tv/video/7678251730466819348,dian.hp88,orangnya suka dipuji ahirnya lupa diri kalo itu semua hanya laporan palsu,2026-08-29T12:08:36.000Z,0,negatif
https://www.tiktok.com/@metro_tv/video/7678251730466819348,sonya2364iuhryeh,"aku rasa kalo di bilang rakyat jadi anj semuanya dia pasti pidato., saya dapat laporan rakyat jadi anj semuaa",2026-08-27T04:29:17.000Z,1,negatif
https://www.tiktok.com/@metro_tv/video/7678251730466819348,lukmantouyen,Jiji,2026-08-29T12:54:39.000Z,0,negatif
https://www.tiktok.com/@metro_tv/video/7678251730466819348,bintangsaripudin,presiden mbg,2026-08-29T13:13:42.000Z,0,netral
https://www.tiktok.com/@metro_tv/video/7678251730466819348,bisyrulhafiy,Mbg yg ini kan,2026-08-27T05:14:27.000Z,1,netral
https://www.tiktok.com/@metro_tv/video/7678251730466819348,indraindra63672,solusinya mbg🤣🤣,2026-09-01T23:25:40.000Z,0,negatif
https://www.tiktok.com/@metro_tv/video/7678251730466819348,ratuyuniarsusanna,"presiden kok bisa nya laporan terus , lihat sendiri pak ke masyarakat .. gimana tuh MBG ..anak2 pada keracunan ..bupatinya punya dapur kali y pak ..jadi MBG manfaat katanya .🫢 nyatanya tidaaaak",2026-09-07T00:02:08.000Z,0,negatif
https://www.tiktok.com/@metro_tv/video/7678251730466819348,hengkys30,mie tiau enak tu pak wkwwk,2026-08-29T14:58:51.000Z,0,netral
https://www.tiktok.com/@metro_tv/video/7678251730466819348,love_half,"Soeharto membuangnya
Habibie memecatnya
Bu Titiek menceraikan nya😳
Kalian & Mulyono malah memilihnya, 😂😂😂",2026-08-29T18:38:40.000Z,0,negatif
https://www.tiktok.com/@metro_tv/video/7678251730466819348,kngalekk,bosen mendengan sayh dapt laporan tapi laporan nyh tai kabeh😄,2026-08-29T19:15:25.000Z,0,negatif
https://www.tiktok.com/@metro_tv/video/7678251730466819348,gesertimur,Setalah di jilat jadi la laporan mbg,2026-08-30T01:37:29.000Z,0,negatif
https://www.tiktok.com/@metro_tv/video/7678251730466819348,choker2833,"saya dapat laporan gara gara program tai banyak yg di larikan ke rumah sakit,,,karna keracunan,,",2026-09-07T04:08:49.000Z,0,negatif
https://www.tiktok.com/@metro_tv/video/7678251730466819348,puputrkh,manusia ini tidak mampu memimpin bangsa ini. TURUNN,2026-08-30T04:59:32.000Z,0,negatif
https://www.tiktok.com/@metro_tv/video/7678251730466819348,user620926774,laporan 122222 pret,2026-08-30T05:57:37.000Z,0,negatif
https://www.tiktok.com/@metro_tv/video/7678251730466819348,sapebaelawane,laporan yg bapak terima itu ..cuma laporan yg bikin bapak senang...tau GK kata nak balita yg di beliin Mainan biar GK nangis,2026-08-30T06:44:44.000Z,0,negatif
https://www.tiktok.com/@metro_tv/video/7678251730466819348,rifkiariantoputra,saya dapat laporan mlu baru yg lapor bangsad semua,2026-09-09T09:34:59.000Z,0,negatif
https://www.tiktok.com/@metro_tv/video/7678251730466819348,nuarlyn,saya dapat laporan 😂,2026-08-29T10:31:44.000Z,0,negatif
https://www.tiktok.com/@metro_tv/video/7678251730466819348,wansosok,"bahkan turun langsung ke lokasi warga masih saja dapat laporan,,aduhhhh",2026-08-29T04:56:54.000Z,0,negatif
https://www.tiktok.com/@metro_tv/video/7678251730466819348,ikhie_93,yg penting laporan,2026-08-29T06:29:25.000Z,0,negatif
https://www.tiktok.com/@metro_tv/video/7678251730466819348,1305_ansararif,ini katanya MBG yg mengurangi kdrt??? apa bener itu??,2026-08-29T12:53:55.000Z,0,netral
https://www.tiktok.com/@metro_tv/video/7678251730466819348,bayu.randha,saya dpat laporan.😂😂,2026-08-28T15:26:01.000Z,0,negatif
https://www.tiktok.com/@metro_tv/video/7678251730466819348,redygolanz,Sikit2 dapat laporan,2026-08-28T18:20:11.000Z,0,negatif
https://www.tiktok.com/@metro_tv/video/7678251730466819348,trisputranto,Karepmulah Wo..... ! 😂,2026-08-28T12:13:02.000Z,0,negatif
https://www.tiktok.com/@metro_tv/video/7678251730466819348,asrimuhamad02,"kenapa gakk cari tau sendiri, pengennya dapet laporan mulu😂",2026-08-28T10:46:02.000Z,0,negatif
https://www.tiktok.com/@metro_tv/video/7678251730466819348,chim_nda,jancukkk MBG ae sing di bahas,2026-08-28T10:21:57.000Z,0,negatif
https://www.tiktok.com/@metro_tv/video/7678251730466819348,seaworld_123,"Dimana Berbicara SELALU MBG ..
Sudah banyak yg Bosan .. itu itu ke itu aja ..",2026-08-28T07:59:26.000Z,0,negatif
https://www.tiktok.com/@metro_tv/video/7678251730466819348,thmariaistiyani,"""terserah lu wo""",2026-08-28T05:24:02.000Z,0,negatif
https://www.tiktok.com/@metro_tv/video/7678251730466819348,atephendaya,di depan korban bencana malah bahas mbg presiden gini amat bangga banggain program sendiri,2026-08-28T00:57:06.000Z,0,negatif
https://www.tiktok.com/@metro_tv/video/7678251730466819348,call.me_banana,yg bawah tukang boong yg atas suka diboongin🤣🤣🤣,2026-08-28T00:35:03.000Z,0,negatif
https://www.tiktok.com/@metro_tv/video/7678251730466819348,ifanz5,Mbg aja terus....,2026-08-27T22:56:47.000Z,0,negatif
https://www.tiktok.com/@metro_tv/video/7678251730466819348,bg.sianturi7,akkh sudahlah😂😂😂 bupati ya pasti punya mbgeh😁,2026-08-27T20:51:14.000Z,0,negatif
https://www.tiktok.com/@metro_tv/video/7678251730466819348,tomat0865,"saya dapat laporan ..
gedikuo tok wo",2026-08-27T19:02:58.000Z,0,negatif
https://www.tiktok.com/@metro_tv/video/7678251730466819348,andiriadi331,"kerja ngapa,terima laporan mulu",2026-08-27T16:36:48.000Z,0,negatif
https://www.tiktok.com/@metro_tv/video/7678251730466819348,loysradho,stop mbg,2026-08-26T12:50:07.000Z,1,netral
https://www.tiktok.com/@metro_tv/video/7678251730466819348,bang.latip2,@Hendra_judika @394 SH3V4 @🇮🇩 GEMA NEGERI NEWS🇮🇩,2026-08-26T11:11:58.000Z,1,netral
https://www.tiktok.com/@metro_tv/video/7678251730466819348,pahrulpyxzy,@firdauss,2026-08-30T13:01:01.000Z,2,netral
https://www.tiktok.com/@metro_tv/video/7678251730466819348,topansinab,"bupatinya bilang gitu krn punya dapur
😅😅😅",2026-08-27T00:52:14.000Z,1,negatif
https://www.tiktok.com/@metro_tv/video/7678251730466819348,atranscarentalbali,,2026-08-28T07:15:04.000Z,0,netral
https://www.tiktok.com/@metro_tv/video/7678251730466819348,wufficantip,Saya dapet laporan,2026-08-28T16:35:40.000Z,0,negatif
https://www.tiktok.com/@metro_tv/video/7678251730466819348,ryofrans18,loe tanya loe jawab sekarang mu lah,2026-09-01T11:01:57.000Z,1,netral
https://www.tiktok.com/@metro_tv/video/7678251730466819348,mskayy.com,"dari 1 sampai 7
presiden paling parah bobroknya....
padahal negara ini baru umu 81...",2026-08-28T15:26:30.000Z,0,negatif
https://www.tiktok.com/@metro_tv/video/7678251730466819348,nananannn9,"""saya dapat laporan""..😂
template ampas",2026-09-01T08:53:44.000Z,0,negatif
https://www.tiktok.com/@metro_tv/video/7678251730466819348,_joebe,tak ada ucapan lain ya selain mbg,2026-08-28T16:57:47.000Z,0,negatif
https://www.tiktok.com/@metro_tv/video/7678251730466819348,erdn_____,presiden spek customer service,2026-08-30T17:28:03.000Z,0,negatif
https://www.tiktok.com/@metro_tv/video/7678251730466819348,adamai07,atur seplenger mungkin wok,2026-08-26T15:39:47.000Z,1,negatif
https://www.tiktok.com/@metro_tv/video/7678251730466819348,dewithfauzian,,2026-08-30T18:33:23.000Z,0,netral
https://www.tiktok.com/@metro_tv/video/7678251730466819348,paijondarjo,dmn2 pidato mbg trs 🤬🤬🤬,2026-08-28T18:17:30.000Z,0,negatif
https://www.tiktok.com/@metro_tv/video/7678251730466819348,kaila085743518997,saya dapat laporan taik,2026-08-28T22:03:02.000Z,0,negatif
https://www.tiktok.com/@metro_tv/video/7678251730466819348,hay18871,Laporan anjjj,2026-08-29T03:29:46.000Z,0,negatif
https://www.tiktok.com/@metro_tv/video/7678251730466819348,jai0526,MBG (Makanan Buat Gempa),2026-09-01T12:12:43.000Z,0,negatif
https://www.tiktok.com/@metro_tv/video/7678251730466819348,mandorsutris122,"kena musibah gempa bumi,tetap saja yg di bahas MBG presiden model apaan",2026-08-29T05:35:01.000Z,0,negatif
https://www.tiktok.com/@metro_tv/video/7678251730466819348,ovieltempoe,"enak jadi anak buah si wowo ini, tiduran aja dirumah tinggal mikir alasan yg mu dilapor nanti, udah gitu aja",2026-08-31T00:44:31.000Z,0,negatif
https://www.tiktok.com/@metro_tv/video/7678251730466819348,taraihh,ajg banget,2026-08-29T08:26:32.000Z,0,negatif
https://www.tiktok.com/@metro_tv/video/7678251730466819348,amenk12,"SAYA DAPAT LAPORAN MULU, SITU PRESIDEN APA COSTUMER SERVICE 🗿",2026-08-29T10:17:04.000Z,0,negatif
https://www.tiktok.com/@metro_tv/video/7678251730466819348,bobobo..00,saya dapat laporan mulu ajg,2026-08-31T02:23:02.000Z,0,negatif
https://www.tiktok.com/@metro_tv/video/7678251730466819348,rendijerfatin,Call centre,2026-08-29T10:49:28.000Z,0,netral
https://www.tiktok.com/@metro_tv/video/7678251730466819348,iqbalterate1922,ini orang gampang banget di kibulin para mentrinya,2026-08-29T11:34:14.000Z,0,negatif
https://www.tiktok.com/@metro_tv/video/7678251730466819348,parfume_zeyn,Hari” dapat laporan gak punya sosial media kah wo,2026-09-06T12:08:40.000Z,0,negatif
https://www.tiktok.com/@metro_tv/video/7678251730466819348,sangkelana489,SAYA DAPAT LAPORAN... SAYA DAPAT LAPORAN... SAYA DAPAT LAPORAN 🤣🤣🤣🤣🤣,2026-09-13T15:58:31.000Z,0,negatif
https://www.tiktok.com/@metro_tv/video/7678251730466819348,apeto396,😂,2026-08-27T20:24:34.000Z,0,negatif
https://www.tiktok.com/@metro_tv/video/7678251730466819348,suhaeli28.06.21,😂😂😂,2026-08-28T00:52:35.000Z,0,negatif
https://www.tiktok.com/@metro_tv/video/7678251730466819348,macan_krapa,😅🤣🤣,2026-08-30T04:56:30.000Z,0,negatif
https://www.tiktok.com/@metro_tv/video/7678251730466819348,mrsarpiansyah,🤦🏻‍♀️🤦🏻‍♀️🤦🏻‍♀️,2026-08-28T12:55:28.000Z,0,negatif
https://www.tiktok.com/@metro_tv/video/7678251730466819348,mas.iki476,🤣🤣🤣,2026-08-28T19:04:24.000Z,0,negatif
https://www.tiktok.com/@metro_tv/video/7678251730466819348,jadul236,"laporan dr bupati ,sedangkan laporanya palsu",2026-08-28T10:09:16.000Z,0,negatif
https://www.tiktok.com/@metro_tv/video/7678251730466819348,frazetyojaguar,astaghfirullah kok slalu modal laporan terus....coba terjun lngsung,2026-08-28T01:03:24.000Z,0,negatif
https://www.tiktok.com/@metro_tv/video/7678251730466819348,candrahtr,laporan,2026-08-28T10:47:30.000Z,0,negatif
https://www.tiktok.com/@metro_tv/video/7678251730466819348,jefriantotampubolon,saya dapat laporan core🗿,2026-08-28T12:47:19.000Z,0,negatif
https://www.tiktok.com/@metro_tv/video/7678251730466819348,horuslupercalll15,"MBG melulu yang di bahas, orang lagi kena musibah itu wok",2026-08-28T02:12:40.000Z,0,negatif
https://www.tiktok.com/@metro_tv/video/7678251730466819348,r2nchannel5,saya dapet laporan sempak saya bolong,2026-08-29T09:11:15.000Z,0,negatif
https://www.tiktok.com/@metro_tv/video/7678251730466819348,vito_cun,dapat laporan terus,2026-08-29T04:45:07.000Z,0,negatif
https://www.tiktok.com/@metro_tv/video/7678251730466819348,latuap029,,2026-08-29T03:18:43.000Z,0,netral
https://www.tiktok.com/@metro_tv/video/7678251730466819348,upe_aja,"pertanyaan nya ""mau MBG atau tidak"" 1000% orang akan jawab MAU!!! coba tanya ""mau mbg atau infrastruktur di perbaiki""..
"" mau MBG atau bapak² ibu saya beri pekerjaan yg layak""
""mau MBG atau gedung sekolah yg hampir roboh di perbaiki""
""mau MBG atau perbaikan rumah bencana""
""mau MBG atau di jadikan uang masak untuk orang tua""",2026-08-28T07:31:00.000Z,0,netral
https://www.tiktok.com/@metro_tv/video/7678251730466819348,kristantoformula,aduuuh kok MBG...????,2026-08-28T04:15:52.000Z,0,negatif
https://www.tiktok.com/@metro_tv/video/7678251730466819348,wongalim016,dapet laporan tarus kapan dia tau sendiri yh presiden terlucu sepajang sejarah...😂,2026-08-31T16:11:24.000Z,0,negatif
https://www.tiktok.com/@metro_tv/video/7678251730466819348,rinszzz234,"Nyesal anying milih dia 😭
Stiap pidato ada trus kontrovesinya",2026-08-28T08:04:43.000Z,0,negatif
https://www.tiktok.com/@metro_tv/video/7678251730466819348,sentanujr,"yg ngasih laporan ke dia siapa cookkk,sebut dong cooookkkk😭",2026-08-28T09:25:25.000Z,0,negatif
https://www.tiktok.com/@metro_tv/video/7678251730466819348,nasilemak270,kelebihan Indonesia sekarang cuma MBG DAN SAWIY,2026-09-01T00:07:54.000Z,0,negatif
https://www.tiktok.com/@metro_tv/video/7678251730466819348,weda494,Mbg aj trus,2026-09-01T01:30:35.000Z,0,negatif
https://www.tiktok.com/@metro_tv/video/7678251730466819348,septianaprtm,bencana selama presiden menjabat,2026-08-29T03:31:36.000Z,1,negatif
https://www.tiktok.com/@metro_tv/video/7678251730466819348,nakeh87,saya dpt laporan anjing,2026-08-28T12:22:41.000Z,0,negatif
https://www.tiktok.com/@metro_tv/video/7678251730466819348,effriiii,siyi dipit lipirin,2026-08-26T10:48:29.000Z,1,negatif
https://www.tiktok.com/@metro_tv/video/7678251730466819348,mas.kumis407,"PRESIDEN KO CUMAN NUNGGU LAPORAN KAN LAPORAN BELUM TENTU BENER, ASAL BAPAK SENANG ITUKAN BISA AJA",2026-08-28T12:30:10.000Z,0,negatif
https://www.tiktok.com/@metro_tv/video/7678251730466819348,pakkumispakkum843,pidato ko laporan melulu bosan amat wo,2026-08-28T12:46:36.000Z,0,negatif
https://www.tiktok.com/@metro_tv/video/7678251730466819348,claudyarinita,satu²nya didunia ini. presiden jual nasi ke rakyat,2026-08-30T06:33:25.000Z,1,negatif
https://www.tiktok.com/@metro_tv/video/7678251730466819348,merhabahaba_,"Sangking gila pujian, kalau bisa dia suruh sujud semua orang di kaki dia.",2026-08-28T13:08:38.000Z,0,negatif
https://www.tiktok.com/@metro_tv/video/7678251730466819348,prabu21umbara,MUAK LAPORAN muluk.. KERJA nya apa sih PRABOWO... cuma nyanpein LAPORAN muluk,2026-09-05T15:28:26.000Z,0,negatif
https://www.tiktok.com/@metro_tv/video/7678251730466819348,kettupatsayurr,"ini bukan presiden, tapi ceo mbg",2026-08-26T11:26:25.000Z,1,negatif
https://www.tiktok.com/@metro_tv/video/7678251730466819348,ambigu_13,saya dapet laporan. kata2 mutiara pemimpin kaum 58%,2026-08-30T14:31:20.000Z,0,negatif
https://www.tiktok.com/@metro_tv/video/7678251730466819348,wongmalang004,coba yg lapor itu yg ga mau MBG di tanggapi apa nggak giliran yg lapor suka MBG pasti di langsung di omongkan sama wowo,2026-08-28T12:20:53.000Z,0,negatif
https://www.tiktok.com/@metro_tv/video/7678251730466819348,user491051734,yg teriak bawahannya jg yg punya dapur MBG,2026-08-28T07:08:20.000Z,0,negatif
https://www.tiktok.com/@metro_tv/video/7678251730466819348,fauzipeyex,😂😂😂😂😂😂,2026-08-29T11:25:52.000Z,0,negatif
https://www.tiktok.com/@metro_tv/video/7678251730466819348,hotel_rahayusarangan,🤣🤣🤣🤣🤣,2026-08-31T02:43:58.000Z,0,negatif
https://www.tiktok.com/@metro_tv/video/7678251730466819348,ashyfa.aprilia,😁,2026-09-10T12:36:21.000Z,0,negatif
https://www.tiktok.com/@metro_tv/video/7678251730466819348,herbsjunior,"Kakeknya (Benjamin Thomas Sigar) menangkap Pangeran Diponegoro, ayahnya (Sumitro Djojohadikusumo) pemberontak Permesta, dan dirinya (Prabowo Subianto) sendiri pelanggar HAM karena menangkap para aktivis.",2026-09-12T13:56:17.000Z,0,negatif
https://www.tiktok.com/@metro_tv/video/7678251730466819348,ownonono0,"Kata-kata yang keluar :
1. Saya mendapatkan laporan
2. Kita akan
3. Kita Harus
4. Kita Negara Besar
5. MBG
6. KOPDES
7. Saya terkejut
8. Kekayaan kita bocor
Dst......",2026-08-29T00:58:23.000Z,0,negatif
https://www.tiktok.com/@metro_tv/video/7678251730466819348,garajuen,laporan laporan ke laporan,2026-08-28T17:20:57.000Z,0,negatif
https://www.tiktok.com/@metro_tv/video/7678251730466819348,rasend_mama_papa,saya dapat laporan,2026-08-28T02:14:42.000Z,0,negatif
https://www.tiktok.com/@metro_tv/video/7678251730466819348,__hahahihi,,2026-08-28T01:43:00.000Z,0,netral
https://www.tiktok.com/@metro_tv/video/7678251730466819348,novaprime007,Saya dapat laporan 🗿,2026-08-26T18:09:38.000Z,0,negatif
https://www.tiktok.com/@metro_tv/video/7678251730466819348,mikkisoe,Ini serius?hah?,2026-08-26T18:03:42.000Z,0,negatif
https://www.tiktok.com/@metro_tv/video/7678251730466819348,effervescent99999,mbg sawit mbg sawit 😹,2026-08-26T18:01:50.000Z,0,negatif
https://www.tiktok.com/@metro_tv/video/7678251730466819348,andognr,😂😂😂,2026-08-27T00:05:24.000Z,0,negatif
https://www.tiktok.com/@metro_tv/video/7678251730466819348,apeng762,"""saya dapat laporan""
""saya resmikan""",2026-08-27T00:00:01.000Z,0,negatif
https://www.tiktok.com/@metro_tv/video/7678251730466819348,claresta715,"gak ketinggalan kalimat saktinya....
""Saya Dapat Laporan.......""",2026-08-27T00:00:55.000Z,0,negatif
https://www.tiktok.com/@metro_tv/video/7678251730466819348,balieastside,dimana - mana MBG.,2026-08-27T00:01:43.000Z,0,negatif
https://www.tiktok.com/@metro_tv/video/7678251730466819348,tokketuak,"kenapa slalu bilng dapat laporan,,",2026-08-27T00:01:44.000Z,0,negatif
https://www.tiktok.com/@metro_tv/video/7678251730466819348,hendrabkl826,"tolong lah simpati nya wo masih sempat""nya berpolitik di suasana duka.🗿🗿
warga nya juga manut Bae di suruh jawab.🫩",2026-08-27T00:02:33.000Z,0,negatif
https://www.tiktok.com/@metro_tv/video/7678251730466819348,2keong94,"saya dapat laporan trus..
melum pernah saya dengar meresmikan 😁",2026-08-27T00:03:05.000Z,0,negatif
https://www.tiktok.com/@metro_tv/video/7678251730466819348,kimsabu26,Kalau udah “saya dapat laporan” mending skip aja udah,2026-08-27T00:03:07.000Z,0,negatif
https://www.tiktok.com/@metro_tv/video/7678251730466819348,fenkei_,apa perlu kita protes ke pejabat yang melaporkan laporan palsu???,2026-08-27T00:04:02.000Z,0,negatif
https://www.tiktok.com/@metro_tv/video/7678251730466819348,96shanks,Laporan palsu,2026-08-27T00:07:39.000Z,0,negatif
https://www.tiktok.com/@metro_tv/video/7678251730466819348,catnipsaltj,validasi adalah hal yg utama 😁,2026-08-27T00:07:44.000Z,0,negatif
https://www.tiktok.com/@metro_tv/video/7678251730466819348,ekirahmansyah,dapet laporan mulu lu ah..,2026-08-27T00:07:48.000Z,0,negatif
https://www.tiktok.com/@metro_tv/video/7678251730466819348,neukgampong,Hoax lagi dapat laporan,2026-08-27T00:08:26.000Z,0,negatif
https://www.tiktok.com/@metro_tv/video/7678251730466819348,sir.dandii,haaaaaaaaaaahh,2026-08-27T00:13:41.000Z,0,negatif
https://www.tiktok.com/@metro_tv/video/7678251730466819348,uje_nomleni99,"betul pak, kami Di NTT khusus Flores, dibantu dengan adanya MBG,",2026-08-27T00:14:36.000Z,0,positif
https://www.tiktok.com/@metro_tv/video/7678251730466819348,badjuju99,Menara Gading,2026-08-27T00:15:39.000Z,0,netral
https://www.tiktok.com/@metro_tv/video/7678251730466819348,derivr46,Saya dapat laporan,2026-08-26T23:51:14.000Z,0,negatif
https://www.tiktok.com/@metro_tv/video/7678251730466819348,sebutirnasiputih12,Saya dapat laporan 😭😭😭,2026-08-26T23:45:51.000Z,0,negatif
https://www.tiktok.com/@metro_tv/video/7678251730466819348,444_m.p,say dpt laporan ini dr sps?,2026-08-26T23:46:03.000Z,0,netral
https://www.tiktok.com/@metro_tv/video/7678251730466819348,nvsmgn,Ente kebanyakan nerima laporan doang,2026-08-26T23:46:10.000Z,0,negatif
https://www.tiktok.com/@metro_tv/video/7678251730466819348,herr6727,presiden suka pujian,2026-08-26T23:46:52.000Z,0,negatif
https://www.tiktok.com/@metro_tv/video/7678251730466819348,raden.ms.tumenggung,latahnya;saya dapat laporan,2026-08-26T23:49:31.000Z,0,negatif
https://www.tiktok.com/@metro_tv/video/7678251730466819348,mcti.mat.cuenk.ti,saya dpt laporan,2026-08-26T23:50:39.000Z,0,negatif
https://www.tiktok.com/@metro_tv/video/7678251730466819348,alfrhedhokoanak,dapat laporan trs😂,2026-08-26T23:53:17.000Z,0,negatif
https://www.tiktok.com/@metro_tv/video/7678251730466819348,javachipfrapuccino,"Dia dulu paling suka kritik budaya ABS “ asal bapak senang “ dengan laporan anak buah yang menyesatkan, sekarang dia sendiri gitu wkwkwk",2026-08-26T23:53:42.000Z,0,negatif
https://www.tiktok.com/@metro_tv/video/7678251730466819348,winermela18,laporan ngibul pun di percaya,2026-08-26T23:54:31.000Z,0,negatif
https://www.tiktok.com/@metro_tv/video/7678251730466819348,bukan_superhero9,dapat laporan LG ni,2026-08-26T23:55:14.000Z,0,negatif
https://www.tiktok.com/@metro_tv/video/7678251730466819348,jacksparoow3990,"di mana"" tempat saya dapat laporan....bosen dengernya",2026-08-26T17:10:57.000Z,0,negatif
https://www.tiktok.com/@metro_tv/video/7678251730466819348,hanso9007,emang selain dapat laporan gak ada lagi sumber informasi yg bisa di terima oleh seorang presiden kah,2026-08-27T00:20:22.000Z,0,negatif
https://www.tiktok.com/@metro_tv/video/7678251730466819348,kinco182,saya dapat laporan,2026-08-27T00:39:35.000Z,0,negatif
https://www.tiktok.com/@metro_tv/video/7678251730466819348,raharjo058,sayadapatlaporanpembahasanmbglagi,2026-08-27T00:34:01.000Z,0,negatif
https://www.tiktok.com/@metro_tv/video/7678251730466819348,kyzacdrop,saya dapat laporan,2026-08-27T00:35:17.000Z,0,negatif
https://www.tiktok.com/@metro_tv/video/7678251730466819348,user399462125,sadar sadar,2026-08-27T00:35:37.000Z,0,negatif
https://www.tiktok.com/@metro_tv/video/7678251730466819348,abrahamfahlevi,aku jg dapet laporan,2026-08-27T00:36:48.000Z,0,negatif
https://www.tiktok.com/@metro_tv/video/7678251730466819348,afends2,laporan laporan udh gua mau mandi,2026-08-27T00:37:33.000Z,0,netral
https://www.tiktok.com/@metro_tv/video/7678251730466819348,goodmoodgoodmood7,"prabowo prabowo, gokil abis",2026-08-27T00:38:25.000Z,0,negatif
https://www.tiktok.com/@metro_tv/video/7678251730466819348,tio_hanz,"""SAYA DAPAT LAPORAN""",2026-08-27T00:38:32.000Z,0,negatif
https://www.tiktok.com/@metro_tv/video/7678251730466819348,charaphernalia,ya allah astagfirullah benerann gak abis pikirr😭,2026-08-27T00:39:18.000Z,0,negatif
https://www.tiktok.com/@metro_tv/video/7678251730466819348,okta.apriansyah_12,oyy presiden wong tuh butuh bantuan masih yg dibahas mbg tau taii,2026-08-27T00:33:13.000Z,0,negatif
https://www.tiktok.com/@metro_tv/video/7678251730466819348,fwahyudii,saya dapat laporan,2026-08-27T00:39:35.000Z,0,negatif
https://www.tiktok.com/@metro_tv/video/7678251730466819348,rizcky_wazowski,packk 🗿🗿🗿,2026-08-27T00:40:45.000Z,0,negatif
https://www.tiktok.com/@metro_tv/video/7678251730466819348,drarksistem08,presiden paling kocak orang berduka mala bahas mbg,2026-08-27T00:41:04.000Z,0,negatif
https://www.tiktok.com/@metro_tv/video/7678251730466819348,budy.saja6,dapat laporan lagi 🤣🤣,2026-08-27T00:42:45.000Z,0,negatif
https://www.tiktok.com/@metro_tv/video/7678251730466819348,danangpratopo80,saya dapat laporan.. enek gua!!!,2026-08-27T00:43:16.000Z,0,negatif
https://www.tiktok.com/@metro_tv/video/7678251730466819348,lionellewis03,kapan sih orang ini lengser...,2026-08-27T00:44:12.000Z,0,negatif
https://www.tiktok.com/@metro_tv/video/7678251730466819348,wantorewog345,haha mbg maning mbg maning😂,2026-08-27T00:45:01.000Z,0,negatif
https://www.tiktok.com/@metro_tv/video/7678251730466819348,mutiya_gypsum,"beliau berpidato selalu mengedepankan MBG yg sangat bermanfaat untuk alam semesta, smoga pak prabowo mendengarkan apa yg bilau pidatokan",2026-08-26T23:52:47.000Z,0,negatif
https://www.tiktok.com/@metro_tv/video/7678251730466819348,imaginne14,laporan mulu gak perna terjun kelapangan sendiri kocak😜😜😜,2026-08-26T23:56:57.000Z,0,negatif
https://www.tiktok.com/@metro_tv/video/7678251730466819348,zach_efron0,"saya dapat laporan kalo biji saya tinggal satu,,.mau liat apa enggak????",2026-08-27T00:27:21.000Z,0,negatif
https://www.tiktok.com/@metro_tv/video/7678251730466819348,sijuki02,🗿🗿🗿🗿 Wowo MBG” mulu yg di omongggin parah🗿🗿🗿,2026-08-27T00:29:16.000Z,0,negatif
https://www.tiktok.com/@metro_tv/video/7678251730466819348,eccha_olifier,Apapun masalahnya MBG solusinya,2026-08-27T00:30:51.000Z,0,negatif
https://www.tiktok.com/@metro_tv/video/7678251730466819348,eryzulakbar,laporan melulu,2026-08-27T00:31:50.000Z,0,negatif
https://www.tiktok.com/@metro_tv/video/7678251730466819348,sfenopalatina,lagi lagi saya dapat laporan,2026-08-27T00:32:54.000Z,0,negatif
https://www.tiktok.com/@metro_tv/video/7678251730466819348,yudi_moque,"Masi aja pake kalimat mutiara, Saya dapat laporan.. dah tau kan efeknya kalimat itu?",2026-08-27T00:33:00.000Z,0,negatif
https://www.tiktok.com/@metro_tv/video/7678251730466819348,andi.aso53,presiden laporan 🤣🤣🤣,2026-08-27T00:27:06.000Z,0,negatif
https://www.tiktok.com/@metro_tv/video/7678251730466819348,nurdionodwi,lapor jendral laporan selesai,2026-08-26T23:45:20.000Z,0,negatif
https://www.tiktok.com/@metro_tv/video/7678251730466819348,diyant093,tidak usah di teruskan,2026-08-27T00:25:23.000Z,0,negatif
https://www.tiktok.com/@metro_tv/video/7678251730466819348,diyant093,bohonggg,2026-08-27T00:25:09.000Z,0,negatif
https://www.tiktok.com/@metro_tv/video/7678251730466819348,diyant093,saya dapat laporan,2026-08-27T00:24:57.000Z,0,negatif
https://www.tiktok.com/@metro_tv/video/7678251730466819348,tonnylaunght,"saya dapat laporan
laporan rakyat mana ??",2026-08-27T00:24:44.000Z,0,negatif
https://www.tiktok.com/@metro_tv/video/7678251730466819348,henrironyamtoho,"upssss bupati nya berapa bayak itu uang dari situ,,,pokok nya di kabupaten,kecamatan,desa,MBG dam kopdes itu lahan korupsi merka 🤣🤣🤣",2026-08-27T00:24:32.000Z,0,negatif
https://www.tiktok.com/@metro_tv/video/7678251730466819348,alexandero080,"Bupati dan Gubernur 11 ,12 pak,,tambah lagi Bapak terima laporan trs setiap pidato,,
lapaoran aj trs pak,,kow Bapa percya btl dgn laporan2 ini",2026-08-27T00:24:28.000Z,0,negatif
https://www.tiktok.com/@metro_tv/video/7678251730466819348,otnan95,"dimana prabowo pidato pasti ada ""Saya dapat laporan"".🤣",2026-08-27T00:21:07.000Z,0,negatif
https://www.tiktok.com/@metro_tv/video/7678251730466819348,aditya07278331,saya dapat laporan selalu tidak ketinggalan 🤣,2026-08-27T00:20:47.000Z,0,negatif
https://www.tiktok.com/@metro_tv/video/7678251730466819348,saputraadirizal03,mbggggggggg tross,2026-08-27T00:19:37.000Z,0,negatif
https://www.tiktok.com/@metro_tv/video/7678251730466819348,jarwoyes01,merasakan aroma kuat kuropsi di MBG,2026-08-27T00:17:35.000Z,0,negatif
https://www.tiktok.com/@metro_tv/video/7678251730466819348,therealgrandmax,saya dapat laporan saya dapat lapora 🤣,2026-08-26T22:58:23.000Z,0,negatif
https://www.tiktok.com/@metro_tv/video/7678251730466819348,tamyiez.shidqi,kerjaan cuma saya dapat laporan klo ga habis2 duit anggaran berasa duit dia pribadi,2026-08-26T22:52:31.000Z,0,negatif
https://www.tiktok.com/@metro_tv/video/7678251730466819348,senangbangetlooo,saya dapat laporan 🤣🤣🤣🤣🤣,2026-08-26T22:52:44.000Z,0,negatif
https://www.tiktok.com/@metro_tv/video/7678251730466819348,kaniahumaira_8620,"apapun dan dimanapun
pidatonya tetap mbg",2026-08-26T22:53:46.000Z,0,negatif
https://www.tiktok.com/@metro_tv/video/7678251730466819348,_mantanketua_,MBG teroooosssssssss,2026-08-26T22:54:57.000Z,0,negatif
https://www.tiktok.com/@metro_tv/video/7678251730466819348,fourshos,aduh mute aja mic dia ah,2026-08-26T22:56:44.000Z,0,negatif
https://www.tiktok.com/@metro_tv/video/7678251730466819348,ukijulaydi1,saya dapat laporan😂,2026-08-26T22:50:01.000Z,0,negatif
https://www.tiktok.com/@metro_tv/video/7678251730466819348,nsmfour,🤣🤣🤣🤣lawak,2026-08-26T22:40:30.000Z,0,negatif
https://www.tiktok.com/@metro_tv/video/7678251730466819348,hajifirman_,ngadeluk nu dibahas teh embege samah,2026-08-26T22:41:09.000Z,0,negatif
https://www.tiktok.com/@metro_tv/video/7678251730466819348,asdaggara23,MBG ta MBG kwkwkwkwk ngakak 😂,2026-08-26T22:41:09.000Z,0,negatif
https://www.tiktok.com/@metro_tv/video/7678251730466819348,maungbogor7,"DAPAT LAPORAN....ditipu terus oleh anak buahnya, Prabowo ini nggak kapok kapok...",2026-08-26T22:43:04.000Z,0,negatif
https://www.tiktok.com/@metro_tv/video/7678251730466819348,amirragil6,"@Metro TV 𝚞𝚍𝚊𝚑 𝚐𝚊 𝚙𝚎𝚛𝚕𝚞 𝚊𝚌𝚊𝚛𝚊 𝚜𝚝𝚊𝚗𝚍 𝚞𝚙 𝚌𝚘𝚖𝚎𝚍𝚢 𝚕𝚊𝚐𝚒, 𝚌𝚞𝚔𝚞𝚙 𝚜𝚒𝚊𝚛𝚔𝚊𝚗 𝚙𝚒𝚍𝚊𝚝𝚘 𝚙𝚛𝚊𝚋𝚘𝚠𝚘 𝚜𝚊𝚓𝚊 𝚋𝚊𝚑𝚔𝚊𝚗 𝚕𝚎𝚋𝚒𝚑 𝚕𝚞𝚌𝚞 😂😂🤣🤣☺️☺️🤣",2026-08-26T22:43:20.000Z,0,negatif
https://www.tiktok.com/@metro_tv/video/7678251730466819348,prasetyoportable,tidak ada manfaatnya,2026-08-26T22:45:30.000Z,0,negatif
https://www.tiktok.com/@metro_tv/video/7678251730466819348,bahlultamfan,tebak si wowo punya berapa dapur MBG ? 😂😂😂 5000 atau 10000 dapur,2026-08-26T22:48:00.000Z,0,negatif
https://www.tiktok.com/@metro_tv/video/7678251730466819348,kacungpenjilat,,2026-08-26T22:49:49.000Z,0,netral
https://www.tiktok.com/@metro_tv/video/7678251730466819348,pe_kusut,kovet,2026-08-26T23:16:45.000Z,0,netral
https://www.tiktok.com/@metro_tv/video/7681251089672539412,bang.akmal12,klo ditranslate artinya “sodara sodara saya dapat laporan”.,2026-09-03T10:38:58.000Z,101,negatif
https://www.tiktok.com/@metro_tv/video/7681251089672539412,alidewantara175,MBG Di bawa ampek rusia😂😂,2026-09-03T11:47:13.000Z,63,negatif
https://www.tiktok.com/@metro_tv/video/7681251089672539412,awaludin.96t,program gagal diomongin didepan negara2 maju🤣🤣🤣🤣 kacau.... ngomongin makanan bergizi.. barusan kejadian 500an siswa keracunan makanan... jadi apa yg mau dibanggakan 🤣🤣🤣 wo... wo....,2026-09-03T11:58:54.000Z,45,negatif
https://www.tiktok.com/@metro_tv/video/7681251089672539412,daffa366999,Bahkan di forum internasional pun dia masih bahas MBG 🗿,2026-09-03T12:10:53.000Z,16,negatif
https://www.tiktok.com/@metro_tv/video/7681251089672539412,arabigoo,"padahal dunia sudah menertawakan program MBG, ealah masih aja bahas penuh omong kosong MBG hebat",2026-09-03T12:15:28.000Z,20,negatif
https://www.tiktok.com/@metro_tv/video/7681251089672539412,zio.putra7,mbg dan kdmp jangan dibahas,2026-09-03T13:25:06.000Z,0,netral
https://www.tiktok.com/@metro_tv/video/7681251089672539412,mami_iw,"GK di indo
GK di luar indo
yg di bahas
MBG
beliau apa GK bahas
BRP banyak korban keracunan MBG yaaaa
knp",2026-09-03T11:47:34.000Z,11,negatif
https://www.tiktok.com/@metro_tv/video/7681251089672539412,bananamangorontalo,bpk yg ditengah lgi nahan ketawa 😅😅,2026-09-03T15:04:20.000Z,4,netral
https://www.tiktok.com/@metro_tv/video/7681251089672539412,muenk23,"pembenci PK Prabowo:
1.lawan politik
2.para koruptor
3.oligarki
4.sekelompok orang2 yg tidak menginginkan Indonesi maju.
5.sekelompok orang2 yg tidak ingin pamor PK Prabowo naik",2026-09-03T17:16:14.000Z,2,positif
https://www.tiktok.com/@metro_tv/video/7681251089672539412,rhman.x,Masih banyak kok daerah2 terpencil yang gak sampe listrik dan susah jaringan,2026-09-03T13:39:28.000Z,5,netral
https://www.tiktok.com/@metro_tv/video/7681251089672539412,zeda_murda,Omon omon ke?,2026-09-03T23:01:43.000Z,0,netral
https://www.tiktok.com/@metro_tv/video/7681251089672539412,keyla..92,ngmng apa dia 😂😂😂,2026-09-03T11:54:07.000Z,0,negatif
https://www.tiktok.com/@metro_tv/video/7681251089672539412,lentera.lentera58,Indonesia terlalu banyak koruptor,2026-09-03T11:45:46.000Z,8,netral
https://www.tiktok.com/@metro_tv/video/7681251089672539412,michael.79455,mbg trus yg dibahas.,2026-09-03T13:42:29.000Z,0,negatif
https://www.tiktok.com/@metro_tv/video/7681251089672539412,zona.90s,"udah bagus gak pidato di dlm negri, malah pidato di luar negri, 😂",2026-09-03T12:57:51.000Z,3,negatif
https://www.tiktok.com/@metro_tv/video/7681251089672539412,itseandini,Ketika ngomong sesuai hayalan tapi tdk sesuai kenyataan,2026-09-03T13:14:00.000Z,5,negatif
https://www.tiktok.com/@metro_tv/video/7681251089672539412,tgschannel123,bikin malu,2026-09-03T15:01:18.000Z,3,negatif
https://www.tiktok.com/@metro_tv/video/7681251089672539412,subiatiningsih.ni,what are you talking about.😏,2026-09-03T10:28:39.000Z,5,negatif
https://www.tiktok.com/@metro_tv/video/7681251089672539412,kingputih135cc,dikira di luar negeri pada tidak tau bobrok nya MBG 😅,2026-09-03T15:18:21.000Z,3,negatif
https://www.tiktok.com/@metro_tv/video/7681251089672539412,en_tri3,"yabg lain dah ngomongin nuklir bulan dan mars, kita masih Ngmgin gimana cara mensejahterakan rakyat 🗿",2026-09-04T05:00:29.000Z,1,negatif
https://www.tiktok.com/@metro_tv/video/7681251089672539412,kandarmajid,"Mbg buang2 duit, banyak keracunan, dananya alihkan saja",2026-09-03T19:59:27.000Z,1,negatif
https://www.tiktok.com/@metro_tv/video/7681251089672539412,hotman8128,keren,2026-09-03T10:24:22.000Z,3,positif
https://www.tiktok.com/@metro_tv/video/7681251089672539412,errisafirdhaallanda,Selama dia jabat pembahasannya cuma MBG mulu kaga ada inovasi lain🙂,2026-09-03T16:28:51.000Z,1,negatif
https://www.tiktok.com/@metro_tv/video/7681251089672539412,jeetijee,Coba lihat berita daily mail atau al jazeera 😭😭,2026-09-03T12:53:37.000Z,4,netral
https://www.tiktok.com/@metro_tv/video/7681251089672539412,donald_kram,kayanya prabowo harus pidato bahasa inggris di Indonesia biar gk blunder🧐 mungkin pidato bahasa indonesia beliau adalah cobaan bagi kita cok😭,2026-09-03T16:41:01.000Z,1,negatif
https://www.tiktok.com/@metro_tv/video/7681251089672539412,maisakurajima4038,wkwkwk bahas Mbg 😂,2026-09-03T10:32:54.000Z,2,negatif
https://www.tiktok.com/@metro_tv/video/7681251089672539412,politisisidraaa,malu,2026-09-03T23:27:13.000Z,0,negatif
https://www.tiktok.com/@metro_tv/video/7681251089672539412,echoblnk,just theory,2026-09-03T10:24:10.000Z,0,netral
https://www.tiktok.com/@metro_tv/video/7681251089672539412,nrsdyx10,"walaupun MBG masih sangat bermsalah pada intinya yg korup ya sulit banget hilang dari nadi NKRI, but dari yg disampaikan beliau visi misi nya jelas, disana ada yang berkelanjutan untuk swasembada pangan, petani, peternak, utk anak2 kurang gizi dan ibu2 hamil, semua untuk rakyat golongan kecil!! apakah semua se7 tentu tidak ... tapi saya salah satu yg setuju akan ini akan membuka lapangan kerja baru!!!",2026-09-04T01:11:09.000Z,0,positif
https://www.tiktok.com/@metro_tv/video/7681251089672539412,masykurin88,langsung gw skipp pas dia pidato 😭😭,2026-09-05T08:45:21.000Z,0,negatif
https://www.tiktok.com/@metro_tv/video/7681251089672539412,hero_word,kalian pada sadara SDM kita bener sangat rendah ketika baca komentar,2026-09-04T06:30:10.000Z,1,negatif
https://www.tiktok.com/@metro_tv/video/7681251089672539412,nonamezz786,saya dapat laporan,2026-09-03T13:10:11.000Z,0,negatif
https://www.tiktok.com/@metro_tv/video/7681251089672539412,andrewhamat03,,2026-09-03T12:37:12.000Z,0,netral
https://www.tiktok.com/@metro_tv/video/7681251089672539412,lb99_poledoeri,tetap MBG yg terdepan..,2026-09-03T22:57:45.000Z,0,positif
https://www.tiktok.com/@metro_tv/video/7681251089672539412,metal_ferry,Masi logat Indonesia,2026-09-04T02:50:22.000Z,0,netral
https://www.tiktok.com/@metro_tv/video/7681251089672539412,erla.baga5,Saya dapat laporan,2026-09-03T10:25:47.000Z,0,negatif
https://www.tiktok.com/@metro_tv/video/7681251089672539412,iyan.418,10rb dapet mkanan bergizi apa,2026-09-03T15:23:01.000Z,0,negatif
https://www.tiktok.com/@metro_tv/video/7681251089672539412,kurniawanheru63,,2026-09-03T10:49:45.000Z,0,netral
https://www.tiktok.com/@metro_tv/video/7681251089672539412,dannz5559,p,2026-09-03T11:02:23.000Z,0,netral
https://www.tiktok.com/@metro_tv/video/7681251089672539412,naylaxgames,Allahumma arinal haqqa haqqa warzuqnaj tibaah wa arinal bathila bathila warzuqnaj tinaabah aamiin aamiin aamiin,2026-09-03T10:35:02.000Z,0,netral
https://www.tiktok.com/@metro_tv/video/7681251089672539412,perjaka025,Di sisi lain media luar menyoroti kasus keracunan MBG 😅😂,2026-09-04T10:45:44.000Z,0,negatif
https://www.tiktok.com/@metro_tv/video/7681251089672539412,wantz_store,Open mic internasional,2026-09-03T12:37:43.000Z,0,netral
https://www.tiktok.com/@metro_tv/video/7681251089672539412,bintangalaskaa,🎉,2026-09-03T23:32:53.000Z,0,netral
https://www.tiktok.com/@metro_tv/video/7681251089672539412,user5881701408004,"ngomong e cuma MBG gak Ono liyane,, MBG kasus AE kok di terusno ae",2026-09-03T13:37:17.000Z,0,negatif
https://www.tiktok.com/@metro_tv/video/7681251089672539412,king.manik7,kenapa beliau dikasih mic terus?,2026-09-04T00:35:13.000Z,0,negatif
https://www.tiktok.com/@metro_tv/video/7681251089672539412,dedy.joan,oalahhhhh pa de...pa de ... orang luar gak tertarik MBG,2026-09-03T15:41:57.000Z,0,negatif
https://www.tiktok.com/@metro_tv/video/7681251089672539412,wien15246,"proud of you, Jendral 🥰🥰🥰",2026-09-03T22:06:25.000Z,0,positif
https://www.tiktok.com/@metro_tv/video/7681251089672539412,luvvyian_,malu jir sumpah,2026-09-03T10:21:46.000Z,6,negatif
https://www.tiktok.com/@metro_tv/video/7681251089672539412,suiyang86,ramalan pak Daud Tony bakalan kenyataan. 2035 atau 50 ya.rusia bakalan bikin pangkalan militer di selat Malaka.,2026-09-03T15:06:02.000Z,1,netral
https://www.tiktok.com/@metro_tv/video/7681251089672539412,ahmad.azam029,presiden gagal mimpin,2026-09-03T12:02:27.000Z,0,negatif
https://www.tiktok.com/@metro_tv/video/7681251089672539412,rdwnlsmn,Pertanyaannya. Apakah warga indonesia khususnya anak-anak darurat kekurangan gizi ? Sampe2 pemerintah jor-joran memakai uang negara buat kasih makan anak-anak ?,2026-09-03T12:27:32.000Z,1,netral
https://www.tiktok.com/@metro_tv/video/7681251089672539412,priosaputro4,tapi si Prabowo lupa bilang bahwa negatif nya banyak yg keracunan....hahahaha,2026-09-03T13:59:05.000Z,0,negatif
https://www.tiktok.com/@metro_tv/video/7681251089672539412,satria.piningit929,gedebrus,2026-09-03T12:27:22.000Z,0,netral
https://www.tiktok.com/@metro_tv/video/7681251089672539412,motivasiharialda125,mbg dibawa kemana maba😂,2026-09-03T12:23:26.000Z,0,negatif
https://www.tiktok.com/@metro_tv/video/7681251089672539412,masmasjawa239,Keracunan nya di omong juga dong wo,2026-09-03T12:14:24.000Z,0,negatif
https://www.tiktok.com/@metro_tv/video/7681251089672539412,liouansin,Sodara” saya dapat laporan…embege lanjutttttt 😂😂😂,2026-09-03T11:54:32.000Z,0,negatif
https://www.tiktok.com/@metro_tv/video/7681251089672539412,orangbiasaaja895,gila-gila MBG,2026-09-03T11:42:16.000Z,0,negatif
https://www.tiktok.com/@metro_tv/video/7681251089672539412,stayh0me16,Butuh 3 months to memorize it🤣,2026-09-03T10:47:14.000Z,0,negatif
https://www.tiktok.com/@metro_tv/video/7681251089672539412,ksanawnaya,"but the reality? nothing at all, just omon omon, not more !!",2026-09-03T10:32:43.000Z,0,negatif
https://www.tiktok.com/@metro_tv/video/7681251089672539412,mendi.yansah,blablabla. ini pasti borongan.,2026-09-03T10:28:36.000Z,0,negatif
https://www.tiktok.com/@metro_tv/video/7681251089672539412,leesitumorang,andalan dia ya MBG 🤣,2026-09-03T20:30:13.000Z,0,negatif
https://www.tiktok.com/@metro_tv/video/7681251089672539412,masbro.brother,"Barang siapa yang keracunan MBG lalu meninggal dunia maka dia meninggal dalam keadaan bergizi, siapa sih yg bikin kata2 seperti itu...😂😂😂",2026-09-03T16:31:09.000Z,0,negatif
https://www.tiktok.com/@metro_tv/video/7681251089672539412,salamrayaketapang,giliran pidato gini pake hapalannn,2026-09-03T14:19:19.000Z,0,negatif
https://www.tiktok.com/@metro_tv/video/7681251089672539412,ahmadyamin155,malu2in.. gak ada yang beres 😃😃,2026-09-03T11:04:37.000Z,1,negatif
https://www.tiktok.com/@metro_tv/video/7681251089672539412,deadpool09_,kiamat maju lagi..,2026-09-03T10:24:56.000Z,1,negatif
https://www.tiktok.com/@metro_tv/video/7681251089672539412,dantet14,kosong,2026-09-03T10:48:58.000Z,0,negatif
https://www.tiktok.com/@metro_tv/video/7681251089672539412,cik.ding,MBG mendunia,2026-09-03T13:48:35.000Z,0,positif
https://www.tiktok.com/@metro_tv/video/7681251089672539412,iwakpeyek_49,❤️,2026-09-03T11:18:06.000Z,0,positif
https://www.tiktok.com/@metro_tv/video/7681251089672539412,chenyushi65,😂😂😂,2026-09-03T11:19:37.000Z,0,negatif
https://www.tiktok.com/@metro_tv/video/7681251089672539412,tanahkavlingmenganti,😄😄😄😄😄,2026-09-04T06:19:17.000Z,0,negatif
https://www.tiktok.com/@kompastv.indonesia/video/7683773213410692359,thefrontofarmamnt,prabowo ini kayak lagi ngejek rakyat nya sendiri,2026-09-10T09:26:45.000Z,4256,negatif
https://www.tiktok.com/@kompastv.indonesia/video/7683773213410692359,masespodeng,"pidato penting ❎
yg penting pidato ✅",2026-09-10T05:49:10.000Z,4265,negatif
https://www.tiktok.com/@kompastv.indonesia/video/7683773213410692359,edwardking11,saya bingung sama yg ketawa dan tepuk tangan..,2026-09-10T06:10:25.000Z,7202,negatif
https://www.tiktok.com/@kompastv.indonesia/video/7683773213410692359,kimi_awe,lucunya di mana?,2026-09-10T07:14:48.000Z,3970,negatif
https://www.tiktok.com/@kompastv.indonesia/video/7683773213410692359,lampionbenderang,"makanya kalau mau hidup sehat itu lakukan ini..
1. hindari rokok
2.hindari alkohol
3.hindari pidato prabowo😂",2026-09-10T07:48:59.000Z,2059,negatif
https://www.tiktok.com/@kompastv.indonesia/video/7683773213410692359,miya_ko881,"Mereka mentertawakan mu, bukan tertawa bersamamu 🤗",2026-09-10T06:36:43.000Z,850,negatif
https://www.tiktok.com/@kompastv.indonesia/video/7683773213410692359,coklatt.keju__,cukup 1 periode,2026-09-10T07:48:41.000Z,509,negatif
https://www.tiktok.com/@kompastv.indonesia/video/7683773213410692359,rikohadiirawan,"apanya yg lucu,,",2026-09-10T07:37:27.000Z,132,netral
https://www.tiktok.com/@kompastv.indonesia/video/7683773213410692359,com_dm,"dia kalau pidato mesti yang di bahas nyindir teks, MBG udah muter itu saja",2026-09-10T08:53:45.000Z,144,negatif
https://www.tiktok.com/@kompastv.indonesia/video/7683773213410692359,kalimantan.kalima41,semoga secepatnya ganti presiden ya Allah ya Rabb kabulkan doa kami 🤲🤲🤲😭😭😭,2026-09-10T06:53:37.000Z,239,negatif
https://www.tiktok.com/@kompastv.indonesia/video/7683773213410692359,kokoesperoka,"1 periode.. q jamin😏
amburadulll bosss",2026-09-10T08:00:48.000Z,5,negatif
https://www.tiktok.com/@kompastv.indonesia/video/7683773213410692359,republikboyband,dimana ada microphone disitu ada pidato GK penting sampaikan di sebuah negara dongeng,2026-09-10T10:39:44.000Z,19,negatif
https://www.tiktok.com/@kompastv.indonesia/video/7683773213410692359,ismail63730,"pidato presiden biasa y bikin rakyat
aman damai sentosa ❌
resah gerah gelisah ✅",2026-09-10T12:16:56.000Z,18,negatif
https://www.tiktok.com/@kompastv.indonesia/video/7683773213410692359,tidaaak_aku_tirex,penting nya punya presiden hobi baca,2026-09-10T09:27:14.000Z,8,negatif
https://www.tiktok.com/@kompastv.indonesia/video/7683773213410692359,steven310398gmail.com,"Izin bertanya dengan nada dering,ini stand up comedy ya.Kok kocak ya🤣🤣🤣",2026-09-10T11:05:34.000Z,7,negatif
https://www.tiktok.com/@kompastv.indonesia/video/7683773213410692359,igarukun,"kehidupan macam apa ini, rakyatnya sibuk cari nasi yg makin susah, pemimpin nya sibuk ngurusin ginian..",2026-09-10T14:15:46.000Z,8,negatif
https://www.tiktok.com/@kompastv.indonesia/video/7683773213410692359,werwerwerclllrz,biar apa sih?,2026-09-10T08:00:47.000Z,91,negatif
https://www.tiktok.com/@kompastv.indonesia/video/7683773213410692359,coach.hanna.nsd,Isi datanya hasil rekayasa supaya bapak senang.,2026-09-10T06:59:35.000Z,43,negatif
https://www.tiktok.com/@kompastv.indonesia/video/7683773213410692359,terpesonajiwa,ada rakyatnya hilang di lautan gunung Krakatau ini malah komedi,2026-09-10T06:45:13.000Z,645,negatif
https://www.tiktok.com/@kompastv.indonesia/video/7683773213410692359,iwanseda,"iya bener pak manusia kalau bikin kesalahan ya minta maaf saja,tapi kenapa bapak bikin kesalahan koq gak pernah minta maaf kepada rakyatnya..kenapa pak🙏",2026-09-10T06:59:53.000Z,32,negatif
https://www.tiktok.com/@kompastv.indonesia/video/7683773213410692359,lovelynow__,jdi selama ini itu salah? atau emang watak sih?,2026-09-10T23:53:04.000Z,15,negatif
https://www.tiktok.com/@kompastv.indonesia/video/7683773213410692359,mingqiuyue,Pak SBY kaya males dan eneg sama wowo ini 😏,2026-09-10T08:42:26.000Z,607,netral
https://www.tiktok.com/@kompastv.indonesia/video/7683773213410692359,kucinrlp0pm,yg teriak teriak tuh kenapa?,2026-09-10T14:28:29.000Z,24,netral
https://www.tiktok.com/@kompastv.indonesia/video/7683773213410692359,cahayakehidupan.w5,"semua yg kumpul disitu tidak punya empati dgn keadaan bangsa ini, disaat banyak bencana, siswa byk keracunan.kalian masih bisa tertawa.",2026-09-10T06:32:13.000Z,58,negatif
https://www.tiktok.com/@kompastv.indonesia/video/7683773213410692359,bawuk144,"didepan sby lho ini, masak sikapmu begitu wahai pak pres",2026-09-10T08:25:04.000Z,272,negatif
https://www.tiktok.com/@kompastv.indonesia/video/7683773213410692359,finn09368,Mereka sedang mentertawakan kemunduran bangsanya sendiri ☠️,2026-09-10T07:17:57.000Z,16,negatif
https://www.tiktok.com/@kompastv.indonesia/video/7683773213410692359,likesawit,makasih textnya wok,2026-09-10T13:25:42.000Z,158,netral
https://www.tiktok.com/@kompastv.indonesia/video/7683773213410692359,ilanu4_,Semoga sehat selalu pak presiden RI Prabowo Subianto smoga Allah senantiasa melindungi Bapak 🤲,2026-09-10T06:47:38.000Z,5,positif
https://www.tiktok.com/@kompastv.indonesia/video/7683773213410692359,piwchees,Dia kenapa sii,2026-09-10T11:01:03.000Z,30,negatif
https://www.tiktok.com/@kompastv.indonesia/video/7683773213410692359,a222222444812,"Ini baru pemimpin, pidato itu harus dengan pengetahuan bukan dengan teks, kalau pidato cuma baca teks bocah sd pun bisa. Sehat selalu Pak Prabowo, Pak Prabowo siap mengabdi untuk kemajuan bangsa.",2026-09-10T06:09:39.000Z,50,positif
https://www.tiktok.com/@kompastv.indonesia/video/7683773213410692359,bangfie4,pak coba berguru cara pidatonya ke pak SBY bukan ke jokowi,2026-09-10T07:58:20.000Z,56,negatif
https://www.tiktok.com/@kompastv.indonesia/video/7683773213410692359,bogor.city100,yah lah dari pada ngelantur pidatonya,2026-09-10T06:00:05.000Z,36,negatif
https://www.tiktok.com/@kompastv.indonesia/video/7683773213410692359,papiprus,asal gak ngaco pp. gara2 gak buka tek kupas bawang jd 700 ribu per kilo,2026-09-10T06:37:56.000Z,59,negatif
https://www.tiktok.com/@kompastv.indonesia/video/7683773213410692359,daganglaklak.8,lucu nya dmn ?,2026-09-10T13:49:57.000Z,6,netral
https://www.tiktok.com/@kompastv.indonesia/video/7683773213410692359,anomali.076_,,2026-09-10T06:26:27.000Z,9,netral
https://www.tiktok.com/@kompastv.indonesia/video/7683773213410692359,cosmonauto,"bapak prabowo presiden yang dihornati diluar negeri hingga luar angkasa, sehat selalu bapak presiden",2026-09-10T12:53:42.000Z,6,positif
https://www.tiktok.com/@kompastv.indonesia/video/7683773213410692359,baledang69,itu rakyat pejabat dan seorang ustadz malaysia mengejek pemerintahan mu pak 😳😏,2026-09-10T13:55:43.000Z,1,negatif
https://www.tiktok.com/@kompastv.indonesia/video/7683773213410692359,brotok121,"KOMPOS media penghianat bangsa,
bahkan konotasi yg di pakai = ""Pamer"" dan sejenisnya ketika memberitakan prbaowo",2026-09-10T10:35:37.000Z,7,netral
https://www.tiktok.com/@kompastv.indonesia/video/7683773213410692359,naeruomega,"Ini baru pemimpin, pidato itu harus dengan pengetahuan bukan dengan teks, kalau pidato cuma baca teks bocah sd pun bisa. Sehat selalu Pak Prabowo, Pak Prabowo siap mengabdi untuk kemajuan bangsa.",2026-09-10T07:26:26.000Z,7,positif
https://www.tiktok.com/@kompastv.indonesia/video/7683773213410692359,afni1874,"""paparannya baik sekali.
grafiknya banyak selali. dan saya pun jd error"". 😂😂😂",2026-09-10T06:53:53.000Z,6,negatif
https://www.tiktok.com/@kompastv.indonesia/video/7683773213410692359,wawan01234566,heran kompas selalu potong bagian yg kurang penting. pedahal mah pidato nya panjang. pasti yg penting d skip. media skrang sdh tdk baik2 saja,2026-09-10T07:49:34.000Z,12,netral
https://www.tiktok.com/@kompastv.indonesia/video/7683773213410692359,robbertsangalla,Fresh banget jokes komika ini,2026-09-10T11:42:30.000Z,7,negatif
https://www.tiktok.com/@kompastv.indonesia/video/7683773213410692359,saefulafendi0,"klo boleh menambahi : sebagai manusia pasti punya salah. dan klo salah minta maaf saja "" betul sekali. alangkah lebih baik y setelah minta maaf klo blum bisa merubah kesalahan lebih baik mundur saja. beri kesempatan kepada yg lebih baik memimpin.",2026-09-13T03:44:54.000Z,0,negatif
https://www.tiktok.com/@kompastv.indonesia/video/7683773213410692359,ahyaryhar,"Saya tetap dukung apapun keputusannya bapak, saya doakan semoga bapak presiden sehat2 selalu dan dipanjangkan umurnya 🤲🤲",2026-09-11T06:23:16.000Z,0,positif
https://www.tiktok.com/@kompastv.indonesia/video/7683773213410692359,yya23224,"di otak"" para pembenci liat beginian pasti hatinya sakit😂",2026-09-10T08:13:55.000Z,1,netral
https://www.tiktok.com/@kompastv.indonesia/video/7683773213410692359,santri_sarungan15,egonya kelihatan bgt gk mau mendengarkan 😴😴😴,2026-09-10T09:52:26.000Z,2,negatif
https://www.tiktok.com/@kompastv.indonesia/video/7683773213410692359,gerryxhd,"o ga bsa minta maaf pak, yg msih sakit hati kalah pilpres itu KLO ga nyari nyari kesempatan ngecaci maki ga ada hiburan mereka",2026-09-10T08:24:51.000Z,0,netral
https://www.tiktok.com/@kompastv.indonesia/video/7683773213410692359,your.aquaman,banyakan pidato,2026-09-10T13:54:50.000Z,1,negatif
https://www.tiktok.com/@kompastv.indonesia/video/7683773213410692359,likeamagma,biar apa sih?,2026-09-10T16:40:57.000Z,1,negatif
https://www.tiktok.com/@kompastv.indonesia/video/7683773213410692359,humbucker77,nah gt donk pake teks jd ga ngawur lg pidato nya,2026-09-10T08:01:33.000Z,2,negatif
https://www.tiktok.com/@kompastv.indonesia/video/7683773213410692359,noname888127r74,terus yg kmaren bikin teks pengupas bwang 700 rb perkilo staf nya donk..pasti menjebak ya,2026-09-10T09:25:14.000Z,4,netral
https://www.tiktok.com/@kompastv.indonesia/video/7683773213410692359,whoammjmj,lucunya dimana?,2026-09-11T12:46:44.000Z,2,negatif
https://www.tiktok.com/@kompastv.indonesia/video/7683773213410692359,azkleenn,NOH. SUDAH DIINGATKAN LHO YAA..🫵🏻,2026-09-10T11:53:56.000Z,1,netral
https://www.tiktok.com/@kompastv.indonesia/video/7683773213410692359,nurdi4nsyah,"stand up comedi 😁 ,",2026-09-13T00:56:31.000Z,0,negatif
https://www.tiktok.com/@kompastv.indonesia/video/7683773213410692359,fkk1821,staf gk ada yg bener,2026-09-13T08:42:15.000Z,0,negatif
https://www.tiktok.com/@kompastv.indonesia/video/7683773213410692359,mntapslur3,aku gak tahan lagi ya Allah!!!,2026-09-12T13:30:54.000Z,0,netral
https://www.tiktok.com/@kompastv.indonesia/video/7683773213410692359,agibajahitam,angkuh,2026-09-13T02:11:37.000Z,0,negatif
https://www.tiktok.com/@kompastv.indonesia/video/7683773213410692359,mirraclleboys,[Stiker] stress,2026-09-12T14:51:38.000Z,0,negatif
https://www.tiktok.com/@kompastv.indonesia/video/7683773213410692359,shaniaaqmar,kok ada aja yg ketawa dg tingkah ky gitu,2026-09-13T02:22:03.000Z,0,negatif
https://www.tiktok.com/@kompastv.indonesia/video/7683773213410692359,pengendali_an9in,"Cuma mau ngingetin JANGAN TINGGALKAN SHOLAT ❤️Perbanyak dzikir Dan sholawat agar hati tenang 💛
Semoga kita semua termasuk golongan orang2 yang sholeh 💚",2026-09-13T12:29:43.000Z,0,netral
https://www.tiktok.com/@kompastv.indonesia/video/7683773213410692359,noor_16syal,knapa yg dia lakukan selalu aneh sih,2026-09-12T11:43:46.000Z,0,negatif
https://www.tiktok.com/@kompastv.indonesia/video/7683773213410692359,putra.borneo320,,2026-09-13T06:33:30.000Z,0,netral
https://www.tiktok.com/@kompastv.indonesia/video/7683773213410692359,so.wonderfull,,2026-09-12T11:57:26.000Z,0,netral
https://www.tiktok.com/@kompastv.indonesia/video/7683773213410692359,hapsi.03,amin iyrbb Al-Amin....,2026-09-12T21:33:58.000Z,0,netral
https://www.tiktok.com/@kompastv.indonesia/video/7683773213410692359,pixel_mj,kl bukqn orator berkelas baiknya teks aja,2026-09-10T07:44:14.000Z,1,negatif
https://www.tiktok.com/@kompastv.indonesia/video/7683773213410692359,muchlis.josjis,RAK LUCU,2026-09-11T16:33:35.000Z,0,negatif
https://www.tiktok.com/@kompastv.indonesia/video/7683773213410692359,ssupernoval,emg lucu?,2026-09-10T15:18:49.000Z,2,negatif
https://www.tiktok.com/@kompastv.indonesia/video/7683773213410692359,nanarust21,Ga lucu,2026-09-10T06:23:54.000Z,6,negatif
https://www.tiktok.com/@kompastv.indonesia/video/7683773213410692359,aniesusilowaty,ITU MEREKA KETAWA KENAPA YA ??,2026-09-10T08:25:04.000Z,3,negatif
https://www.tiktok.com/@kompastv.indonesia/video/7683773213410692359,dalemsyanggg_92,"Walaupun ga lucu yg penting ketawa,biar dapet jabatan 😑",2026-09-10T07:43:14.000Z,2,netral
https://www.tiktok.com/@kompastv.indonesia/video/7683773213410692359,rj_jela0,"Gitu bagus pak kalau kita salah, kita minta maaf saja, wajar kok pak salah bicara yang penting kesalahan tidak di ulang dan kedepannya lebih lagi pak 🦾🦾🦾🦾",2026-09-10T07:10:55.000Z,3,positif
https://www.tiktok.com/@kompastv.indonesia/video/7683773213410692359,situmorang7992,"bukan pidato diperlukan, tetapi hasil yang penting bagaimana negara ini bisa maju dan rakyat makmur, itu yang penting, salam waras Indonesia 😭",2026-09-10T06:22:30.000Z,4,positif
https://www.tiktok.com/@kompastv.indonesia/video/7683773213410692359,akookks,"ntar blunder lagi soal rudal, trus yg ditangkap malah publik yg repost blundernya beliau 😹",2026-09-10T07:21:06.000Z,2,negatif
https://www.tiktok.com/@kompastv.indonesia/video/7683773213410692359,petualang_heiling,bukan dia yang salah kalian yang milih dia yg salah😂,2026-09-13T07:41:41.000Z,0,negatif
https://www.tiktok.com/@kompastv.indonesia/video/7683773213410692359,ahmiar01_,muak,2026-09-11T16:39:53.000Z,0,negatif
https://www.tiktok.com/@kompastv.indonesia/video/7683773213410692359,yanfex666,"Rakyat sedang berjuang bertahan hidup, pejabatnya sibuk cari alasan🫪",2026-09-11T06:54:46.000Z,1,negatif
https://www.tiktok.com/@kompastv.indonesia/video/7683773213410692359,salllvnc,oalah berarti orang2 disekitarnya udah aware,2026-09-11T13:53:30.000Z,0,netral
https://www.tiktok.com/@kompastv.indonesia/video/7683773213410692359,yunansmaskat,maksudnya apa ko pada ketawa sih? 🤔 apanya yg lucu ?,2026-09-10T10:15:04.000Z,1,negatif
https://www.tiktok.com/@kompastv.indonesia/video/7683773213410692359,aswind00,Apanya yg lucu,2026-09-10T09:17:14.000Z,1,negatif
https://www.tiktok.com/@kompastv.indonesia/video/7683773213410692359,icl_314,Akhirnya Sadar Dirii jugaa ini Bapakk🤣😅😅,2026-09-10T07:11:19.000Z,1,negatif
https://www.tiktok.com/@kompastv.indonesia/video/7683773213410692359,alwifaizal,lucunya dimana ?,2026-09-10T09:52:19.000Z,1,negatif
https://www.tiktok.com/@kompastv.indonesia/video/7683773213410692359,wkwkwkw789,"prabowo suka laporan ABS😏😏😏,
bahkan kalao g sesuai perkiraan nya, dia bakal buat statment sendiri 😏😏",2026-09-10T07:16:17.000Z,1,negatif
https://www.tiktok.com/@kompastv.indonesia/video/7683773213410692359,rian.2334,Apanya yg lucu ?,2026-09-10T09:12:40.000Z,1,negatif
https://www.tiktok.com/@kompastv.indonesia/video/7683773213410692359,sudirmanjesica209,"pecat aja staf bpk yg buat tek pidato, ngabis uang negara untuk bayar gaji nya.",2026-09-10T06:10:35.000Z,2,negatif
https://www.tiktok.com/@kompastv.indonesia/video/7683773213410692359,loubatterys,nah itu staff lu tau,2026-09-11T14:48:10.000Z,0,netral
https://www.tiktok.com/@kompastv.indonesia/video/7683773213410692359,virusss____,acara stand up ini?,2026-09-11T14:13:31.000Z,0,negatif
https://www.tiktok.com/@kompastv.indonesia/video/7683773213410692359,elangmaulaana,Stresssssssssss,2026-09-10T14:50:52.000Z,1,negatif
https://www.tiktok.com/@kompastv.indonesia/video/7683773213410692359,losssae_,"oh y y, trs knp pak",2026-09-11T19:13:46.000Z,0,negatif
https://www.tiktok.com/@kompastv.indonesia/video/7683773213410692359,lh.topangado,dia ngerasa lagi stand up comedy kali ya?,2026-09-11T14:50:17.000Z,0,negatif
https://www.tiktok.com/@kompastv.indonesia/video/7683773213410692359,muhammad_yunus82,saya kira text'nya SAYA DAPAT LAPORAN lagi..🫣🫣,2026-09-11T14:01:06.000Z,0,netral
https://www.tiktok.com/@kompastv.indonesia/video/7683773213410692359,ahmadinahmad87,ga ada yg lucu...rakyat serius ini mengahadapi ekonomi yg banyak miskin,2026-09-11T07:53:49.000Z,0,negatif
https://www.tiktok.com/@kompastv.indonesia/video/7683773213410692359,naislyfe08,,2026-09-10T13:53:23.000Z,1,netral
https://www.tiktok.com/@kompastv.indonesia/video/7683773213410692359,jabbrick313,,2026-09-10T06:34:12.000Z,1,netral
https://www.tiktok.com/@kompastv.indonesia/video/7683773213410692359,oxkei,ketawa karier massal,2026-09-11T10:26:55.000Z,0,negatif
https://www.tiktok.com/@kompastv.indonesia/video/7683773213410692359,aprii1__12,hem,2026-09-10T10:47:22.000Z,1,netral
https://www.tiktok.com/@kompastv.indonesia/video/7683773213410692359,summerandom,gini kalau angkuh,2026-09-10T09:43:41.000Z,1,negatif
https://www.tiktok.com/@kompastv.indonesia/video/7683773213410692359,anyms361,sumpah gua ga milih dia,2026-09-10T06:14:11.000Z,1,netral
https://www.tiktok.com/@kompastv.indonesia/video/7683773213410692359,ariswiyono98,kesannya tidak menghargai yg bikin teks,2026-09-10T13:52:09.000Z,1,negatif
https://www.tiktok.com/@kompastv.indonesia/video/7683773213410692359,nadyaslvy,blunder lg,2026-09-11T13:47:46.000Z,0,negatif
https://www.tiktok.com/@kompastv.indonesia/video/7683773213410692359,jackson32174,Nama Anis tidak disebutkan.,2026-09-10T09:43:01.000Z,1,netral
https://www.tiktok.com/@kompastv.indonesia/video/7683773213410692359,devil.human67,teks pidato bikin rakyat bahagia dan sejahtera,2026-09-11T10:40:28.000Z,0,netral
https://www.tiktok.com/@kompastv.indonesia/video/7683773213410692359,marathon.drama,"""kalau manusia bikin kesalahan ya tinggal minta maaf saja""
dari cara bicaranya bener2 kek remehin bgt, astagfirullah",2026-09-11T13:17:14.000Z,0,negatif
https://www.tiktok.com/@kompastv.indonesia/video/7683773213410692359,apnoooss,saya dapat laporan,2026-09-11T12:22:14.000Z,0,negatif
https://www.tiktok.com/@kompastv.indonesia/video/7683773213410692359,b0cahgunung,gk jelas bikin muak rakyat,2026-09-11T12:19:23.000Z,0,negatif
https://www.tiktok.com/@kompastv.indonesia/video/7683773213410692359,iamkhabib28,,2026-09-11T10:43:45.000Z,0,netral
https://www.tiktok.com/@kompastv.indonesia/video/7683773213410692359,binor.pensiun26,Walopun sebagian rakyat banyak yg gak suka Wowo tapi banyak para pejabat dan orang elit bangga dng beliau...,2026-09-11T09:55:08.000Z,0,netral
https://www.tiktok.com/@kompastv.indonesia/video/7683773213410692359,whoammjmj,kapan turunnya?,2026-09-11T12:46:59.000Z,0,negatif
https://www.tiktok.com/@kompastv.indonesia/video/7683773213410692359,m.tr07,Jir lgsg turun IHSG co,2026-09-11T17:21:41.000Z,0,netral
https://www.tiktok.com/@kompastv.indonesia/video/7683773213410692359,f.r.nugraha,"dia yg pidato, semua orang deg2an",2026-09-11T13:08:02.000Z,0,negatif
https://www.tiktok.com/@kompastv.indonesia/video/7683773213410692359,fyanita10,11/100 terlalu tinggi,2026-09-11T06:16:43.000Z,0,negatif
https://www.tiktok.com/@kompastv.indonesia/video/7683773213410692359,rachmadsyafii0,"ketika pemimpin negara lain berpidato lalu ada yang tertawa,pemimpin tsb merasa tersinggung.,.
tp KLO di Konoha malah berharap di tertawakan.,.🗿🗿🗿",2026-09-11T05:40:10.000Z,0,negatif
https://www.tiktok.com/@kompastv.indonesia/video/7683773213410692359,akun_stalker8,Salah bicra bapak bilang ?? Laaah katax salah bicra bapak itu KODE untuk menangkap korupsi 🤏🏻🤣😂,2026-09-11T04:40:46.000Z,0,negatif
https://www.tiktok.com/@kompastv.indonesia/video/7683773213410692359,dumas_aduanmasyarakat,aku ga milih loh,2026-09-11T04:35:43.000Z,0,netral
https://www.tiktok.com/@kompastv.indonesia/video/7683773213410692359,nopirahayu16,astagfirulloh,2026-09-11T04:19:14.000Z,0,negatif
https://www.tiktok.com/@kompastv.indonesia/video/7683773213410692359,_mesherly,yg penting kinerjanya soal pidato bisa sj ngk sesuai dgn pelaksanaan di lapngan,2026-09-11T03:24:04.000Z,0,positif
https://www.tiktok.com/@kompastv.indonesia/video/7683773213410692359,aawafiles,biar apa?,2026-09-11T03:10:25.000Z,0,negatif
https://www.tiktok.com/@kompastv.indonesia/video/7683773213410692359,iamhndsm,ngapain di tepuk tanganin sih???,2026-09-11T02:59:00.000Z,0,negatif
https://www.tiktok.com/@kompastv.indonesia/video/7683773213410692359,user997352673,aku udh. di tahap trauma denger pidatonya takut banget blunder,2026-09-11T02:15:40.000Z,0,negatif
https://www.tiktok.com/@kompastv.indonesia/video/7683773213410692359,yesiamca,Ngeledek kan,2026-09-11T01:50:35.000Z,0,negatif
https://www.tiktok.com/@kompastv.indonesia/video/7683773213410692359,faisal.ramdani64,dapat laporan,2026-09-11T01:21:16.000Z,0,netral
https://www.tiktok.com/@kompastv.indonesia/video/7683773213410692359,meativtrandom,"di rangkum ya pak pantesan:
singkat
padat
nggak jelas",2026-09-11T01:19:17.000Z,0,negatif
https://www.tiktok.com/@kompastv.indonesia/video/7683773213410692359,dianfaradi,stand up dimana ini,2026-09-11T01:13:57.000Z,0,negatif
https://www.tiktok.com/@kompastv.indonesia/video/7683773213410692359,path_kh,gambaran dagelan negara,2026-09-11T01:13:18.000Z,0,negatif
https://www.tiktok.com/@kompastv.indonesia/video/7683773213410692359,preciousruby_y,pesta para penjilat,2026-09-11T01:10:07.000Z,0,negatif
https://www.tiktok.com/@kompastv.indonesia/video/7683773213410692359,faraaahhhh1,ga masuk akal,2026-09-11T11:21:01.000Z,0,negatif
https://www.tiktok.com/@kompastv.indonesia/video/7683773213410692359,user953430816144,"suatu saat nanti semua teks pidato nya akan dilelang dan bernilai tinggi,",2026-09-11T08:55:00.000Z,0,netral
https://www.tiktok.com/@kompastv.indonesia/video/7683773213410692359,restumln10,pidato apa stand up?,2026-09-11T04:50:28.000Z,0,negatif
https://www.tiktok.com/@kompastv.indonesia/video/7683773213410692359,abokas__,Letak lucunya dimana?,2026-09-11T01:01:37.000Z,0,negatif
https://www.tiktok.com/@kompastv.indonesia/video/7683773213410692359,yesterd.day,ihh kolom komentar full buzer wowo,2026-09-11T00:53:52.000Z,0,netral
https://www.tiktok.com/@kompastv.indonesia/video/7683773213410692359,kamuumakannyaapaa,yaallaahh[Menangis][Menangis][Menangis][Menangis],2026-09-11T00:28:17.000Z,0,negatif
https://www.tiktok.com/@kompastv.indonesia/video/7683773213410692359,ariianaa940,sumpah unik malah buka kartu 🤣🤣,2026-09-11T00:25:10.000Z,0,negatif
https://www.tiktok.com/@kompastv.indonesia/video/7683773213410692359,ahmadidjaz,Ngeyel tenan. Pafahal sudah disarankan untuk formap pakai text..,2026-09-11T00:01:53.000Z,0,negatif
https://www.tiktok.com/@kompastv.indonesia/video/7683773213410692359,pendekarsempak.bolong212,isi'a pidato'a halu,2026-09-10T23:45:51.000Z,0,netral
https://www.tiktok.com/@kompastv.indonesia/video/7683773213410692359,dewisyaulia,ya kan bagus diingatkan dan diarahkan jadi lebih baik tidak mengaur😏,2026-09-10T22:44:45.000Z,0,netral
https://www.tiktok.com/@kompastv.indonesia/video/7683773213410692359,simbolonfarm,omon omon,2026-09-10T21:12:47.000Z,0,negatif
https://www.tiktok.com/@kompastv.indonesia/video/7683773213410692359,nineline90,Ini staf yg bikin teksnya gimana yah perasaannya 😌,2026-09-10T20:46:56.000Z,0,netral
https://www.tiktok.com/@kompastv.indonesia/video/7683773213410692359,realmonkey0,nangis bgt,2026-09-10T19:18:11.000Z,0,negatif
https://www.tiktok.com/@kompastv.indonesia/video/7683773213410692359,rofiuzamansb,klo salah ya tinggal minta maaf saja..presiden macam apa ini,2026-09-10T18:50:01.000Z,0,negatif
https://www.tiktok.com/@kompastv.indonesia/video/7683773213410692359,ayhaziran_,hadehh,2026-09-10T18:22:00.000Z,0,negatif
https://www.tiktok.com/@kompastv.indonesia/video/7683773213410692359,dcara_08,apasih woi,2026-09-10T17:33:52.000Z,0,negatif
https://www.tiktok.com/@kompastv.indonesia/video/7683773213410692359,stevemcminecraft,"""jgn sampai keluar teks"" udh dibilang malah dilakuin beneran wkwk",2026-09-10T17:29:43.000Z,0,negatif
https://www.tiktok.com/@kompastv.indonesia/video/7683773213410692359,fajar.mentari7,mengejek stafnya sndri,2026-09-10T17:23:27.000Z,0,negatif
https://www.tiktok.com/@kompastv.indonesia/video/7683773213410692359,derivr46,muak wo,2026-09-10T17:15:43.000Z,0,negatif
https://www.tiktok.com/@kompastv.indonesia/video/7683773213410692359,nt_nta,stand up komedi dia,2026-09-10T16:25:56.000Z,0,negatif
https://www.tiktok.com/@kompastv.indonesia/video/7683773213410692359,hariantoarsyadhar,"blm saatnya anda mimpin, karna kesenangan ekonomi dimana mana",2026-09-10T16:24:42.000Z,0,negatif
https://www.tiktok.com/@kompastv.indonesia/video/7683773213410692359,lembana2808,stand up lg belio,2026-09-10T16:04:23.000Z,0,negatif
https://www.tiktok.com/@kompastv.indonesia/video/7683773213410692359,intel_789,"nanti ga lama, lagi ada lagu nya nihh😭",2026-09-10T16:01:01.000Z,0,negatif
https://www.tiktok.com/@kompastv.indonesia/video/7683773213410692359,sabarboy25,Oh my go,2026-09-10T15:51:54.000Z,0,negatif
https://www.tiktok.com/@kompastv.indonesia/video/7683773213410692359,andi_muhammad_iqbal,pntes ihsg anjlok,2026-09-10T15:46:54.000Z,0,netral
https://www.tiktok.com/@kompastv.indonesia/video/7683773213410692359,kucing_pink24,"dalam hati SBY "" ngomong apa "" dengan senyum tipisnya..",2026-09-10T15:24:05.000Z,0,netral
https://www.tiktok.com/@kompastv.indonesia/video/7683773213410692359,kikikolaa,pak sby keliatan banget komuk nya muak😭,2026-09-10T15:20:06.000Z,0,negatif
https://www.tiktok.com/@kompastv.indonesia/video/7683773213410692359,anwar_muria,"diingatkan staf gak digubris,, diatur Teddy manut",2026-09-10T15:08:29.000Z,0,negatif
https://www.tiktok.com/@kompastv.indonesia/video/7683773213410692359,nafisfrdilla,bisa serius ga sih😡,2026-09-11T11:41:18.000Z,0,negatif
https://www.tiktok.com/@kompastv.indonesia/video/7683773213410692359,dewatiktok__,,2026-09-11T05:41:49.000Z,0,netral
https://www.tiktok.com/@kompastv.indonesia/video/7683773213410692359,fsynab,,2026-09-11T09:07:00.000Z,0,netral
https://www.tiktok.com/@kompastv.indonesia/video/7683773213410692359,rifkiabdulrifai,pantesan ihsg turun,2026-09-11T09:00:38.000Z,0,netral
https://www.tiktok.com/@kompastv.indonesia/video/7683773213410692359,azharalay,wibawa?,2026-09-11T04:02:37.000Z,0,negatif
https://www.tiktok.com/@kompastv.indonesia/video/7683773213410692359,javblessing,,2026-09-11T00:39:54.000Z,0,netral
https://www.tiktok.com/@kompastv.indonesia/video/7683773213410692359,nightfll4,rangkuman kok jadi lebih panjang,2026-09-10T18:25:44.000Z,0,netral
https://www.tiktok.com/@kompastv.indonesia/video/7683773213410692359,adrieysh98,Bantahan rontak nan,2026-09-10T14:49:57.000Z,0,netral
https://www.tiktok.com/@kompastv.indonesia/video/7683773213410692359,everyday2code,ngapain dia,2026-09-10T16:07:18.000Z,0,negatif
https://www.tiktok.com/@kompastv.indonesia/video/7683773213410692359,helmi8782,semakin hari semakin lawak dan malu melihat nya,2026-09-10T07:33:28.000Z,1,negatif
https://www.tiktok.com/@kompastv.indonesia/video/7683773213410692359,ulianno64,OMON OMON,2026-09-10T09:03:58.000Z,1,negatif
https://www.tiktok.com/@kompastv.indonesia/video/7683773213410692359,user9673tsgggf6,esensinya intinya angka 8 kalau gak sesuai ubah hukumnya contohnya 10 + 6 harisnya 16 diubah jadi 17 agar dapat angka 8. Mencerminkan semua keinginannya haris dipenuhi benar atau salah masuk akal atau nggak dia gak peduli kalau gak bisa hukum diubah tercermin dari gerak gerik bawahannya semua yang selalu mengikuti kemauannya walaupun harus melanggar logika sampai menjilar,2026-09-10T11:40:30.000Z,1,negatif
https://www.tiktok.com/@kompastv.indonesia/video/7683773213410692359,hery_bulex,"jgan sampai upah ngupas bawah 700 rb / kg dan pendapatan penggilingan padi 2 m / bln lagi itu maksudnya,,,😁",2026-09-10T09:44:39.000Z,1,negatif
https://www.tiktok.com/@kompastv.indonesia/video/7683773213410692359,biintangas_,"pak prabowo saya cuma mengingatkan, mereka menertawai mu bukan tertawa bersama mu😁",2026-09-10T08:17:44.000Z,10,negatif
https://www.tiktok.com/@kompastv.indonesia/video/7683773213410692359,asmuni.27,"emang cocok jadi stand up comedy aja pak, soal nya suka bikin penonton ketawa terus, biar mas Gibran aja yg mimpin",2026-09-10T08:51:52.000Z,3,negatif
https://www.tiktok.com/@kompastv.indonesia/video/7683773213410692359,genievely,circus,2026-09-11T18:23:58.000Z,0,negatif
https://www.tiktok.com/@kompastv.indonesia/video/7683773213410692359,ddhaaan,di fase jijik asli,2026-09-11T10:47:09.000Z,0,negatif
https://www.tiktok.com/@kompastv.indonesia/video/7683773213410692359,rania_890.com6,punya presiden berasa GK punya presiden,2026-09-12T14:49:41.000Z,0,negatif
https://www.tiktok.com/@kompastv.indonesia/video/7683773213410692359,rnaldjdllosd,"SBY: wolhaa, dikasih ati malah minta tulangnya",2026-09-11T10:52:18.000Z,0,netral
https://www.tiktok.com/@kompastv.indonesia/video/7683773213410692359,_identified_patient_,cocoknya stand up comedy..,2026-09-11T10:54:45.000Z,0,negatif
https://www.tiktok.com/@kompastv.indonesia/video/7683773213410692359,textbook_epstopik,suekkkk,2026-09-14T00:21:30.000Z,0,negatif
https://www.tiktok.com/@kompastv.indonesia/video/7683773213410692359,buahnaga165,pamer mbg,2026-09-11T10:56:01.000Z,0,negatif
https://www.tiktok.com/@kompastv.indonesia/video/7683773213410692359,adionbass,negara dibuat bercandaan sakit jiwa,2026-09-11T11:17:23.000Z,0,negatif
https://www.tiktok.com/@kompastv.indonesia/video/7683773213410692359,izkyismail,Bapak disuruh jadi Presiden. Bukan untuk belajar jadi presiden pak 🥹,2026-09-10T12:02:53.000Z,1,negatif
https://www.tiktok.com/@kompastv.indonesia/video/7683773213410692359,edikamal90,pidato kosong Tampa data Tampa isi yg dgr TDK paham,2026-09-10T15:08:16.000Z,0,negatif
https://www.tiktok.com/@kompastv.indonesia/video/7683773213410692359,2892649207241e,nyerah gw,2026-09-10T15:05:57.000Z,0,negatif
https://www.tiktok.com/@kompastv.indonesia/video/7683773213410692359,rsjpusat,"itulah dia gk mau dikasi tau, soal data angka jgn anggap remeh pak...",2026-09-10T14:56:36.000Z,0,negatif
https://www.tiktok.com/@kompastv.indonesia/video/7683773213410692359,indahapdew,Astagfirullahaladzim.,2026-09-10T14:46:32.000Z,0,negatif
https://www.tiktok.com/@kompastv.indonesia/video/7683773213410692359,munye_0,sumpah dia tuh ngejek rakyat sendiri,2026-09-10T14:24:40.000Z,0,negatif
https://www.tiktok.com/@kompastv.indonesia/video/7683773213410692359,antoniesteven,11 dari 100,2026-09-10T14:15:27.000Z,0,negatif
https://www.tiktok.com/@kompastv.indonesia/video/7683773213410692359,gl.tamasya76,tapi kebanyakan salah bicara pak🗿,2026-09-10T14:08:26.000Z,0,negatif
https://www.tiktok.com/@kompastv.indonesia/video/7683773213410692359,itooohh,tiap minggu ada aja 🗿,2026-09-10T18:39:13.000Z,0,negatif
https://www.tiktok.com/@kompastv.indonesia/video/7683773213410692359,_ann.154,apa dia trlalu pusing baca grafik sm tabel?,2026-09-12T17:50:00.000Z,0,netral
https://www.tiktok.com/@kompastv.indonesia/video/7683773213410692359,hmmmmmm22334455,"LOGIKA aja lah, kl gw mau presentasi/pidato, materi yg diberikan ke gw PASTI gw review dan gw baca, KALAU materinya ga cocok pasti saya suruh REVISI, kl itu orang revisi berulang kali masih ngaco tinggal gw PECAT dan suruh orang lain yg buat. SIMPLE.",2026-09-11T17:47:03.000Z,0,negatif
https://www.tiktok.com/@kompastv.indonesia/video/7683773213410692359,ceode.marketplace,pentingnya publik speaking belajar mengolah kata,2026-09-11T13:42:58.000Z,0,netral
https://www.tiktok.com/@kompastv.indonesia/video/7683773213410692359,tiinnaatourtogether,ngedengerin staff nya aja dia gak mau apalagi ngedengerin rakyat miskin 😂,2026-09-11T08:54:40.000Z,0,negatif
https://www.tiktok.com/@kompastv.indonesia/video/7683773213410692359,williamartuhr,ketawa karir politik,2026-09-11T08:00:46.000Z,0,netral
https://www.tiktok.com/@kompastv.indonesia/video/7683773213410692359,kriwilmomo,"MEREKA SATU SARANG JADI PADA KETAWA KETAWA,LAHH KITA???KENA AMPASNYA DOANGGG",2026-09-11T05:49:11.000Z,1,negatif
https://www.tiktok.com/@kompastv.indonesia/video/7683773213410692359,penacuy,Contoh ego,2026-09-11T05:31:05.000Z,0,negatif
https://www.tiktok.com/@kompastv.indonesia/video/7683773213410692359,aroma.jasmine0,"Udh segini parah mash ada aja yg komen belain si wowo ini…liat gaya dia udh kayak diktator,ngapain dia kekgitu kayak sepelein yg buat teks pidato",2026-09-11T03:09:28.000Z,0,negatif
https://www.tiktok.com/@kompastv.indonesia/video/7683773213410692359,edinajanne,apasih cok,2026-09-11T03:03:16.000Z,0,negatif
https://www.tiktok.com/@kompastv.indonesia/video/7683773213410692359,cernobiel,incompetent,2026-09-12T10:19:58.000Z,0,negatif
https://www.tiktok.com/@kompastv.indonesia/video/7683773213410692359,kei_gee,1 ruangan isinya penjilat 😂,2026-09-11T02:20:34.000Z,0,negatif
https://www.tiktok.com/@kompastv.indonesia/video/7683773213410692359,g1brnk,ini pada ketawa karir kan...ngaku kalian😏,2026-09-11T02:15:25.000Z,0,negatif
https://www.tiktok.com/@kompastv.indonesia/video/7683773213410692359,southernallstars_,bisa pindah ga si,2026-09-11T01:21:04.000Z,0,negatif
https://www.tiktok.com/@kompastv.indonesia/video/7683773213410692359,damadaaa,"karena kalau gak begitu, Anda melantur",2026-09-11T00:52:56.000Z,0,negatif
https://www.tiktok.com/@kompastv.indonesia/video/7683773213410692359,trulallatrilili,angkuh sekali ornag ini,2026-09-11T00:38:31.000Z,0,negatif
https://www.tiktok.com/@kompastv.indonesia/video/7683773213410692359,wedyminit,Dia gitu di depan mantan presiden SBY? 😭 Gila,2026-09-10T22:53:18.000Z,0,negatif
https://www.tiktok.com/@kompastv.indonesia/video/7683773213410692359,nickoagusta,"Pak sudah pak, mundurrrrrrr ajah 😂😂😂😂 kami lelahhhh liat anda pak 🫠🫠🫠",2026-09-10T22:45:21.000Z,0,negatif
https://www.tiktok.com/@kompastv.indonesia/video/7683773213410692359,afri.gokil36,"dia ituh lagi ngelawak ia semua pada ketawa presiden qo di ketawain padahal ga ada lucu "" nya",2026-09-10T21:24:22.000Z,0,negatif
https://www.tiktok.com/@kompastv.indonesia/video/7683773213410692359,argamahesaputra,"sby juga ketawa karir aja sih,",2026-09-10T18:40:26.000Z,0,netral
https://www.tiktok.com/@kompastv.indonesia/video/7683773213410692359,niralhusni69,Dipahami teks pidato nya itu ya pak 🤌😰. Bukan di pamerin,2026-09-10T18:28:29.000Z,0,negatif
https://www.tiktok.com/@kompastv.indonesia/video/7683773213410692359,panitiabaskettest,tandanya anda begitu….,2026-09-10T17:05:50.000Z,0,negatif
https://www.tiktok.com/@kompastv.indonesia/video/7683773213410692359,aan.joen,"y bagus liat teks aja pak bro,,klu gk y bakal ngawur lg pidato anda",2026-09-10T16:56:24.000Z,0,negatif
https://www.tiktok.com/@kompastv.indonesia/video/7683773213410692359,kinkin03750271,Gk ada aura kempemimpinan nya pisan🗿,2026-09-10T15:21:01.000Z,0,negatif
https://www.tiktok.com/@kompastv.indonesia/video/7683773213410692359,fsyhrls,apa aja yg keluar ditepuk tanganin anjir,2026-09-10T15:01:59.000Z,0,netral
https://www.tiktok.com/@kompastv.indonesia/video/7683773213410692359,airy.bestproduct,"giliran yg ngk berfaedah d infokan oleh staf, cobalah infokan juga klu Aceh, ntt blm pulih sepenuhnya",2026-09-12T02:26:21.000Z,0,negatif
https://www.tiktok.com/@kompastv.indonesia/video/7683773213410692359,levianto5,gada wibawanya,2026-09-10T14:53:11.000Z,0,negatif
https://www.tiktok.com/@kompastv.indonesia/video/7683773213410692359,mayqueen033,"masalah klo pidato salah mulu,",2026-09-10T14:48:01.000Z,0,negatif
https://www.tiktok.com/@kompastv.indonesia/video/7683773213410692359,stop.bayar.pajak,,2026-09-10T18:58:22.000Z,0,netral
https://www.tiktok.com/@kompastv.indonesia/video/7683773213410692359,cenutcenutt,uhhhhhh,2026-09-10T15:09:44.000Z,0,negatif
https://www.tiktok.com/@kompastv.indonesia/video/7683773213410692359,mrzky.404,nih orang pidato mulu,2026-09-10T15:12:58.000Z,0,netral
https://www.tiktok.com/@kompastv.indonesia/video/7683773213410692359,jefffan1309,saya dapat laporan,2026-09-10T15:05:48.000Z,0,negatif
https://www.tiktok.com/@kompastv.indonesia/video/7683773213410692359,cocacopling,not alcohol btw,2026-09-10T14:55:09.000Z,0,negatif
https://www.tiktok.com/@kompastv.indonesia/video/7683773213410692359,jastin6506,Angkuh ya,2026-09-10T14:43:38.000Z,0,negatif
https://www.tiktok.com/@kompastv.indonesia/video/7683773213410692359,jiianisy,"muak bgt pliss,,",2026-09-10T14:15:24.000Z,0,negatif
https://www.tiktok.com/@kompastv.indonesia/video/7683773213410692359,loeroso77,patut ihsg hari ini merah merona,2026-09-10T14:09:08.000Z,0,netral
https://www.tiktok.com/@kompastv.indonesia/video/7683773213410692359,faaaaandi_,Harus 2 priode sih prabowo ini gasabar rilis buku TUNTUNAN SHOLAT ALA PRABOWO,2026-09-10T09:53:23.000Z,1,negatif
https://www.tiktok.com/@kompastv.indonesia/video/7683773213410692359,user579464311512,Gak malu ya depan sby gitu,2026-09-10T13:48:50.000Z,1,negatif
https://www.tiktok.com/@kompastv.indonesia/video/7683773213410692359,pejuang_akhir_zaman_,"""Akan datang kepada manusia tahun-tahun penuh penipuan. Orang berdusta dipercayai, orang jujur didustakan, orang khianat diberi amanah, orang amanah dianggap khianat & Al-Ruwaibidah (bodoh) berbicara""",2026-09-10T13:42:49.000Z,1,netral
https://www.tiktok.com/@kompastv.indonesia/video/7683773213410692359,tukang.scroll95,"ya minta maaf dong pak gensi amat kayaknya sama rakyat,,etika dasar manusia itu MAAF TERIMAKASIH DAN TOLONG",2026-09-10T07:03:09.000Z,1,negatif
https://www.tiktok.com/@kompastv.indonesia/video/7683773213410692359,kamar.oz,kann dasarnya presiden sendiri itu ngeyel padahal staffnya keringet dingin tiap abis pidato loh tp pendukungnya malah teriak soras Soros soras soros,2026-09-10T06:33:38.000Z,1,negatif
https://www.tiktok.com/@kompastv.indonesia/video/7683773213410692359,ohwell6996,"TEKS ITU DI SIAPKAN BUAT MATERI PAS PIDATO, AGAR TETAP SESUAI TEMA DAN TUJUAN, JADI KALAU BELIAU BACA YA WAJAR GAPAPA, LAGIAN BETTER KOMUNIKASI MINIM TAPI BANYAK AKSI DARIPADA BANYAK KOMUNIKASI MINIM AKSI KYK SIAPATUH.....",2026-09-10T06:24:23.000Z,1,negatif
https://www.tiktok.com/@kompastv.indonesia/video/7683773213410692359,permadidesign,Kokyo di undang 🤭🤭🤭🤭,2026-09-10T07:21:46.000Z,1,netral
https://www.tiktok.com/@kompastv.indonesia/video/7683773213410692359,antihistamin_03,"dia tidak salah,yang salah itu kalian yang milih dia[Tawa oke][Tawa oke][Tawa oke]",2026-09-14T08:17:42.000Z,0,negatif
https://www.tiktok.com/@kompastv.indonesia/video/7683773213410692359,orcheette,abp .. asal bukan prabowo,2026-09-14T02:24:28.000Z,0,negatif
https://www.tiktok.com/@kompastv.indonesia/video/7683773213410692359,renjanaaaa_aaa,,2026-09-10T22:54:29.000Z,0,netral
https://www.tiktok.com/@kompastv.indonesia/video/7683773213410692359,mthatsmaharahamanjj,ni org kalo ikut Stand Up Comedy Indonesia. jebol ku rasa jujur saya ketawa loh bukan ketawa miris ya betol2 ketawa kayak liat komedian ngelawak gg sih presiden bisa gini gak pernah ada yg kayak gini.,2026-09-11T00:39:39.000Z,0,negatif
https://www.tiktok.com/@kompastv.indonesia/video/7683773213410692359,pria_kesepian_06,Percuma mengingatkan orang yg angkuh dan sombong,2026-09-11T00:45:29.000Z,0,negatif
https://www.tiktok.com/@kompastv.indonesia/video/7683773213410692359,27rentcaripoel,taikkkk,2026-09-11T01:33:46.000Z,0,negatif
https://www.tiktok.com/@kompastv.indonesia/video/7683773213410692359,yellow.nodlle,pastes kalo ketemu presiden luar negri auranya cocok jadi ajudan dari pada wakilin kepala negara,2026-09-11T13:54:51.000Z,0,negatif
https://www.tiktok.com/@kompastv.indonesia/video/7683773213410692359,yournainaii,"kyk gitu biar maksudnya gada lagi yg bilang baca teks. Heran bener org"" pikirannya nethink mulu",2026-09-11T03:14:38.000Z,0,netral
https://www.tiktok.com/@kompastv.indonesia/video/7683773213410692359,fan_fan2602,presiden yg gk pecus ngurus negara,2026-09-11T14:13:03.000Z,0,negatif
https://www.tiktok.com/@kompastv.indonesia/video/7683773213410692359,masdytea,panggung ovj,2026-09-11T03:42:08.000Z,0,negatif
https://www.tiktok.com/@kompastv.indonesia/video/7683773213410692359,libraisme07,Setiap beliau pidato saham📉,2026-09-11T06:57:07.000Z,0,netral
https://www.tiktok.com/@kompastv.indonesia/video/7683773213410692359,miel4919,bentar lagi keluarganya kabur keluar negri amankan aset,2026-09-11T07:30:07.000Z,0,netral
https://www.tiktok.com/@kompastv.indonesia/video/7683773213410692359,bananaskers,ga ada wibawanya sama sekali,2026-09-11T08:09:10.000Z,0,negatif
https://www.tiktok.com/@kompastv.indonesia/video/7683773213410692359,pearlytrapp,iya wok lu paling keren dh,2026-09-10T17:13:45.000Z,0,negatif
https://www.tiktok.com/@kompastv.indonesia/video/7683773213410692359,t_3ttt,jgn kasih mic ini orang,2026-09-11T22:07:54.000Z,0,negatif
https://www.tiktok.com/@kompastv.indonesia/video/7683773213410692359,m0odybluesz,stand up comedy?,2026-09-10T18:12:18.000Z,0,negatif
https://www.tiktok.com/@kompastv.indonesia/video/7683773213410692359,m9288612,ngga penting juga dia ngomong apa. ngga ngaruh apa apa sama negara ini.,2026-09-10T18:16:56.000Z,0,negatif
https://www.tiktok.com/@kompastv.indonesia/video/7683773213410692359,colaa1410,"cuman pas pidato international doang dia ga berani diluar teks, karena cmn di negara miliknya sendiri aja dia bisa semena2😹",2026-09-10T18:26:28.000Z,0,negatif
https://www.tiktok.com/@kompastv.indonesia/video/7683773213410692359,acong24545567888,itu kode inteljen pasti ada yg ke tangkap dan di penjarakan..✌️,2026-09-11T12:36:55.000Z,0,positif
https://www.tiktok.com/@kompastv.indonesia/video/7683773213410692359,pemimpinbumitiktok,sumpahh presiden apa ini?,2026-09-10T22:37:12.000Z,0,negatif
https://www.tiktok.com/@kompastv.indonesia/video/7683773213410692359,danmwdy,presiden terburuk sepanjang sejarah,2026-09-11T12:53:44.000Z,0,negatif
https://www.tiktok.com/@kompastv.indonesia/video/7683773213410692359,naswabty,jiancokkkk gak itu???,2026-09-10T14:36:52.000Z,0,negatif
https://www.tiktok.com/@kompastv.indonesia/video/7683773213410692359,yandrildotkom,,2026-09-10T14:01:56.000Z,0,netral
https://www.tiktok.com/@kompastv.indonesia/video/7683773213410692359,makyasu,baling,2026-09-10T14:55:43.000Z,0,netral
https://www.tiktok.com/@kompastv.indonesia/video/7683773213410692359,kecil_kecilan8,"pekerja lapangan itu baiknya tetap di lapangan, kalo mau jadi bos paling tidak pilih wakil atau juru bicara yg pandai menyampaikan pesan dengan baik dan tidak main2 karet gelang apalagi main pulpen",2026-09-10T08:06:58.000Z,1,negatif
https://www.tiktok.com/@kompastv.indonesia/video/7683773213410692359,rikomarbhun,nyindir AHY. pidato pake teks,2026-09-10T15:18:43.000Z,0,netral
https://www.tiktok.com/@kompastv.indonesia/video/7683773213410692359,yeochiin,STOP MEMENUHI INNER CHILD DENGAN MENGORBANKAN SATU NEGARA,2026-09-13T08:55:04.000Z,0,negatif
https://www.tiktok.com/@kompastv.indonesia/video/7683773213410692359,rizky.putra456,oh bawahannya udah ngingetin dia eh dia nya yg ngeyel asal ceplas ceplos 🗿,2026-09-10T14:35:50.000Z,0,negatif
https://www.tiktok.com/@kompastv.indonesia/video/7683773213410692359,mads4beer,??,2026-09-10T16:09:36.000Z,0,negatif
https://www.tiktok.com/@kompastv.indonesia/video/7683773213410692359,cy48040,🥺🥺🥺,2026-09-11T11:12:32.000Z,0,netral
https://www.tiktok.com/@kompastv.indonesia/video/7683773213410692359,ray_kiyotaka,😹,2026-09-10T17:47:21.000Z,0,negatif
https://www.tiktok.com/@kompastv.indonesia/video/7683773213410692359,tsha97,???,2026-09-11T04:48:07.000Z,0,negatif
https://www.tiktok.com/@kompastv.indonesia/video/7683773213410692359,dodoy549,@Marry jane,2026-09-11T07:04:31.000Z,0,netral
https://www.tiktok.com/@kompastv.indonesia/video/7683773213410692359,likeastarrynight,😂😂😂,2026-09-10T14:21:28.000Z,0,negatif
https://www.tiktok.com/@kompastv.indonesia/video/7683773213410692359,bearnining,😑😑😑,2026-09-10T14:24:17.000Z,0,netral
https://www.tiktok.com/@kompastv.indonesia/video/7683773213410692359,sweetmemories98,😂,2026-09-12T13:20:16.000Z,0,negatif
https://www.tiktok.com/@kompastv.indonesia/video/7683773213410692359,siska.budiarti,😭😭😭,2026-09-10T14:44:35.000Z,0,negatif
https://www.tiktok.com/@kompastv.indonesia/video/7683773213410692359,xwxwystra,Wok wok😄😄😄,2026-09-10T16:36:28.000Z,0,negatif
https://www.tiktok.com/@kompastv.indonesia/video/7683773213410692359,bang_aprhy,kenapa jadi begini ya Allah... 😌😌😌,2026-09-10T16:04:42.000Z,0,negatif
https://www.tiktok.com/@kompastv.indonesia/video/7683773213410692359,nanangmustofah123,isinya : saya mendapat laporan Blablablabla,2026-09-10T15:49:04.000Z,0,netral
https://www.tiktok.com/@kompastv.indonesia/video/7683773213410692359,nanad.snh,Maluuu,2026-09-10T15:35:32.000Z,0,negatif
https://www.tiktok.com/@kompastv.indonesia/video/7683773213410692359,loman197,"itu kumpulan para ketua par tai, yg berlomba utk memenangkan par tai nya dgn segala macam cara. termasuk menunggu setoran dari para kader yg jdi pejabat. sbnrnya inilah para perusak negeri.",2026-09-10T15:33:23.000Z,0,negatif
https://www.tiktok.com/@kompastv.indonesia/video/7683773213410692359,aden_9090,dprcpt aja pmilu lgi lah 😁😆,2026-09-10T15:14:14.000Z,0,negatif
https://www.tiktok.com/@kompastv.indonesia/video/7683773213410692359,txtdarigod,,2026-09-10T08:37:35.000Z,0,netral
https://www.tiktok.com/@kompastv.indonesia/video/7683773213410692359,soniiiiiiiiiiiii4,Aduh beliau ini ga pernah ga memalukan,2026-09-10T16:50:47.000Z,0,negatif
https://www.tiktok.com/@kompastv.indonesia/video/7683773213410692359,alfysakaa,berani nya cmn di forum2 circle nya doang,2026-09-10T16:27:33.000Z,0,negatif
https://www.tiktok.com/@kompastv.indonesia/video/7683773213410692359,jhsbrg,HUT Demokrat dirusak olehnya 😂,2026-09-10T16:23:49.000Z,0,negatif
https://www.tiktok.com/@kompastv.indonesia/video/7683773213410692359,dedi.ansyah28,pemerintah lawak lawak,2026-09-10T16:00:37.000Z,0,negatif
https://www.tiktok.com/@kompastv.indonesia/video/7683773213410692359,ardha_999,liat ekspresi pak SBY,2026-09-10T15:28:35.000Z,0,netral
https://www.tiktok.com/@kompastv.indonesia/video/7683773213410692359,plousios_sportwear,malu ih sama pak SBY,2026-09-10T14:32:02.000Z,0,negatif
https://www.tiktok.com/@kompastv.indonesia/video/7683773213410692359,hamzahhamzah0787,salah gagal mensejahterakan rakyatnya,2026-09-10T14:28:08.000Z,0,negatif
https://www.tiktok.com/@kompastv.indonesia/video/7683773213410692359,mukadongeng,pantes merah 😂,2026-09-10T14:19:15.000Z,0,netral
https://www.tiktok.com/@kompastv.indonesia/video/7683773213410692359,nana_nunu45,@Jepri bengkel las setia budi,2026-09-12T13:24:11.000Z,0,netral
https://www.tiktok.com/@kompastv.indonesia/video/7683773213410692359,novi48091,🥰🥰🥰,2026-09-10T15:02:21.000Z,0,netral
https://www.tiktok.com/@kompastv.indonesia/video/7683773213410692359,cat.lopers7,😂😂😂,2026-09-11T10:19:48.000Z,0,negatif
https://www.tiktok.com/@kompastv.indonesia/video/7683773213410692359,alex_bizer95,@gerindra aduh,2026-09-13T22:47:43.000Z,0,negatif
https://www.tiktok.com/@kompastv.indonesia/video/7683773213410692359,sheyra.hijab,"Gak mau milih karna hanya pinter bicara ,sekarang malah di kasih yg asal bicara😭",2026-09-10T16:24:36.000Z,0,negatif
https://www.tiktok.com/@kompastv.indonesia/video/7683773213410692359,kulinerkoadi,"dia hanya ingin jadi plesiden, bukan (mau + tidak bisa) jadi plesiden yg benar 😳",2026-09-10T15:23:34.000Z,0,negatif
https://www.tiktok.com/@kompastv.indonesia/video/7683773213410692359,miftah.farid7693,"rakyatnya banyak yg nganggur , ini malah stand up comedy",2026-09-10T07:24:14.000Z,0,negatif
https://www.tiktok.com/@kompastv.indonesia/video/7683773213410692359,lovely.holidays7,Minta maaf pak waktu salah hitung tambah tambah😁,2026-09-10T07:24:38.000Z,0,negatif
https://www.tiktok.com/@kompastv.indonesia/video/7683773213410692359,manaketekeh20,apalagi ini,2026-09-10T07:25:02.000Z,0,negatif
https://www.tiktok.com/@kompastv.indonesia/video/7683773213410692359,arsyil2734,𝚋𝚒𝚕𝚊𝚗𝚐 𝚊𝚓𝚊 𝚕𝚘 𝚕𝚊𝚐𝚒 𝚗𝚐𝚎𝚕𝚎𝚜 𝚍𝚊𝚛𝚒 𝚔𝚎𝚜𝚊𝚕𝚊𝚑𝚊𝚗,2026-09-10T07:25:38.000Z,0,negatif
https://www.tiktok.com/@kompastv.indonesia/video/7683773213410692359,gerry.formosa0,anehnya byk yg tepuk tngn,2026-09-10T07:25:46.000Z,0,negatif
https://www.tiktok.com/@kompastv.indonesia/video/7683773213410692359,baron.3016,yang penjilat akan tertawa paling keras walaupun gak lucu.yang penting atasan senang dan nampak dihargai,2026-09-10T06:59:31.000Z,0,negatif
https://www.tiktok.com/@kompastv.indonesia/video/7683773213410692359,marnimarni733,Hilang ngantuk saya😂,2026-09-10T07:00:48.000Z,0,netral
https://www.tiktok.com/@kompastv.indonesia/video/7683773213410692359,hendriawannugroho,susah banget yaa di bilanginnya😭.,2026-09-10T07:01:27.000Z,0,negatif
https://www.tiktok.com/@kompastv.indonesia/video/7683773213410692359,amozeyn_27,sr aneh ini,2026-09-10T07:02:02.000Z,0,negatif
https://www.tiktok.com/@kompastv.indonesia/video/7683773213410692359,harits_kun,hadeh,2026-09-10T07:03:44.000Z,0,negatif
https://www.tiktok.com/@kompastv.indonesia/video/7683773213410692359,qhuon777,siapa stapnya.,2026-09-10T07:03:45.000Z,0,netral
https://www.tiktok.com/@kompastv.indonesia/video/7683773213410692359,satriabuana1977,👍👍👍,2026-09-10T07:04:01.000Z,0,positif
https://www.tiktok.com/@kompastv.indonesia/video/7683773213410692359,see_get2,rangkuman teks pidato Ala prabowo,2026-09-10T07:04:27.000Z,0,netral
https://www.tiktok.com/@kompastv.indonesia/video/7683773213410692359,mas.jawa9807,stand up Mulu wo wo,2026-09-10T07:04:34.000Z,0,negatif
https://www.tiktok.com/@kompastv.indonesia/video/7683773213410692359,gunlia8,saya mendapat laporan......😂😂,2026-09-10T07:04:34.000Z,0,negatif
https://www.tiktok.com/@kompastv.indonesia/video/7683773213410692359,baihaqi.boy,"aneh yg ikut ketawa, lucunya dimana ...😏",2026-09-10T07:25:58.000Z,0,negatif
https://www.tiktok.com/@kompastv.indonesia/video/7683773213410692359,zzyanti2610,bapak udh waktunya menikmati masa tua. istrahat pak .,2026-09-10T07:04:57.000Z,0,netral
https://www.tiktok.com/@kompastv.indonesia/video/7683773213410692359,edy4967,baru kali ini lihat presiden GK ada wibawanya sama sekali,2026-09-10T07:06:59.000Z,0,negatif
https://www.tiktok.com/@kompastv.indonesia/video/7683773213410692359,alifsyah1989,anak2 yg bernasib malang.... pengenmakanan enak n bergizi tp kenyaaannya seperti itu,2026-09-10T07:07:20.000Z,0,positif
https://www.tiktok.com/@kompastv.indonesia/video/7683773213410692359,hj.aisyahh1,semoga bapak Presiden selalu sehat,2026-09-10T07:07:30.000Z,0,positif
https://www.tiktok.com/@kompastv.indonesia/video/7683773213410692359,nina_bobo1231,Saya mendapat apa gaessss ????,2026-09-10T07:09:08.000Z,0,netral
https://www.tiktok.com/@kompastv.indonesia/video/7683773213410692359,paai57,Intinya MBG. Makanya teks sepanjang itu gak dibaca,2026-09-10T07:09:15.000Z,0,negatif
https://www.tiktok.com/@kompastv.indonesia/video/7683773213410692359,ucuysedunia,belum pernah liat pidatonya yg benar2 membanggakan dan poinnya tepat🥺,2026-09-10T07:10:54.000Z,0,negatif
https://www.tiktok.com/@kompastv.indonesia/video/7683773213410692359,derby.deby.deby,banyak slhnya,2026-09-10T07:11:13.000Z,0,negatif
https://www.tiktok.com/@kompastv.indonesia/video/7683773213410692359,karnotanding83,omon omon,2026-09-10T07:53:20.000Z,0,negatif
https://www.tiktok.com/@kompastv.indonesia/video/7683773213410692359,putrobkl87,"sdh salah semua bpk bicara itu gaji guru cuma hitungan detik naik,kupas bawang 700rb/kg😂😂😂😂",2026-09-10T07:47:49.000Z,0,negatif
https://www.tiktok.com/@kompastv.indonesia/video/7683773213410692359,yu.iyui1,lawak pantas emang di ketawain dia bukan presiden,2026-09-10T07:48:22.000Z,0,negatif
https://www.tiktok.com/@kompastv.indonesia/video/7683773213410692359,candralibra26,mnta maaf klo salah nya ga sengaja dan sekali. la lu tiap ngomong salah mulu disengaja pula. gmn ga muak orang dengerin lo..,2026-09-10T07:48:53.000Z,0,negatif
https://www.tiktok.com/@kompastv.indonesia/video/7683773213410692359,wtszm_,"dia tuh tau klo selalu salah baca teks, bukannya minta maaf sama berbenah buat kedepannya malah tingkahnya makin jadi",2026-09-10T07:49:12.000Z,0,negatif
https://www.tiktok.com/@kompastv.indonesia/video/7683773213410692359,hsnaliii15,lucu nya apa anjir yg ketawa dan tepuk tangan,2026-09-10T07:49:29.000Z,0,negatif
https://www.tiktok.com/@kompastv.indonesia/video/7683773213410692359,abizwarcell_27,bapak bukannya salah bicara pak. cuman salah baca.,2026-09-10T07:49:41.000Z,0,netral
https://www.tiktok.com/@kompastv.indonesia/video/7683773213410692359,athkgara28,gk kbayang perasaan stafNya yg sdah buat itu. tp prabowo buat itu jd lelucon,2026-09-10T07:51:18.000Z,0,negatif
https://www.tiktok.com/@kompastv.indonesia/video/7683773213410692359,guaikesol,90% bakat nya lucu,2026-09-10T07:52:30.000Z,0,netral
https://www.tiktok.com/@kompastv.indonesia/video/7683773213410692359,pak.dedd,ditepukin tangann,2026-09-10T07:46:00.000Z,0,netral
https://www.tiktok.com/@kompastv.indonesia/video/7683773213410692359,magekinsou,apasih,2026-09-10T07:53:29.000Z,0,negatif
https://www.tiktok.com/@kompastv.indonesia/video/7683773213410692359,aprn267,yg kasi mic siapa nih,2026-09-10T07:54:01.000Z,0,negatif
https://www.tiktok.com/@kompastv.indonesia/video/7683773213410692359,papimadher2,"udah lah paak jangan pidato mulu....... muaaaak.
.
.",2026-09-10T07:55:07.000Z,0,negatif
https://www.tiktok.com/@kompastv.indonesia/video/7683773213410692359,damarlora,@Sanjaya,2026-09-10T07:55:43.000Z,0,netral
https://www.tiktok.com/@kompastv.indonesia/video/7683773213410692359,willwecb,yg ketawa sm tepuk tangan tuh sebenarnya kenapa🤣😭,2026-09-10T07:56:06.000Z,0,netral
https://www.tiktok.com/@kompastv.indonesia/video/7683773213410692359,marc6244,Bicara yg tdk bermutu,2026-09-10T07:56:50.000Z,0,negatif
https://www.tiktok.com/@kompastv.indonesia/video/7683773213410692359,demonkiller998_,Malah Standup sekarang🤣,2026-09-10T07:57:16.000Z,0,negatif
https://www.tiktok.com/@kompastv.indonesia/video/7683773213410692359,dontfwithcatz,emang dia pernah minta maaf sama programnya?,2026-09-10T07:58:54.000Z,0,negatif
https://www.tiktok.com/@kompastv.indonesia/video/7683773213410692359,bazestudio,"percaya ga percaya, yang ketawa disitu aset mereka udah aman di luar negeri awowkwkw",2026-09-10T07:59:04.000Z,0,netral
https://www.tiktok.com/@kompastv.indonesia/video/7683773213410692359,dhonghuafans027,Anda liat itu Orang NTT di tembak mati sama KKB itu Wo mreka berkorban untuk mengatur Bantuan di papua tapi di tembak mati oleh KKB bagaimana tindakan anda sebagai presiden jangan cuman banyak omon omon aja,2026-09-10T07:59:25.000Z,0,negatif
https://www.tiktok.com/@kompastv.indonesia/video/7683773213410692359,_yoiko__,sering bercanda..nggak bagus buat seorang presiden 😏,2026-09-10T14:14:38.000Z,0,negatif
https://www.tiktok.com/@kompastv.indonesia/video/7683773213410692359,duckduck12.go,bensin kodong e susah na di Makassar pak sanging pidaton NU bikin,2026-09-10T08:00:46.000Z,0,negatif
https://www.tiktok.com/@kompastv.indonesia/video/7683773213410692359,_jarjaz,beliau ini…,2026-09-10T08:01:08.000Z,0,netral
https://www.tiktok.com/@kompastv.indonesia/video/7683773213410692359,zens.zero_86,"Pidato Berdasarkan Laporan Tanpa Teks Sehingga Omongannya Banyak Bohongnya, Barangkali ???",2026-09-10T07:38:44.000Z,0,negatif
https://www.tiktok.com/@kompastv.indonesia/video/7683773213410692359,ting040398,Pake teks salah lagi guna nya apa 😂,2026-09-10T07:27:25.000Z,0,negatif
https://www.tiktok.com/@kompastv.indonesia/video/7683773213410692359,menembusdinginmalam,negara morat marit gini ditambah ngeliat kelakuan presiden kaya gitu,2026-09-10T07:30:47.000Z,0,negatif
https://www.tiktok.com/@kompastv.indonesia/video/7683773213410692359,renisuryani_92,Bikin kesalahan cuma minta maaf saja??,2026-09-10T07:33:09.000Z,0,negatif
https://www.tiktok.com/@kompastv.indonesia/video/7683773213410692359,gatausiapatanyasaya,staf lu ga jelas,2026-09-10T07:34:42.000Z,0,negatif
https://www.tiktok.com/@kompastv.indonesia/video/7683773213410692359,.muhammadfahri2363,saya dapat laporan,2026-09-10T07:35:15.000Z,0,negatif
https://www.tiktok.com/@kompastv.indonesia/video/7683773213410692359,raider.npl,saya dengar......tumben gak gitu pak😅,2026-09-10T07:35:46.000Z,0,netral
https://www.tiktok.com/@kompastv.indonesia/video/7683773213410692359,gondrex6969,Yg ketawa para penjilat nya.,2026-09-10T07:36:19.000Z,0,netral
https://www.tiktok.com/@kompastv.indonesia/video/7683773213410692359,sukhoi30_flankers,cape,2026-09-10T07:36:21.000Z,0,negatif
https://www.tiktok.com/@kompastv.indonesia/video/7683773213410692359,tono.hartono123,ah wowo wowo,2026-09-10T07:37:12.000Z,0,negatif
https://www.tiktok.com/@kompastv.indonesia/video/7683773213410692359,user_testing_,stand up?,2026-09-10T07:37:12.000Z,0,negatif
https://www.tiktok.com/@kompastv.indonesia/video/7683773213410692359,pemudah_tersesat,Baru juga mau klarifikasih.,2026-09-10T07:37:50.000Z,0,netral
https://www.tiktok.com/@kompastv.indonesia/video/7683773213410692359,fullblack27,"apapun acaranya, mbg isi pidatonya",2026-09-10T06:59:20.000Z,0,negatif
https://www.tiktok.com/@kompastv.indonesia/video/7683773213410692359,chromaticscal,kmpulan org2 dalam,2026-09-10T07:38:59.000Z,0,netral
https://www.tiktok.com/@kompastv.indonesia/video/7683773213410692359,warsitoad,mas Bowo,2026-09-10T07:39:18.000Z,0,netral
https://www.tiktok.com/@kompastv.indonesia/video/7683773213410692359,qzruh08,lugu bgt sih presiden ku Ini 😅,2026-09-10T07:39:57.000Z,0,negatif
https://www.tiktok.com/@kompastv.indonesia/video/7683773213410692359,99.752,Belio ini cocok jadi komika ga sih,2026-09-10T07:40:16.000Z,0,netral
https://www.tiktok.com/@kompastv.indonesia/video/7683773213410692359,kursinggah,(saya presiden indonesia),2026-09-10T07:40:22.000Z,0,netral
https://www.tiktok.com/@kompastv.indonesia/video/7683773213410692359,sdmlamakasi,adek gua klu salah trus gua krain goblok,2026-09-10T07:40:36.000Z,0,netral
https://www.tiktok.com/@kompastv.indonesia/video/7683773213410692359,ndytir1,ada yg lucu?? lucunya dmana?,2026-09-10T07:40:42.000Z,0,negatif
https://www.tiktok.com/@kompastv.indonesia/video/7683773213410692359,doo_rlock13,beliau ga malu apa yaa sama pemimpin2 sebelumnya?,2026-09-10T07:40:57.000Z,0,netral
https://www.tiktok.com/@kompastv.indonesia/video/7683773213410692359,fachmy.mochamad,Wo joged gemoy dulu wo 😂,2026-09-10T07:41:36.000Z,0,netral
https://www.tiktok.com/@kompastv.indonesia/video/7683773213410692359,reyhandreasdito,sby : AMITAMIT,2026-09-10T07:42:32.000Z,0,netral
https://www.tiktok.com/@kompastv.indonesia/video/7683773213410692359,caraxes07x,ketawa maksa udh kek korut aja,2026-09-10T07:44:24.000Z,0,netral
https://www.tiktok.com/@kompastv.indonesia/video/7683773213410692359,babeithatiktok.combamban,bangganya mereka,2026-09-10T06:24:42.000Z,0,netral
https://www.tiktok.com/@kompastv.indonesia/video/7683773213410692359,donysetiawan478,so nyenengke punya presiden..kayak pak Prabowo..kurang nikmatana lagi...,2026-09-10T06:16:55.000Z,0,negatif
https://www.tiktok.com/@kompastv.indonesia/video/7683773213410692359,bhabinsalopalai,sehat-sehat trus pak presiden,2026-09-10T06:17:58.000Z,0,positif
https://www.tiktok.com/@kompastv.indonesia/video/7683773213410692359,aditadi02,Tedy ngk ks jata entar mlm [Tawa oke],2026-09-10T06:19:57.000Z,0,netral
https://www.tiktok.com/@kompastv.indonesia/video/7683773213410692359,fiddott,karena terlalu sering ngaur,2026-09-10T06:20:33.000Z,0,negatif
https://www.tiktok.com/@kompastv.indonesia/video/7683773213410692359,rmo7097,saya dpt laporan,2026-09-10T06:20:53.000Z,0,negatif
https://www.tiktok.com/@kompastv.indonesia/video/7683773213410692359,muliadi.adi.adi,maap tes itu perlu.kl anda perpidato.kl ada ga terima .jadi apa guna nya setap😁😁🙏,2026-09-10T06:21:48.000Z,0,netral
https://www.tiktok.com/@kompastv.indonesia/video/7683773213410692359,bung_boi,au-tis ya??,2026-09-10T06:22:19.000Z,0,negatif
https://www.tiktok.com/@kompastv.indonesia/video/7683773213410692359,bsuryadarma0,Yabegitulah wowo,2026-09-10T06:22:35.000Z,0,negatif
https://www.tiktok.com/@kompastv.indonesia/video/7683773213410692359,endar0579,jangan dengarkan bikin pusing,2026-09-10T06:22:36.000Z,0,negatif
https://www.tiktok.com/@kompastv.indonesia/video/7683773213410692359,kak.bibi66,,2026-09-10T06:22:53.000Z,0,netral
https://www.tiktok.com/@kompastv.indonesia/video/7683773213410692359,haji.bahrul2,tetep aja salah pa kalau di mata pembenci,2026-09-10T06:23:15.000Z,0,netral
https://www.tiktok.com/@kompastv.indonesia/video/7683773213410692359,risaalmna,luar negeri sudah canggih disini masih pakai fotokopi[Tertawa sampai menangis],2026-09-10T06:15:49.000Z,0,netral
https://www.tiktok.com/@kompastv.indonesia/video/7683773213410692359,republcik1,omon doang wo,2026-09-10T06:24:51.000Z,0,negatif
https://www.tiktok.com/@kompastv.indonesia/video/7683773213410692359,badayvava92,kasi ke SBY aja presidennya,2026-09-10T06:24:57.000Z,0,netral
https://www.tiktok.com/@kompastv.indonesia/video/7683773213410692359,janmarboen030290,setiap pidatonya memberatkan rakyat,2026-09-10T06:25:44.000Z,0,negatif
https://www.tiktok.com/@kompastv.indonesia/video/7683773213410692359,hanna.kuswandi,"lgi Meles liat mukanya sama pidatonya,eh malah ada lewat d branda😂😂",2026-09-10T06:25:44.000Z,0,netral
https://www.tiktok.com/@kompastv.indonesia/video/7683773213410692359,yakati29,"kata Prabowo manusia bikin kesalahan minta maaaf saja, jadi kalau pejabat korupsi bisa minta maaf dan rakyat memaafkan😁😁😁👍👍",2026-09-10T06:25:54.000Z,0,negatif
https://www.tiktok.com/@kompastv.indonesia/video/7683773213410692359,dwii1iil,ini komedian ya?,2026-09-10T06:27:26.000Z,0,netral
https://www.tiktok.com/@kompastv.indonesia/video/7683773213410692359,omahjajansemarang,😳😳😳,2026-09-10T06:27:29.000Z,0,netral
https://www.tiktok.com/@kompastv.indonesia/video/7683773213410692359,8mashen.se,NG PANTAS SKALI PRESIDEN BERSIKAP SEPERTI ITU,2026-09-10T06:27:52.000Z,0,negatif
https://www.tiktok.com/@kompastv.indonesia/video/7683773213410692359,ade_wahyu_beurata,stelll...,2026-09-10T06:27:52.000Z,0,netral
https://www.tiktok.com/@kompastv.indonesia/video/7683773213410692359,sendal.jepit047,SBY panik takut dia ngarang,2026-09-10T06:27:57.000Z,0,netral
https://www.tiktok.com/@kompastv.indonesia/video/7683773213410692359,jokowibowo038,"ngapain pada tepuk tgn...mikir mbg,kopdes hnya habisin uang rakyat...blm ribuan anak keracunan",2026-09-10T06:28:06.000Z,0,negatif
https://www.tiktok.com/@kompastv.indonesia/video/7683773213410692359,mbakjen78,😭😭😭😭[Menangis][Menangis][Suka]💔💔💔[Suka],2026-09-10T06:02:32.000Z,0,negatif
https://www.tiktok.com/@kompastv.indonesia/video/7683773213410692359,yusdental46,Pertama,2026-09-10T05:30:21.000Z,0,netral
https://www.tiktok.com/@kompastv.indonesia/video/7683773213410692359,blueberrwwl,pertama min,2026-09-10T05:31:07.000Z,0,netral
https://www.tiktok.com/@kompastv.indonesia/video/7683773213410692359,griya.english,banyak banget 😅,2026-09-10T05:33:06.000Z,0,netral
https://www.tiktok.com/@kompastv.indonesia/video/7683773213410692359,growth1335,🥰,2026-09-10T05:49:14.000Z,0,netral
https://www.tiktok.com/@kompastv.indonesia/video/7683773213410692359,kreisler23,,2026-09-10T05:50:28.000Z,0,netral
https://www.tiktok.com/@kompastv.indonesia/video/7683773213410692359,gaza_update3,"SAMPAI HAL ITU.DI BICARAKAN JUGA,,YA ALLAH DI MANA MARWAHNYA PRESIDEN,,SBY AJA.AGAK GIMANA GITU NGELIAT ORANG INI",2026-09-10T05:51:54.000Z,0,negatif
https://www.tiktok.com/@kompastv.indonesia/video/7683773213410692359,pemburudollar90,Apa sih susahnya minta maaf ya pak 🤭,2026-09-10T05:55:27.000Z,0,netral
https://www.tiktok.com/@kompastv.indonesia/video/7683773213410692359,rwedaan,,2026-09-10T06:01:08.000Z,0,netral
https://www.tiktok.com/@kompastv.indonesia/video/7683773213410692359,endangkomarudin992,presiden kok di ketawain 😜😜😜,2026-09-10T06:01:13.000Z,0,positif
https://www.tiktok.com/@kompastv.indonesia/video/7683773213410692359,invisiblestrings77,sekretaris sekarang santai kerjamu.. bosmu gamau baca data[Laugh approved][Laugh approved],2026-09-10T06:02:16.000Z,0,negatif
https://www.tiktok.com/@kompastv.indonesia/video/7683773213410692359,mbakjen78,President yg Plng Semangat Spnjang Sejarah [Suka][Suka] Demi rakyat tersemyum,2026-09-10T06:03:33.000Z,0,negatif
https://www.tiktok.com/@kompastv.indonesia/video/7683773213410692359,agoes_soesanto159,Rakyat ditembak kkb woiiiii,2026-09-10T06:04:51.000Z,0,netral
https://www.tiktok.com/@kompastv.indonesia/video/7683773213410692359,deli_2ball,TERLALU BANYAK SALAH BICARAMU,2026-09-10T06:04:56.000Z,0,negatif
https://www.tiktok.com/@kompastv.indonesia/video/7683773213410692359,budi2730,bukan presiden ku ini ya..,2026-09-10T06:06:04.000Z,0,negatif
https://www.tiktok.com/@kompastv.indonesia/video/7683773213410692359,hezledominicxavier,CEO mbg,2026-09-10T06:06:55.000Z,0,netral
https://www.tiktok.com/@kompastv.indonesia/video/7683773213410692359,gedeoka857,Di rangkum diringkas masih tetap salah 😂,2026-09-10T06:07:02.000Z,0,negatif
https://www.tiktok.com/@kompastv.indonesia/video/7683773213410692359,thezam20,lucu2,2026-09-10T06:11:07.000Z,0,netral
https://www.tiktok.com/@kompastv.indonesia/video/7683773213410692359,savo.skyva,nggak lucu,2026-09-10T06:13:42.000Z,0,negatif
https://www.tiktok.com/@kompastv.indonesia/video/7683773213410692359,kambet36,kosong,2026-09-10T06:13:57.000Z,0,negatif
https://www.tiktok.com/@kompastv.indonesia/video/7683773213410692359,arifin.pane1,saya rangkum saya ringkas ternyata masih salah🤣,2026-09-10T06:15:44.000Z,0,negatif
https://www.tiktok.com/@kompastv.indonesia/video/7683773213410692359,greenynyi,Naturally funny. Cocok bgt jd standup comedy,2026-09-10T06:47:58.000Z,0,netral
https://www.tiktok.com/@kompastv.indonesia/video/7683773213410692359,user4321b1,prawowo keras kepala,2026-09-10T06:42:41.000Z,0,negatif
https://www.tiktok.com/@kompastv.indonesia/video/7683773213410692359,user2380556073567,ngakak liat Pak SBY🤣🤣🤣🤣,2026-09-10T06:44:08.000Z,0,netral
https://www.tiktok.com/@kompastv.indonesia/video/7683773213410692359,pikapi2842,Lanjutkan 2 periode pak,2026-09-10T06:45:32.000Z,0,positif
https://www.tiktok.com/@kompastv.indonesia/video/7683773213410692359,sleeboorr0,di sidang kelompoknya enteng minta maaf tp giliran kepada rakyat boro boro yg ada rakyat malah di sepelekan😳,2026-09-10T06:42:10.000Z,0,negatif
https://www.tiktok.com/@kompastv.indonesia/video/7683773213410692359,danzzxy78,wowo dengan komedinya,2026-09-10T06:48:36.000Z,0,negatif
https://www.tiktok.com/@kompastv.indonesia/video/7683773213410692359,alamkoitulungagung,sebenarnya dia juga tau loh ya kalau dia itu salah tapi kok ngehe banget gitu 😂,2026-09-10T06:48:50.000Z,0,negatif
https://www.tiktok.com/@kompastv.indonesia/video/7683773213410692359,username123654987123,salahnya terus terusan,2026-09-10T06:49:29.000Z,0,negatif
https://www.tiktok.com/@kompastv.indonesia/video/7683773213410692359,theghu88,tanpa teks malah ngawur,2026-09-10T06:50:48.000Z,0,negatif
https://www.tiktok.com/@kompastv.indonesia/video/7683773213410692359,rdhenzona,"yg sebelumnya diejek selalu pake teks, yg ni gak pake teks 10+6 17..",2026-09-10T06:51:31.000Z,0,negatif
https://www.tiktok.com/@kompastv.indonesia/video/7683773213410692359,handri.putera,Di Akhirat kelak pasti akan impas,2026-09-10T06:51:35.000Z,0,netral
https://www.tiktok.com/@kompastv.indonesia/video/7683773213410692359,achmadrifanist,,2026-09-10T06:51:50.000Z,0,netral
https://www.tiktok.com/@kompastv.indonesia/video/7683773213410692359,bustasmoke,lagi nonton stand up comedy,2026-09-10T06:52:04.000Z,0,netral
https://www.tiktok.com/@kompastv.indonesia/video/7683773213410692359,azerazha,presiden yang tidak mempunyai wibawa sama sekali 🗿😏,2026-09-10T06:52:08.000Z,0,negatif
https://www.tiktok.com/@kompastv.indonesia/video/7683773213410692359,sixthlunareclipse,seketika dia luntur wibawanya,2026-09-10T06:53:33.000Z,0,negatif
https://www.tiktok.com/@kompastv.indonesia/video/7683773213410692359,adiajakok30,beliau dengan bangganya,2026-09-10T06:54:05.000Z,0,netral
https://www.tiktok.com/@kompastv.indonesia/video/7683773213410692359,modal.bacot5,parah,2026-09-10T06:33:31.000Z,0,negatif
https://www.tiktok.com/@kompastv.indonesia/video/7683773213410692359,hisar.johannes,Dirangkum dan diringkas jadinya cepet selesai biasanya,2026-09-10T06:30:09.000Z,0,netral
https://www.tiktok.com/@kompastv.indonesia/video/7683773213410692359,skyline3074,"semuanya selamat kan diri masing"" probowo akan berpidato 🏃🏃🤯",2026-09-10T06:30:15.000Z,0,netral
https://www.tiktok.com/@kompastv.indonesia/video/7683773213410692359,be.be.setiawan,"teks yg merupakan laporan laporan,omon omon kerja nya tangankanan presiden.(pemimpin dan bawahan ngak bisa kerja semua)",2026-09-10T06:31:08.000Z,0,negatif
https://www.tiktok.com/@kompastv.indonesia/video/7683773213410692359,erijon.sitanggang,dapat laporan ya wo,2026-09-10T06:31:38.000Z,0,netral
https://www.tiktok.com/@kompastv.indonesia/video/7683773213410692359,moko_1708,pidato❌️stand up comedy✅️,2026-09-10T06:31:49.000Z,0,negatif
https://www.tiktok.com/@kompastv.indonesia/video/7683773213410692359,syakur.leo.calist,ni pidato trs pamer pakai gni.it penting ny apa..sok ..hbis hbis in waktu aj..dn ABS trs di tepuk tangan i.,2026-09-10T06:32:04.000Z,0,negatif
https://www.tiktok.com/@kompastv.indonesia/video/7683773213410692359,user9781224563678,kui presdn opo dudu,2026-09-10T06:32:54.000Z,0,negatif
https://www.tiktok.com/@kompastv.indonesia/video/7683773213410692359,swarayatrip,penting nya bisa ngambil point2 penting dari isi naskah ya. jadi kalo memaparkan gak ngatur ngidul 😂,2026-09-10T06:33:06.000Z,0,negatif
https://www.tiktok.com/@kompastv.indonesia/video/7683773213410692359,darmaji_.....1,cuman itu kwalitas nya,2026-09-10T06:33:28.000Z,0,netral
https://www.tiktok.com/@kompastv.indonesia/video/7683773213410692359,penguasaebyss,banyakan ngibul juga nyawit ni korang pidato,2026-09-10T08:01:16.000Z,0,negatif
https://www.tiktok.com/@kompastv.indonesia/video/7683773213410692359,finr1,tua presidenku,2026-09-10T06:33:41.000Z,0,netral
https://www.tiktok.com/@kompastv.indonesia/video/7683773213410692359,misro5.698,"sy kadang GK abis pikir dg para petinggi di negeri ini. di saat rakyat kena musibah banjir.kebakaran.pajak naik. rakyat susah nyari pekerjaan. bahkan perputaran uang di rakyat seakan berhenti di karenakan barang2 PD mahal.banyak yg keracunan juga.ko mrk msih smpt ketawa ketiwi.
perasaan ini semua sungguh TDK adil.",2026-09-10T06:34:17.000Z,0,negatif
https://www.tiktok.com/@kompastv.indonesia/video/7683773213410692359,warga.konoha369,🤔🤔🤔,2026-09-10T06:34:59.000Z,0,netral
https://www.tiktok.com/@kompastv.indonesia/video/7683773213410692359,123chu1,Teu lucu laaah,2026-09-10T06:35:04.000Z,0,negatif
https://www.tiktok.com/@kompastv.indonesia/video/7683773213410692359,indrbgus24,"dia kira setiap ada kesalahan cukup dengan ""minta maaf"" ??? hebat sekali anda @PRABOWO SUBIANTO @gerindra @Teddy Indra Wijaya HQ",2026-09-10T06:35:47.000Z,0,negatif
https://www.tiktok.com/@kompastv.indonesia/video/7683773213410692359,zoronomatter,serasa kiamat maju sehari 🫠,2026-09-10T06:37:21.000Z,0,negatif
https://www.tiktok.com/@kompastv.indonesia/video/7683773213410692359,gariskerasb6,😂,2026-09-10T06:38:43.000Z,0,negatif
https://www.tiktok.com/@kompastv.indonesia/video/7683773213410692359,user2929116190176,seperti acara stand up komedi nih,2026-09-10T06:39:37.000Z,0,netral
https://www.tiktok.com/@kompastv.indonesia/video/7683773213410692359,ahmadarsad1,"kesian juga yg bikin teks,jadi bahan candaan",2026-09-10T06:39:57.000Z,0,negatif
https://www.tiktok.com/@kompastv.indonesia/video/7683773213410692359,ikbal9393,laporan?,2026-09-10T09:51:09.000Z,0,negatif
https://www.tiktok.com/@kompastv.indonesia/video/7683773213410692359,yohanshi,minta maaf aja bercanda apalagi,2026-09-10T09:40:34.000Z,0,negatif
https://www.tiktok.com/@kompastv.indonesia/video/7683773213410692359,ultraman.biru7,membodohkan stafnya sndri secara halus😏,2026-09-10T09:40:48.000Z,0,negatif
https://www.tiktok.com/@kompastv.indonesia/video/7683773213410692359,yunanxcn,ketawa karir biasa 😂,2026-09-10T09:40:56.000Z,0,netral
https://www.tiktok.com/@kompastv.indonesia/video/7683773213410692359,gungtaa3,berarti tau ya kalau dulu2 pidato dia salah? minta maaf nya mana? depan putin bisa minta maaf sama nangis segala tp sama rakyat sukanya nginjek2,2026-09-10T09:43:30.000Z,0,negatif
https://www.tiktok.com/@kompastv.indonesia/video/7683773213410692359,id_010124,Saya mendapat laporan saya mendapat laporan saya mendapat laporan saya mendaat laporan saya mendapat laporan,2026-09-10T09:44:42.000Z,0,negatif
https://www.tiktok.com/@kompastv.indonesia/video/7683773213410692359,sally.shop.murah,"ooohhhh god....
tp mrk berpendidikan lohhh",2026-09-10T09:45:46.000Z,0,negatif
https://www.tiktok.com/@kompastv.indonesia/video/7683773213410692359,nuwuuu,"Pak sby ketawa dalem hatinya berucap ""ada gila2nya ni orang!""",2026-09-10T09:49:22.000Z,0,netral
https://www.tiktok.com/@kompastv.indonesia/video/7683773213410692359,ggabrsss,Presiden btw🤭,2026-09-10T09:50:06.000Z,0,negatif
https://www.tiktok.com/@kompastv.indonesia/video/7683773213410692359,bebekangontengahsawah,SGLANYA HRS TERKONTROL KBIJAKAN SNDIRI YG INTERN BGNI KOK DBOCORIN SNDIRI,2026-09-10T09:50:15.000Z,0,negatif
https://www.tiktok.com/@kompastv.indonesia/video/7683773213410692359,ismethadam,"pidato tak berguna, yg ketawa cuma penjilatnya saja",2026-09-10T09:50:31.000Z,0,negatif
https://www.tiktok.com/@kompastv.indonesia/video/7683773213410692359,budgiibudgii,"baca aja pak, takut blunder lagi .",2026-09-10T09:50:54.000Z,0,negatif
https://www.tiktok.com/@kompastv.indonesia/video/7683773213410692359,rahmahadnan21,reaksi yg nulis gimana? marah gak?,2026-09-10T09:54:12.000Z,0,netral
https://www.tiktok.com/@kompastv.indonesia/video/7683773213410692359,tol38888,u missing the point wo,2026-09-10T09:54:20.000Z,0,negatif
https://www.tiktok.com/@kompastv.indonesia/video/7683773213410692359,titik2c,"Coba gue ada disitu, gue teriakin..
GAK LUCU ANJAY!!",2026-09-10T09:57:40.000Z,0,netral
https://www.tiktok.com/@kompastv.indonesia/video/7683773213410692359,neptunus_o9,"coba sekali2 pamerin dimana 13 orang korban penculikan yg masih hilang itu berada,
biar aksi kamisan berhenti 🗿",2026-09-10T09:59:31.000Z,0,netral
https://www.tiktok.com/@kompastv.indonesia/video/7683773213410692359,reniekaputri0,lucunya dimana yaa😏😳,2026-09-10T09:59:32.000Z,0,negatif
https://www.tiktok.com/@kompastv.indonesia/video/7683773213410692359,putliuu,Yang ketawa dan tepuk tangan dimana letak lucunya,2026-09-10T09:59:38.000Z,0,netral
https://www.tiktok.com/@kompastv.indonesia/video/7683773213410692359,riyan.suherlan4,prasaan percuma pake Teks juga yg di bicarakan MBG,2026-09-10T10:01:09.000Z,0,negatif
https://www.tiktok.com/@kompastv.indonesia/video/7683773213410692359,adek17171,king of omkn omon,2026-09-10T10:01:18.000Z,0,negatif
https://www.tiktok.com/@kompastv.indonesia/video/7683773213410692359,duniabanyaktiputipukali,"udah gak tertolong lagi teman teman,,selamatkan diri kalian masing masing....",2026-09-10T10:03:19.000Z,0,negatif
https://www.tiktok.com/@kompastv.indonesia/video/7683773213410692359,hanoumsyarifah,Sehat selalu Pak Prabowo🩵,2026-09-10T09:34:26.000Z,0,positif
https://www.tiktok.com/@kompastv.indonesia/video/7683773213410692359,dodoiiii_,"seharusnya sebelum pidato diberi arahan, dikasih tau bagian ini itu",2026-09-10T09:24:35.000Z,0,netral
https://www.tiktok.com/@kompastv.indonesia/video/7683773213410692359,arya21217_,apakah pantas seorang presiden begitu?,2026-09-10T09:26:07.000Z,0,negatif
https://www.tiktok.com/@kompastv.indonesia/video/7683773213410692359,info.kajian.islam,"setelah Sidoarjo,,skrg pati keracunan embege ,kpn berakhir pak?",2026-09-10T09:27:18.000Z,0,negatif
https://www.tiktok.com/@kompastv.indonesia/video/7683773213410692359,myorihan,Innalillahi,2026-09-10T09:27:26.000Z,0,netral
https://www.tiktok.com/@kompastv.indonesia/video/7683773213410692359,alhajr1_06,padahal mah isi setiap pidatonya sama aja😂,2026-09-10T09:28:02.000Z,0,negatif
https://www.tiktok.com/@kompastv.indonesia/video/7683773213410692359,user804298951,udah lah sebenernya kita semua sama. cuman gx ada orang dalam aja .,2026-09-10T09:28:15.000Z,0,netral
https://www.tiktok.com/@kompastv.indonesia/video/7683773213410692359,reyfanpiyu,"maaf si maaf pak namanya juga manusia, tp se enggaknya bapak tau kalo bapak itu presiden dan setiap kesalahan presiden itu berpengaruh pada rakyatnya",2026-09-10T09:28:40.000Z,0,negatif
https://www.tiktok.com/@kompastv.indonesia/video/7683773213410692359,swardy.tan,"cukup 1 periode aja ,presiden kok kyk gini",2026-09-10T09:31:58.000Z,0,negatif
https://www.tiktok.com/@kompastv.indonesia/video/7683773213410692359,ind.sdm,mereka itu ngetawain atau ketawa karena lucu?,2026-09-10T09:34:02.000Z,0,netral
https://www.tiktok.com/@kompastv.indonesia/video/7683773213410692359,sugionoyanto5,enak aja bikin kslahn minta maaf aja wk🤣 ...gue dapat ksalhan tuhuk minta maaf tetap kd di terima wk,2026-09-10T09:34:21.000Z,0,negatif
https://www.tiktok.com/@kompastv.indonesia/video/7683773213410692359,echoofstars,MUDAH MUDAHAN GA SALAH BICARQ,2026-09-10T09:34:41.000Z,0,netral
https://www.tiktok.com/@kompastv.indonesia/video/7683773213410692359,pencaksilat_indonesia92,"salah bapak sampe indo mau bangkrut, kalau anak2 keracunan mbg? kok bpk gak mintak maaf",2026-09-10T09:36:18.000Z,0,negatif
https://www.tiktok.com/@kompastv.indonesia/video/7683773213410692359,ladokutuk,Dia ga ada wibawanya jir emang pantes dipecat dr jendral beda sama sby,2026-09-10T09:36:38.000Z,0,negatif
https://www.tiktok.com/@kompastv.indonesia/video/7683773213410692359,emptyboys__,Bapak Pidato Indonesia. salut deh sama bapak karena telah mencetak rekor muri[Tertawa sampai menangis],2026-09-10T09:37:56.000Z,0,netral
https://www.tiktok.com/@kompastv.indonesia/video/7683773213410692359,pocongkuru1,itu karena kroni mu gk percaya...omonganmu bisa baik bisa bijaksana....loe sering ngomong menyakiti rakyat....,2026-09-10T09:38:17.000Z,0,netral
https://www.tiktok.com/@kompastv.indonesia/video/7683773213410692359,ricar_aldo,lucu banget komika ini,2026-09-10T09:39:05.000Z,0,negatif
https://www.tiktok.com/@kompastv.indonesia/video/7683773213410692359,ahmadfajaralfagoin2,Dia tuh rela ngelakuin apapun demi dapet tepuk tangan 😭,2026-09-10T09:39:09.000Z,0,negatif
https://www.tiktok.com/@kompastv.indonesia/video/7683773213410692359,islamy_sati,atur aja lah pakk,2026-09-10T10:29:12.000Z,0,netral
https://www.tiktok.com/@kompastv.indonesia/video/7683773213410692359,tessatissuuuu,Apasi jir pidato elu tuh ga ada dagingnya,2026-09-10T10:29:40.000Z,0,negatif
https://www.tiktok.com/@kompastv.indonesia/video/7683773213410692359,bungalily093,Asal bapak senang ajalah,2026-09-10T10:30:06.000Z,0,negatif
https://www.tiktok.com/@kompastv.indonesia/video/7683773213410692359,kerja.bonus.jalan2,mesti nya hargai kerja dari staff nya jangan di remehkan..,2026-09-10T10:32:00.000Z,0,positif
https://www.tiktok.com/@kompastv.indonesia/video/7683773213410692359,uzieboy,Saingan cak lontong,2026-09-10T10:36:18.000Z,0,netral
https://www.tiktok.com/@kompastv.indonesia/video/7683773213410692359,lilyhopeeee,Kingpin versi real,2026-09-10T10:37:06.000Z,0,netral
https://www.tiktok.com/@kompastv.indonesia/video/7683773213410692359,hl....27,komika?,2026-09-10T10:37:36.000Z,0,netral
https://www.tiktok.com/@kompastv.indonesia/video/7683773213410692359,gluone,gila egonyaaa tinggi bener,2026-09-10T10:37:40.000Z,0,negatif
https://www.tiktok.com/@kompastv.indonesia/video/7683773213410692359,junn.ea,dihh,2026-09-10T10:38:03.000Z,0,negatif
https://www.tiktok.com/@kompastv.indonesia/video/7683773213410692359,matchaceeh_,lagi 😌😌 @SindyP,2026-09-10T10:29:12.000Z,0,netral
https://www.tiktok.com/@kompastv.indonesia/video/7683773213410692359,tribelss,wibawanya g ada,2026-09-10T10:42:29.000Z,0,negatif
https://www.tiktok.com/@kompastv.indonesia/video/7683773213410692359,rembo0074,mantap lanjutkan pak 2 priode,2026-09-10T10:42:39.000Z,0,positif
https://www.tiktok.com/@kompastv.indonesia/video/7683773213410692359,dhstyzr,lucu banget wkwkwkw😐,2026-09-10T10:42:55.000Z,0,netral
https://www.tiktok.com/@kompastv.indonesia/video/7683773213410692359,lucablack00,saya rangkum dan hasilnya : saya kelihatan gonlox,2026-09-10T10:28:55.000Z,0,negatif
https://www.tiktok.com/@kompastv.indonesia/video/7683773213410692359,annas_naz,@piyulll,2026-09-10T10:44:00.000Z,0,netral
https://www.tiktok.com/@kompastv.indonesia/video/7683773213410692359,rifqisetiaboedi,"don't be sorry, be better...",2026-09-10T10:45:40.000Z,0,netral
https://www.tiktok.com/@kompastv.indonesia/video/7683773213410692359,bagus_san0,buat pendukungnya,2026-09-10T10:46:10.000Z,0,netral
https://www.tiktok.com/@kompastv.indonesia/video/7683773213410692359,acanresta,"ntar KLO dah GK dbkinin dblangnya GK kerja, dah dibikinin Mlah kyak gtu GK menghargai... KLO GK Mao pkai teks pidato Blang dri awal... jgn kyk gtu...",2026-09-10T10:47:35.000Z,0,negatif
https://www.tiktok.com/@kompastv.indonesia/video/7683773213410692359,aukwekwek,hahahahahahhahaahah,2026-09-10T10:48:55.000Z,0,netral
https://www.tiktok.com/@kompastv.indonesia/video/7683773213410692359,reniaratri,And everyones laughing 😐😐😐😐😐😐😐,2026-09-10T10:49:22.000Z,0,netral
https://www.tiktok.com/@kompastv.indonesia/video/7683773213410692359,gacorgaming63,tebak isinya,2026-09-10T10:49:44.000Z,0,netral
https://www.tiktok.com/@kompastv.indonesia/video/7683773213410692359,hodeshop,ambrol wibawanya,2026-09-10T10:07:02.000Z,0,negatif
https://www.tiktok.com/@kompastv.indonesia/video/7683773213410692359,rumahketigaco,Intinya selama ini dia ga ngerasa salah walo ngelantur kemana mana,2026-09-10T10:07:08.000Z,0,negatif
https://www.tiktok.com/@kompastv.indonesia/video/7683773213410692359,naufal_fakhriey,lu disiapkan biar gak blunder wooo yg malu pendukungnya eh malah dikasih tau😂,2026-09-10T10:07:12.000Z,0,netral
https://www.tiktok.com/@kompastv.indonesia/video/7683773213410692359,andisetiaji30,pantes ngawur ga bisa data jd laporannya ngaco,2026-09-10T10:07:19.000Z,0,negatif
https://www.tiktok.com/@bbcnewsindonesia/video/7668971169520848135,ny.susi14,Membayangkan tiba2 iran kirim rudal...sedangkan TNinya sama Polisinya sibuk MBG😭,2026-08-01T12:25:15.000Z,15216,netral
https://www.tiktok.com/@bbcnewsindonesia/video/7668971169520848135,hewyodiarys,jujur gue lebih penasaran gimana ntar buzzer ngebelainnya 😂,2026-08-01T10:16:17.000Z,8290,netral
https://www.tiktok.com/@bbcnewsindonesia/video/7668971169520848135,tukangcekout.official,KNP YA BELIAU INI GAK MAU IKUTIN SARAN DR ORANG2 KALO PIDATO KUDU PAKE TEXT 😩 BIAR GAK NGUAWURRR KMNA2 😩,2026-08-01T13:00:43.000Z,4052,negatif
https://www.tiktok.com/@bbcnewsindonesia/video/7668971169520848135,ochigorbachev13,pidato gak ada isinya,2026-08-01T11:15:30.000Z,843,negatif
https://www.tiktok.com/@bbcnewsindonesia/video/7668971169520848135,ilhamfajr14,Nyuklir,2026-08-01T09:07:45.000Z,2256,netral
https://www.tiktok.com/@bbcnewsindonesia/video/7668971169520848135,burhanudin.wari,urus aj rakyat mu yg kelaparan....gak usah ngurus nuklir terlalu jauh...,2026-08-01T10:14:04.000Z,2261,negatif
https://www.tiktok.com/@bbcnewsindonesia/video/7668971169520848135,salimthalibb,"seharusnya pejabat itu hati hati kalau ngomong, apalagi kepala negara,bisa merusak hubungan",2026-08-01T12:11:44.000Z,513,negatif
https://www.tiktok.com/@bbcnewsindonesia/video/7668971169520848135,ronie7904,"masih kalah sm indo,,, kita punya koruptor lebih bahaya dr nuklir",2026-08-01T09:47:53.000Z,451,netral
https://www.tiktok.com/@bbcnewsindonesia/video/7668971169520848135,cucufiraun04,Mungkin kedepannya prabowo pingin mbg tenaga nuklir 🤣🤣🤣🤣,2026-08-01T12:51:42.000Z,161,netral
https://www.tiktok.com/@bbcnewsindonesia/video/7668971169520848135,mbah.mo13,"Mlah bahas nuklir
membasmi korupsi aja GK becus",2026-08-01T19:02:24.000Z,95,negatif
https://www.tiktok.com/@bbcnewsindonesia/video/7668971169520848135,deqicate,setelah byk nyari masalah dg rakyat sendiri dia skrng mulai nyari masalah dg negara lain....,2026-08-01T14:25:10.000Z,665,negatif
https://www.tiktok.com/@bbcnewsindonesia/video/7668971169520848135,divo83ilhamgmail,dibilang jgn kasih mic.... ngeri2 sedap isinya kl dah pidato,2026-08-01T09:58:25.000Z,49,negatif
https://www.tiktok.com/@bbcnewsindonesia/video/7668971169520848135,bathara.setya,"Suharto membuangnya
Habibie memecatnya
Kalian malah memilihnya, 😂😂😂",2026-08-05T23:15:45.000Z,21,netral
https://www.tiktok.com/@bbcnewsindonesia/video/7668971169520848135,badutpekrja0,buzzernya lagi pusing ini... pasti lagi mikir gimana ya cara biar apa yang Prabowo katakan bisa dicerna masyarakat 😂😂😂,2026-08-01T11:03:23.000Z,52,netral
https://www.tiktok.com/@bbcnewsindonesia/video/7668971169520848135,cecep.sugandy,"boro"" mikir nuklir mikiri mbg aja amburadul 🤣",2026-08-01T14:38:46.000Z,17,negatif
https://www.tiktok.com/@bbcnewsindonesia/video/7668971169520848135,hariyanto171717,"negara lain ingin punya senjata nuklir, Indonesia malah ingin memperbanyak kipas",2026-08-01T12:58:21.000Z,9,netral
https://www.tiktok.com/@bbcnewsindonesia/video/7668971169520848135,santiagogarcia90s,"Suharto membuangnya
Habibie memecatnya
Kalian malah memilihnya, 😂😂😂",2026-08-05T01:46:09.000Z,20,netral
https://www.tiktok.com/@bbcnewsindonesia/video/7668971169520848135,pinkman1996_,"Percayalah Indonesia sedang di hajar habis-habisan oleh asing, masyarakat jangan panik, mohon tetap tenang meski rupiah melemah, jangan mengeluh, selebihnya percayakan pada pemimpin kita",2026-08-01T14:45:17.000Z,15,positif
https://www.tiktok.com/@bbcnewsindonesia/video/7668971169520848135,jojobot73,"NEGARA LUAR INGIN PUNYA SENJATA NUKLIR
TNI MALAH INGIN MISKINLAN RAKYATNYA🤣🤣🤣",2026-08-01T09:25:56.000Z,302,netral
https://www.tiktok.com/@bbcnewsindonesia/video/7668971169520848135,idamarniah,takut indo di rudal gara2 omongan dia. yg sring gk jelas,2026-08-01T14:23:01.000Z,294,negatif
https://www.tiktok.com/@bbcnewsindonesia/video/7668971169520848135,junaedi.ajalah6,kenpaA setiap prabowo pidato saya selalu komentar meremekan prabowo,2026-08-02T00:02:24.000Z,8,netral
https://www.tiktok.com/@bbcnewsindonesia/video/7668971169520848135,sangean_nangarep,"New Clear.
New artinya baru, Clear artinya bersih.
artinya Bapak menghendaki pemerintahan yang baru Dan bersih.",2026-08-01T12:29:47.000Z,403,negatif
https://www.tiktok.com/@bbcnewsindonesia/video/7668971169520848135,faisalnur886,"pak jangan bahas""nuklir TNi sedang sibuk mengembangkan senjata KOPDES ..dan polisi sedang sibuk mengembangkan MBG....sudh wo jangan bahas""nuklir lagi",2026-08-02T04:33:27.000Z,18,netral
https://www.tiktok.com/@bbcnewsindonesia/video/7668971169520848135,rifai_ahmad24,"mungkin takutnya, bagi negara yg disebutkan, itu bagian dari rahasia. malah disini diucapkan secara terang terangan. kalau yg ngmong kita, itu sepele. tpi kalau yg ngmong presiden, udah beda lagi. yg semula niatnya buat rahasia, ini malah dibeberin.",2026-08-01T11:14:51.000Z,112,negatif
https://www.tiktok.com/@bbcnewsindonesia/video/7668971169520848135,_r52_,beliau pidato kiamat maju 1 hari,2026-08-01T21:40:56.000Z,7,negatif
https://www.tiktok.com/@bbcnewsindonesia/video/7668971169520848135,po.is_on,"gini ges pidato presiden itu berbahaya bisa memicu negara yg di sebut tadi marah ke negera kita tanpa adanya bukti kalo mereka mau bikin senjata nuklir (semisal benar mereka ingin membuat senjata nuklir, kan bukan urusan presiden harus mengucap ke publik. dikarenakan senjata nuklir itu sifatnya rahasia). kalian tau kan amerika sering nuduh daerah² timur tengah tentang punya senjata nuklir. effect nya bisa merusak kestabilan & status negara tersebut . tanpa ada bukti jelasnya.",2026-08-01T10:33:05.000Z,2504,netral
https://www.tiktok.com/@bbcnewsindonesia/video/7668971169520848135,user3781098290169,Buat apa takut nuklir Iran.. kan ada kipas kopdes yg bisa hempas kan peluru dan bom nuklirnya,2026-08-03T02:18:56.000Z,238,netral
https://www.tiktok.com/@bbcnewsindonesia/video/7668971169520848135,tsalasah.asaroh,"rakyat lagi demo ekonomi ini malah bahas nuklir dimana""",2026-08-01T12:15:07.000Z,31,netral
https://www.tiktok.com/@bbcnewsindonesia/video/7668971169520848135,ohhbagas,GW BAKAL CEPUIN PRABOWO KE IRAN LEWAT X!,2026-08-01T09:47:54.000Z,4813,netral
https://www.tiktok.com/@bbcnewsindonesia/video/7668971169520848135,ban9pai,"kalian fokus pidatonya, gw malah penasaran, siapa yang Matikan mic dan Cut video menjadi iklan",2026-08-01T11:47:26.000Z,204,netral
https://www.tiktok.com/@bbcnewsindonesia/video/7668971169520848135,sppgjemberutara,"Nuklir nuklir, aspal nooh bolong bolong gak dibenerin",2026-08-02T04:24:52.000Z,179,negatif
https://www.tiktok.com/@bbcnewsindonesia/video/7668971169520848135,ancndrp,kata kata selanjutnya kita juga harus punya senjata nuklir tuh🤭😹,2026-08-01T12:24:23.000Z,154,netral
https://www.tiktok.com/@bbcnewsindonesia/video/7668971169520848135,aditt7936,"""IRAN SUDAH PUNYA SENJATA NYUKLIR""
IRAN",2026-08-01T17:24:35.000Z,108,negatif
https://www.tiktok.com/@bbcnewsindonesia/video/7668971169520848135,leher_knalpot_motor,"Sudah gak ada harapan, jaga diri masing masing gaess,
senang rasanya pernah satu negara dengan kalian 🙏....OTW pindah Jepang ✈️",2026-08-01T14:32:47.000Z,67,netral
https://www.tiktok.com/@bbcnewsindonesia/video/7668971169520848135,tarudindosen,"Biasanya blunder kepada rakyat sendiri.
Skrg kena batunya, blunder kepada dunia internasional.
Kita tunggu saja bagaimana reaksi negara2 di dunia, siap2 kita tepot🙏",2026-08-01T09:31:55.000Z,57,negatif
https://www.tiktok.com/@bbcnewsindonesia/video/7668971169520848135,adityasanjaya073,"Dikatakan bahwa Iran sudah punya senjata nuklir!!!
itu berarti si Wowo dengan lantang memvalidasi kalo Iran punya senjata nuklir,bjiirr berani bener nih si wowo, padahal Amerika yg negara super power saja tidak berani membuat statement seperti si wowo,mereka hanya ""mengira"" Iran punya senjata nuklir saja reaksi negara Iran sangat marah ke Amerika
gimana kalo negara Iran lihat pidato Prabowo ini🗿🗿🗿",2026-08-01T22:41:33.000Z,53,negatif
https://www.tiktok.com/@bbcnewsindonesia/video/7668971169520848135,bembi0205,"nah itu dia, negara lain mempersiapkan senjata nuklir, Konoha justru kebanyakan senjata omon""",2026-08-01T10:51:12.000Z,52,negatif
https://www.tiktok.com/@bbcnewsindonesia/video/7668971169520848135,kebebasan_12,"aku yang golput aja mnyesal
apalgi yang menyoblosnya",2026-08-01T12:48:37.000Z,29,negatif
https://www.tiktok.com/@bbcnewsindonesia/video/7668971169520848135,tunas.tani1,para pembenci pada komen padahal Prabowo hanya mengingatkan akan bahaya perang nuklir karna situasi geopolitik dunia sedang tidak baik baik sajah dan bisa sajah akan terjadi perang dunia ke 3 🤣,2026-08-01T12:11:43.000Z,35,positif
https://www.tiktok.com/@bbcnewsindonesia/video/7668971169520848135,ristamtajudin,"diawali *dikatakan* itu berarti asumsi dan belum fakta dari berbagai sumber.
bisa dikatakan ""kata Amerika"" Iran punya senjata nuklir,
nah.. santai saja, itu hanya sebuah pembahasan ada kemungkinan yang belum pasti, hanya untuk persiapan dan respon dari asumsi yang beredar.
oke, itu menurut asumsi saya ya... sekali lagi asumsi saya.",2026-08-01T11:33:29.000Z,13,positif
https://www.tiktok.com/@bbcnewsindonesia/video/7668971169520848135,adencie,bahaya tuh ngom suka ga nyambung urusan kadin malah ke nuklir uyuhan nu milihna,2026-08-01T14:24:19.000Z,7,negatif
https://www.tiktok.com/@bbcnewsindonesia/video/7668971169520848135,alexsinggi,gak ada salahnya bilang begitu memang faktanya begitu.. tetap majukan Indonesia pa Prabowo,2026-08-01T22:07:46.000Z,6,positif
https://www.tiktok.com/@bbcnewsindonesia/video/7668971169520848135,anwarpanggabean6,emang kenapa kalo mereka punya nuklir?,2026-08-01T11:01:33.000Z,14,netral
https://www.tiktok.com/@bbcnewsindonesia/video/7668971169520848135,apaajabole4497,reaksi Iran gimana ya???,2026-08-01T12:37:22.000Z,11,netral
https://www.tiktok.com/@bbcnewsindonesia/video/7668971169520848135,absolutecinem01,"prabowo itu wali, dia bicara begitu untuk kedamain dunia, kalian jangan salah paham, harusnya paham apa yang beliau maksud",2026-08-01T09:29:31.000Z,21,positif
https://www.tiktok.com/@bbcnewsindonesia/video/7668971169520848135,artrian13,kata gua mah gak bakal ditanggepin sama negara2 tersebut. wong presiden kita kaga ada penting2nya di ranah global 😂,2026-08-02T14:14:34.000Z,27,negatif
https://www.tiktok.com/@bbcnewsindonesia/video/7668971169520848135,rianhunt8,"trlalu banyak ngomong nya, hingga lupa apa yg telah di omongin kemaren2...",2026-08-01T14:37:24.000Z,36,negatif
https://www.tiktok.com/@bbcnewsindonesia/video/7668971169520848135,ocohc11,Menyesal bgt anjr udh vote prabowo di pilpres kmren,2026-08-01T11:00:11.000Z,27,negatif
https://www.tiktok.com/@bbcnewsindonesia/video/7668971169520848135,sumarso586,kok sama Trump Nuduh IRAN..punya senjata Nuklir,2026-08-01T13:13:03.000Z,15,netral
https://www.tiktok.com/@bbcnewsindonesia/video/7668971169520848135,chefnas8,"Urus saja urusan dalam negeri
. kerja nyata jangka pendek (program) pro rakyat.. supaya rakyat bisa makan.. daripada bicara urusan Nuklir yang tidak penting buat rakyat Indonesia saat ini..!!!!",2026-08-01T11:38:08.000Z,8,negatif
https://www.tiktok.com/@bbcnewsindonesia/video/7668971169520848135,bg_to2p,"Di iran sibuk perang nuklir,
sedangkan di negeri awan sibuk perang ""kopdes""",2026-08-02T05:25:11.000Z,8,netral
https://www.tiktok.com/@bbcnewsindonesia/video/7668971169520848135,hayolo_namaku_siapa,"Kenapa di potong? Karna ini rahasia guys, soal nuklir negara jangan sampai antek asing membaca pergerakan Indonesia soal nuklir ini",2026-08-01T14:17:07.000Z,24,netral
https://www.tiktok.com/@bbcnewsindonesia/video/7668971169520848135,notforyouto,"jangan sampe gara2 omongan asbun presiden, kita malah jadi war sama negara lain",2026-08-01T13:10:37.000Z,5,negatif
https://www.tiktok.com/@bbcnewsindonesia/video/7668971169520848135,noviantipipin,"waduh, nantangin iran si wowo",2026-08-01T23:48:45.000Z,5,negatif
https://www.tiktok.com/@bbcnewsindonesia/video/7668971169520848135,oranghaveebgt,wah bakal di goreng lgi nih hehe,2026-08-01T14:43:10.000Z,6,negatif
https://www.tiktok.com/@bbcnewsindonesia/video/7668971169520848135,aslihalal1,"aneh liat komen,,kn Dy crita tentang snjata,itu vdioy juga spotong"" bukan vdio penuh,mudah terprovokasi nih netizen 🙏🙏🤣🤣🤣",2026-08-01T17:54:02.000Z,7,positif
https://www.tiktok.com/@bbcnewsindonesia/video/7668971169520848135,bravofaither5,Indonesia punya MBG,2026-08-01T14:33:53.000Z,9,netral
https://www.tiktok.com/@bbcnewsindonesia/video/7668971169520848135,livestoryy96,"udah pidatonya kosong, malah ngajak negara lain perang lagi, ampun dah 😂😂",2026-08-01T11:11:29.000Z,12,negatif
https://www.tiktok.com/@bbcnewsindonesia/video/7668971169520848135,spicycondiment,"positif thinking aja, mungkin yang dimaksud itu Nuklir rudal bakso MBG 🥰 bukan nuklir pemusnah masal.",2026-08-01T10:39:27.000Z,20,netral
https://www.tiktok.com/@bbcnewsindonesia/video/7668971169520848135,iwan_nst1,tau ga ya Prabowo bicara apa sama Subianto,2026-08-01T10:01:24.000Z,28,netral
https://www.tiktok.com/@bbcnewsindonesia/video/7668971169520848135,jdtkwl,wkwkw el blunder,2026-08-01T09:04:54.000Z,21,netral
https://www.tiktok.com/@bbcnewsindonesia/video/7668971169520848135,davin.sid,"kita perang lawan koruptor belum becus.. ..dari sekian puluhan ribu orang pemerintahan+DPR,ibarat bondet, kalo kumpul satu visi buruk,lebih bahaya dari Nuclear.",2026-08-01T09:56:22.000Z,20,negatif
https://www.tiktok.com/@bbcnewsindonesia/video/7668971169520848135,user4042520439695,"ngapain takut KLO di serang nuklir jir, kita punya kipas tornado co, nnti juga kena kipas, puter balik tuh nuklir saking kencangnya kipas 😂😂😂",2026-08-01T17:21:07.000Z,14,netral
https://www.tiktok.com/@bbcnewsindonesia/video/7668971169520848135,justice_618,terus maksud pidatonya apa Pak? 😊,2026-08-01T14:29:41.000Z,14,netral
https://www.tiktok.com/@bbcnewsindonesia/video/7668971169520848135,babangtampan5053,"waktu rapat ngomongin nuklir gagah bener,tpi pas di lapangan , MBG yg di kerjakan",2026-08-01T13:12:39.000Z,11,negatif
https://www.tiktok.com/@bbcnewsindonesia/video/7668971169520848135,abe.kurniawan,"semua orang berfikir akan muncul harimau yang besar. semua membayangkan sosok harimau yg besar,berotot,dengan tatapan mata yang sangat tajam, siapapun yg ditatap maka akan gemetaran. TAPI.... skrng yg terlihat justru sebaliknya, harimau itu nampak seperti kehilangan taring dan kukunya, tinggal mengandalkan auamannya untuk menakuti. bahkan untuk berdiri pun sudah goyah dan gemetar. tapi ini bukan soal harimau.",2026-08-01T11:38:20.000Z,11,negatif
https://www.tiktok.com/@bbcnewsindonesia/video/7668971169520848135,urizka3,indonesia mau mbg nuklir,2026-08-01T13:16:59.000Z,8,netral
https://www.tiktok.com/@bbcnewsindonesia/video/7668971169520848135,alvaroarya800,nah itu dia tau..negara lain pd beli senjata nah dia malah urusin mbg..,2026-08-01T13:19:00.000Z,10,negatif
https://www.tiktok.com/@bbcnewsindonesia/video/7668971169520848135,malingberkedokgizi,"aman kan diri kalian masing2,",2026-08-01T13:34:22.000Z,6,netral
https://www.tiktok.com/@bbcnewsindonesia/video/7668971169520848135,jokovick7,indonesia punya senjata koruptor2,2026-08-01T14:37:10.000Z,10,netral
https://www.tiktok.com/@bbcnewsindonesia/video/7668971169520848135,adi_alfarizi,nyuklir ya gesss bukan nuklir,2026-08-03T00:58:35.000Z,8,netral
https://www.tiktok.com/@bbcnewsindonesia/video/7668971169520848135,bang.boy1772,"MEMANG DI SENGAJA ITU DI KASIH TAU BIAR MUSUH IRAN BISA TAU, HUAHAAAAAAAA 😂",2026-08-01T14:51:55.000Z,7,netral
https://www.tiktok.com/@bbcnewsindonesia/video/7668971169520848135,spil.disini3,Dikit lagi padahal ww3 ada di indo malah di ganti dengan iklan 😂,2026-08-01T15:21:39.000Z,9,netral
https://www.tiktok.com/@bbcnewsindonesia/video/7668971169520848135,sayang_fina,"Sudah gak ada harapan, jaga diri masing masing gaess,
senang rasanya pernah satu negara dengan kalian 🙏",2026-08-01T11:06:17.000Z,9,netral
https://www.tiktok.com/@bbcnewsindonesia/video/7668971169520848135,bombitaenigma,kepentingannya membahas senjata nuklir Di acara ini apa tho ya. Sedangkan saat menjabat sebagai Menhan. saat ditanya Di DPR tentang pengadaan Alutsista saja tidak bisa dijawab Di forum terbuka Karena sifatnya rahasia . nah ini bicara tentang hal Yang sedang sensitive tentang Alutsista negara lain Di forum terbuka Di acara Yang tidak Ada urgency nya bicara ini. semoga Bapak sehat selalu ya.,2026-08-02T06:37:37.000Z,6,negatif
https://www.tiktok.com/@bbcnewsindonesia/video/7668971169520848135,diiii722,Amerika : Jangan sampai negara Iran mempunyai nuklir,2026-08-01T16:43:07.000Z,6,netral
https://www.tiktok.com/@bbcnewsindonesia/video/7668971169520848135,aldi__ajaa,wah siap siap diboikot satu dunia inimah,2026-08-01T09:59:38.000Z,6,negatif
https://www.tiktok.com/@bbcnewsindonesia/video/7668971169520848135,piplepopss,"Yg diomongin prabowo itu namanya “security dilema”, dimana jika suatu negara punya keunggulan ga ada negara lain yg seneng melainkan jd insecure dan bisa memunculkan konflik, dan itu sah buat di serang krn membuat negara lain terancam jd ky “sblm lu serang gua pake senjata nuklir, gua serang duluan” gitu lah pokonya, mknya knp negara” lain jd ikutan bikin nuklir juga, cmiiw gua bljr krn kuliah jurusan HI tp materi itu udh lama wkwk",2026-08-01T12:58:50.000Z,6,netral
https://www.tiktok.com/@bbcnewsindonesia/video/7668971169520848135,unixon.id,ini sampe 2029 di buat was was terus ?? 😂 sumpah kocag banged,2026-08-01T09:46:44.000Z,6,negatif
https://www.tiktok.com/@bbcnewsindonesia/video/7668971169520848135,nurmayati93,"kenapa pidato ditake down,cuma masalah nuklir? Tanggung jawab yang kasih mic.",2026-08-01T11:04:40.000Z,5,netral
https://www.tiktok.com/@bbcnewsindonesia/video/7668971169520848135,dann87654,"El blunder : kirain kata2 nya ngacak2 negeri doang, eh ngacak ngacak dunia",2026-08-01T09:46:23.000Z,8,negatif
https://www.tiktok.com/@bbcnewsindonesia/video/7668971169520848135,ehtesmanis0,"gpp pak,hidup prabowo",2026-08-01T09:51:33.000Z,6,positif
https://www.tiktok.com/@bbcnewsindonesia/video/7668971169520848135,kaka_umam26,nunggu klarifikasi bawahannya😁,2026-08-01T13:11:51.000Z,3,netral
https://www.tiktok.com/@bbcnewsindonesia/video/7668971169520848135,djneksnskele,kangen era jokowhy,2026-08-05T10:50:10.000Z,0,netral
https://www.tiktok.com/@bbcnewsindonesia/video/7668971169520848135,yeyet.suryati8,kenapa Indonesia belum punya senjata nuklir pak,2026-08-01T11:12:01.000Z,2,netral
https://www.tiktok.com/@bbcnewsindonesia/video/7668971169520848135,agisia12,"Tag iran,Qatar,mesir biar ngamuk",2026-08-07T06:52:12.000Z,0,netral
https://www.tiktok.com/@bbcnewsindonesia/video/7668971169520848135,danieladinata819,"perang Kalimantan PLN mati bergilir,minyak BbM subsidi langka",2026-08-01T14:31:59.000Z,2,netral
https://www.tiktok.com/@bbcnewsindonesia/video/7668971169520848135,.zeroone17,"mrka Punya Nuklir, tenang aja Pak kita Punya MBG😂😂😂",2026-08-03T01:43:54.000Z,1,netral
https://www.tiktok.com/@bbcnewsindonesia/video/7668971169520848135,alonpatopangdharma,TNI dan polri sibuk mengurus mbg,2026-08-02T19:23:29.000Z,1,netral
https://www.tiktok.com/@bbcnewsindonesia/video/7668971169520848135,desy_bilqis_azzahra,"didengerin pusing ga didengerin penasaran,didengerin sampe habis malah makin pusing tolongin.😭🙏",2026-08-04T10:35:41.000Z,1,negatif
https://www.tiktok.com/@bbcnewsindonesia/video/7668971169520848135,bielbie_,"gais udh gais jgn dibahas, tkutnya sampe luar, bisa bahaya kita disini, tau sendiri amrik kek gmn 🙏😭",2026-08-02T11:45:54.000Z,2,netral
https://www.tiktok.com/@bbcnewsindonesia/video/7668971169520848135,dwikurniasih315,negara lain PNY nuklir indonesia PNY kopdes ditengah hutan SM jurang,2026-08-01T23:51:23.000Z,4,netral
https://www.tiktok.com/@bbcnewsindonesia/video/7668971169520848135,wahyurhafipermana,"kan di bilang punya bukan bilang kalo iran punya, coba di pahamin lagi",2026-08-01T10:21:45.000Z,3,netral
https://www.tiktok.com/@bbcnewsindonesia/video/7668971169520848135,pahmiil,"sudah gak ada harapan, jaga diri masing masing gaess,
senang rasanya pernah satu negara dengan kalian 🙏",2026-08-05T00:32:38.000Z,1,netral
https://www.tiktok.com/@bbcnewsindonesia/video/7668971169520848135,tiyan.dading,Indonesian punya MBG dan koperasi merah putih 😎,2026-08-02T00:29:45.000Z,1,netral
https://www.tiktok.com/@bbcnewsindonesia/video/7668971169520848135,m.irsyadbayu,kita punya ompreng biar kayak captain Amerika 🗿,2026-08-01T15:06:22.000Z,3,netral
https://www.tiktok.com/@bbcnewsindonesia/video/7668971169520848135,botvinnik2,maksudnya wowo gini..... (isi sendiri),2026-08-01T14:29:25.000Z,3,netral
https://www.tiktok.com/@bbcnewsindonesia/video/7668971169520848135,nama.kamu546,di katakan Iran sudah punya Nuklir emang knpa setiap negara usaha mereka mempertahanakan negaranya,2026-08-01T11:18:13.000Z,5,netral
https://www.tiktok.com/@bbcnewsindonesia/video/7668971169520848135,09gggsk,akhirnya pidato nya blunder secara global 🤣🤣,2026-08-01T14:19:11.000Z,4,negatif
https://www.tiktok.com/@bbcnewsindonesia/video/7668971169520848135,arzanravindra00,prabowo gk salh yg ngasih mick yg salh.,2026-08-02T03:07:52.000Z,1,netral
https://www.tiktok.com/@bbcnewsindonesia/video/7668971169520848135,rogger419,"Iran gak bisa nembak rudal ke Indonesia jaraknya aja jauh rudal Iran yg paling jauh kisaran 2000-4000km
sementara ke Indonesia kisaran 7000km",2026-08-01T13:26:23.000Z,1,netral
https://www.tiktok.com/@bbcnewsindonesia/video/7668971169520848135,dedi.supriadi4532,"indonesia mah arek nyieun senjata nuklirna ge dana na ge beak ku si koruptor, makanna di indonesia mah nu senjata apling bahaya mah lain nuklir tapi koruptor 😅",2026-08-02T01:44:12.000Z,1,netral
https://www.tiktok.com/@bbcnewsindonesia/video/7668971169520848135,renjnleee,"kenapa di potong karna itu boong, iran itu gapunya nuklir itu fitnah AS ke iran. jd wowo kegocek sama AS",2026-08-01T15:44:56.000Z,1,netral
https://www.tiktok.com/@bbcnewsindonesia/video/7668971169520848135,yansenaryanto,"blunder yang ke berapa kali ini,,lama2 kartu merah",2026-08-01T11:09:06.000Z,6,negatif
https://www.tiktok.com/@bbcnewsindonesia/video/7668971169520848135,sukramr,"Hidup sudah sulit, apa yg terjadi terjadilah",2026-08-01T16:45:57.000Z,1,netral
https://www.tiktok.com/@bbcnewsindonesia/video/7668971169520848135,ahmado9020,pidato nya selalu bikin pusing,2026-08-01T09:46:19.000Z,2,negatif
https://www.tiktok.com/@bbcnewsindonesia/video/7668971169520848135,outfit.anak.steel,Pusing aing mh gaji kecil apa” mahal,2026-08-04T03:51:48.000Z,1,netral
https://www.tiktok.com/@bbcnewsindonesia/video/7668971169520848135,riskiapple0,"Kalian tunggu apa lagi, selamat kan diri kalian masing masing😭😭",2026-08-01T16:15:22.000Z,2,netral
https://www.tiktok.com/@bbcnewsindonesia/video/7668971169520848135,beautyrose888,Selamatkan diri masing” gaes😭,2026-08-03T02:43:02.000Z,1,netral
https://www.tiktok.com/@bbcnewsindonesia/video/7668971169520848135,staniyaelah5,"IRan itu..udah canggih
jgn bandingin dgn kita",2026-08-01T14:28:42.000Z,1,netral
https://www.tiktok.com/@bbcnewsindonesia/video/7668971169520848135,nurej43,sebenarnya boleh kok pak pidato tanpa text...tapi jangan ngawur dong 😭😭😭😭😭😭,2026-08-03T01:05:40.000Z,1,negatif
https://www.tiktok.com/@bbcnewsindonesia/video/7668971169520848135,dodot3911,tunjuk tangan sapa yang kasih prabowo mic?,2026-08-02T03:03:06.000Z,1,netral
https://www.tiktok.com/@bbcnewsindonesia/video/7668971169520848135,yusrizal39,Ngak usah mikir negara lain pak kalau rakyat Indonesia aja susah makan.,2026-08-08T11:39:20.000Z,1,negatif
https://www.tiktok.com/@bbcnewsindonesia/video/7668971169520848135,fandybumblebee,semangat terus pak prabowo🙌🔥,2026-08-01T10:49:32.000Z,4,positif
https://www.tiktok.com/@bbcnewsindonesia/video/7668971169520848135,gabe_burju_,padahal dia sendiri llah nuklir yang menghancurkan ekonomi rakyat,2026-08-01T10:44:36.000Z,4,negatif
https://www.tiktok.com/@bbcnewsindonesia/video/7668971169520848135,oaaaaaa69,klo perang dunia ke III pecah target pertama pasti Indonesia nih😭,2026-08-01T11:47:29.000Z,7,negatif
https://www.tiktok.com/@bbcnewsindonesia/video/7668971169520848135,29.30__,pantas Anies ngasih poin 11/100😌,2026-08-01T10:13:49.000Z,2,netral
https://www.tiktok.com/@bbcnewsindonesia/video/7668971169520848135,hdyttr,gk ikut ikutann piss😲✌,2026-08-01T14:30:46.000Z,1,netral
https://www.tiktok.com/@bbcnewsindonesia/video/7668971169520848135,irdawru,"dah gede masa kalian gak ngerti dah, perkara omong omongan Amerika yang katanya iran punya senjata nuklir negara2 timur tengah jadi pengen membuat senjata nuklir",2026-08-01T12:50:45.000Z,2,netral
https://www.tiktok.com/@bbcnewsindonesia/video/7668971169520848135,muhtarefendi17,"DARI MBG, BUAT NUKLIR AJA",2026-08-01T13:03:30.000Z,1,netral
https://www.tiktok.com/@bbcnewsindonesia/video/7668971169520848135,thedjavu93,"Omongan prabowa sama ssperti presiden amsrika sebelumu invansi negara irak, irak mempunyai senjata pemusnah masal.",2026-08-01T23:16:50.000Z,1,netral
https://www.tiktok.com/@bbcnewsindonesia/video/7668971169520848135,omrickyyy,"bahas negara kita aja ,pakk sy takut nuklir",2026-08-01T17:03:38.000Z,1,netral
https://www.tiktok.com/@bbcnewsindonesia/video/7668971169520848135,baktipurwa,"Btw Saddam Hussein dihukum krn tuduhan kepemilikan senjata nuklir yg tidak pernah terbukti, hati-hati kalau berbicara",2026-08-01T12:04:10.000Z,2,netral
https://www.tiktok.com/@bbcnewsindonesia/video/7668971169520848135,botolkecapkecapkecap,dihapus berarti emang salah🤣🤣🤣,2026-08-01T11:02:40.000Z,2,negatif
https://www.tiktok.com/@bbcnewsindonesia/video/7668971169520848135,luzsagrada_,ngga dateng ngelayat ke iran malah ngomong iran punya nuklir. wah ini bahaya banget lo buat hubungan antar negara.,2026-08-01T14:29:49.000Z,1,negatif
https://www.tiktok.com/@bbcnewsindonesia/video/7668971169520848135,elciepoel,"senang gaes saat ini kita masih bisa satu negara Indonesia, dengan presiden selucu ini.",2026-08-06T06:49:15.000Z,0,netral
https://www.tiktok.com/@bbcnewsindonesia/video/7668971169520848135,user94019924328684,😂😂😂😂😂 Takit x Bang sama ucapannya,2026-08-10T09:19:31.000Z,0,netral
https://www.tiktok.com/@bbcnewsindonesia/video/7668971169520848135,dheksfitrah,in pidato apa ngejek😂😂,2026-08-06T06:52:00.000Z,0,negatif
https://www.tiktok.com/@bbcnewsindonesia/video/7668971169520848135,arissmndr_,"selain mengacak-acak indonesia,ternyata dia pengen mengacak2 dunia wkwkk",2026-08-06T09:10:32.000Z,0,negatif
https://www.tiktok.com/@bbcnewsindonesia/video/7668971169520848135,achandrijantodarmawan,wah...wah...wah...,2026-08-10T09:32:30.000Z,0,netral
https://www.tiktok.com/@bbcnewsindonesia/video/7668971169520848135,qwerty1230805,"Kali kali ah jadi buzzer pemerintah, maksudnya tuh bukan itu loh gaes tapi senjata new clear..",2026-08-06T18:30:06.000Z,0,netral
https://www.tiktok.com/@bbcnewsindonesia/video/7668971169520848135,kilionks,mesir juga ingin punya senjata kurir 🤣,2026-08-16T09:41:57.000Z,0,netral
https://www.tiktok.com/@bbcnewsindonesia/video/7668971169520848135,akun.gabut25994,apa saya aja yg denger pak prabowo nyebut Nyungklirr...apa prasaan saya aja yah🥶🥶,2026-08-05T09:21:14.000Z,0,netral
https://www.tiktok.com/@bbcnewsindonesia/video/7668971169520848135,odhejr8,piye iki seng nomer 8??,2026-08-05T10:15:21.000Z,1,netral
https://www.tiktok.com/@bbcnewsindonesia/video/7668971169520848135,harjapawira_syd,yang penting pidato ga perlu mikir rakyatnya,2026-08-12T06:35:56.000Z,0,negatif
https://www.tiktok.com/@bbcnewsindonesia/video/7668971169520848135,andikanuryandi,ini bisa dijadikan tersangka loh sdh share video. 🤣🤣🤣🤣,2026-08-07T06:50:00.000Z,0,netral
https://www.tiktok.com/@bbcnewsindonesia/video/7668971169520848135,istrikayaraya,tenang ges itu bukan Nuklir tp Nyuklir kok😭😭😭 aman aman kt buzzer ituu🤣🤣,2026-08-03T04:57:40.000Z,0,netral
https://www.tiktok.com/@bbcnewsindonesia/video/7668971169520848135,ojikuatbersinar,kebangganmu nih gerindra,2026-08-04T23:54:35.000Z,0,negatif
https://www.tiktok.com/@bbcnewsindonesia/video/7668971169520848135,gas_kiunn,oke Pak prabowo jadi intinya anda juga pengen punya kan 🥰,2026-08-02T01:42:05.000Z,1,netral
https://www.tiktok.com/@bbcnewsindonesia/video/7668971169520848135,mas_ekabudi,Blunder teros ini orang,2026-08-02T09:51:01.000Z,1,negatif
https://www.tiktok.com/@bbcnewsindonesia/video/7668971169520848135,anggi.munawar,yg menyusahkan rakyat aja ap dibahas nuklir gk ad diindonesia,2026-08-05T02:40:21.000Z,0,netral
https://www.tiktok.com/@bbcnewsindonesia/video/7668971169520848135,ardibramasta1,"Setiap dia pidato jantung gue rasa deg degan mulu .. .jaga diri kalian bre ,senang bisa satu negara dgn kalian🌹",2026-09-09T17:25:01.000Z,0,negatif
https://www.tiktok.com/@bbcnewsindonesia/video/7668971169520848135,familyman947,"lebih bahaya korupsi dari pada nuklir. nuklir bisa merusak dengan radius puluhan kilometer tapi korupsi bisa merusak 1 negara, radiasi nuklir bisa merusak dalam jangka waktu lama sedangkan korupsi bisa merusak sampai ke anak cucu.",2026-08-02T20:25:03.000Z,1,netral
https://www.tiktok.com/@bbcnewsindonesia/video/7668971169520848135,akuranduetiktok,kesempatan buat ngompor ngomporin Persia nih 🤣,2026-08-09T09:23:51.000Z,0,netral
https://www.tiktok.com/@bbcnewsindonesia/video/7668971169520848135,prazio0,"""bahkan bahaya perang nuklir tidak bisa kita remehkan"" lah program kerjanya ngapain aja? sibuk mbg sama kopdes? itu pun berkasus 😂",2026-08-04T13:44:04.000Z,1,negatif
https://www.tiktok.com/@bbcnewsindonesia/video/7668971169520848135,okecwan,pak jokowi kalau ngmg hati2,2026-08-05T13:43:48.000Z,0,netral
https://www.tiktok.com/@bbcnewsindonesia/video/7668971169520848135,ibryden17,"sungguh liar bgt pembahasanya udah tau itu privasi negara,
ibarat 5 orang yang sedang menjaga privasi tapi orang lain malah membahasnya gila Wowo tuh, marah tuh si iran",2026-08-07T06:59:07.000Z,0,negatif
https://www.tiktok.com/@bbcnewsindonesia/video/7668971169520848135,gemini009099,Ini serius makin sini kita sbg rakyat indo kek udh gak aman.,2026-08-04T17:13:21.000Z,0,negatif
https://www.tiktok.com/@bbcnewsindonesia/video/7668971169520848135,omm_shaufy,,2026-08-05T14:53:47.000Z,0,netral
https://www.tiktok.com/@bbcnewsindonesia/video/7668971169520848135,omm_shaufy,,2026-08-05T14:54:02.000Z,0,netral
https://www.tiktok.com/@bbcnewsindonesia/video/7668971169520848135,niasumiati957,kita punya apa malah senjata AMBG,2026-08-13T11:29:33.000Z,0,netral
https://www.tiktok.com/@bbcnewsindonesia/video/7668971169520848135,zahra_velanova_,"iran punya nuklir
arab punya nuklir
Mesir punya nuklir
Konoha punya becak listrik.",2026-08-02T03:22:14.000Z,1,netral
https://www.tiktok.com/@bbcnewsindonesia/video/7668971169520848135,wakhidmoehammad,habis ini bakal ada yang klarifikasi lagi kah?😳,2026-08-04T02:56:44.000Z,1,netral
https://www.tiktok.com/@bbcnewsindonesia/video/7668971169520848135,mama.muda92590,seharusnya ada yg ngingetin setiap pidato.. membhyakan negara y sendiri,2026-08-04T18:20:45.000Z,0,negatif
https://www.tiktok.com/@bbcnewsindonesia/video/7668971169520848135,gober200799gmail.co,bahan lengkap untuk buat nuklir cuman perintah buat genteng,2026-08-07T13:09:50.000Z,0,netral
https://www.tiktok.com/@bbcnewsindonesia/video/7668971169520848135,kayaknyajaki_,"BTW, KENAPA BUZZER PADA BILANG INI PAKE AI YH??",2026-08-13T22:56:48.000Z,0,netral
https://www.tiktok.com/@bbcnewsindonesia/video/7668971169520848135,indm56,,2026-08-03T14:03:41.000Z,0,netral
https://www.tiktok.com/@bbcnewsindonesia/video/7668971169520848135,lidia.widiastuti6,yang lebih bahaya Koruptor pak,2026-08-07T13:17:30.000Z,0,netral
https://www.tiktok.com/@bbcnewsindonesia/video/7668971169520848135,masnununviral,"masalahnya iran di serang amerika karena dituduh punya senjata nuklir, padahal belum ada bukti. sedangakan pihak iran menyangkal tuduhan itu. tp dengan entengnya presiden kita malah ikutan nuduh iran, entah karena sengaja atau tidak tahu berita tentang iran vs amerika",2026-08-17T05:03:08.000Z,0,netral
https://www.tiktok.com/@bbcnewsindonesia/video/7668971169520848135,bengbengabimanyu,Indonesia masih sibuk membuat kopdes & ngurus mbg.,2026-08-08T01:16:46.000Z,0,netral
https://www.tiktok.com/@bbcnewsindonesia/video/7668971169520848135,pakbos.ckp,lebih ngakak lagi baca komentar😂😂,2026-08-04T07:29:07.000Z,0,netral
https://www.tiktok.com/@bbcnewsindonesia/video/7668971169520848135,magies89,Tiap pidato berasa meletus 1 gunung berapi 😌😳,2026-08-01T23:55:14.000Z,1,negatif
https://www.tiktok.com/@bbcnewsindonesia/video/7668971169520848135,jajangsandi66,pada punya senjata nuklir apa tidak bahaya untuk kelangsungan hidup manusia,2026-08-04T05:17:10.000Z,0,netral
https://www.tiktok.com/@bbcnewsindonesia/video/7668971169520848135,user735871374,bukan waktu yg. tepat membahas Nuklir disaat internal mengalami gerombolan korupsi besar besaran.,2026-08-04T09:09:56.000Z,0,netral
https://www.tiktok.com/@bbcnewsindonesia/video/7668971169520848135,nad.tad,gue ngeri KL dia pidato..orang negara Laen diem diem dia malah ngomong,2026-08-04T08:38:38.000Z,0,negatif
https://www.tiktok.com/@bbcnewsindonesia/video/7668971169520848135,mamami.97,"kenapa sih bukanya nge dem² rakyatnya malah nuklar nuklir pak astaga,bawa² negara ornag kenpa sih pakkkkkkkk😭😭😭",2026-08-04T13:34:21.000Z,0,negatif
https://www.tiktok.com/@bbcnewsindonesia/video/7668971169520848135,janganlupajoinfbpro,pggagajshsneiebsnsjajbhhebehejebejene,2026-08-05T19:58:08.000Z,0,negatif
https://www.tiktok.com/@bbcnewsindonesia/video/7668971169520848135,mulyadiiskaria,"Indonesia juga punya
koperasi nuklir",2026-08-02T04:13:34.000Z,1,netral
https://www.tiktok.com/@bbcnewsindonesia/video/7668971169520848135,mujianti16,Takut banget Indonesia di rudal sama iran gara gara omongan wowo😭,2026-08-04T14:26:54.000Z,0,negatif
https://www.tiktok.com/@bbcnewsindonesia/video/7668971169520848135,gtwaja352,kog nglantur?????,2026-08-03T02:12:17.000Z,1,negatif
https://www.tiktok.com/@bbcnewsindonesia/video/7668971169520848135,muhisahammam,"kek Joe Biden mi ini orng
sembarang d bicara, bikin repot staff nya😂",2026-08-04T11:38:59.000Z,0,negatif
https://www.tiktok.com/@bbcnewsindonesia/video/7668971169520848135,fadianrhlzaaa_,"Dia tuh pgn beli nuklir juga gesss, memuaskan inner child beliau🤣",2026-08-04T11:38:18.000Z,1,netral
https://www.tiktok.com/@bbcnewsindonesia/video/7668971169520848135,juna_juleha,indonesia punya senjata korup,2026-08-08T03:50:02.000Z,0,netral
https://www.tiktok.com/@bbcnewsindonesia/video/7668971169520848135,aahhahhsne,senjata newklir😂😂,2026-08-10T01:11:34.000Z,0,netral
https://www.tiktok.com/@bbcnewsindonesia/video/7668971169520848135,bangblek.eblek,jangan mikirin tentang nuklir pak.pentingkan ajah permasalahan masarakat saat ini.,2026-08-14T16:46:28.000Z,0,netral
https://www.tiktok.com/@bbcnewsindonesia/video/7668971169520848135,rade.mas.ngabei.s,pidato yang ceroboh ini bisa bikin konflik dunia timur tengah yang di tuduh punya nukelir Donal tram ke sasar di indo,2026-08-04T15:30:23.000Z,1,negatif
https://www.tiktok.com/@bbcnewsindonesia/video/7668971169520848135,yoand_00,"udh bagus indo ngga dianggap berbahaya, ini malah mancing😭",2026-08-04T17:12:04.000Z,0,negatif
https://www.tiktok.com/@bbcnewsindonesia/video/7668971169520848135,bankyoso,Indonesia Punya Nuklir Bernama MBG dan KDMP 🤣🤣🤣🤣,2026-08-01T11:14:47.000Z,2,netral
https://www.tiktok.com/@bbcnewsindonesia/video/7668971169520848135,mbak_ita27,kira-kira siapa ya yang matiin mic nya?,2026-08-01T14:40:00.000Z,2,netral
https://www.tiktok.com/@bbcnewsindonesia/video/7668971169520848135,yana.nurul7,Yana.Yana😎😎😎😎,2026-08-01T09:45:58.000Z,1,netral
https://www.tiktok.com/@bbcnewsindonesia/video/7668971169520848135,kerengga123456,ga perang aja rakyat sudah sengsara,2026-08-01T09:33:12.000Z,4,netral
https://www.tiktok.com/@bbcnewsindonesia/video/7668971169520848135,idrus.alwi.shahab,Israel dan Amerika sudah punya senjata Nuklir bahkan Amerika dudah menggunakan bom atom untuk ngebom herosima dan Nagasaki di Jepang,2026-08-01T12:30:56.000Z,1,netral
https://www.tiktok.com/@bbcnewsindonesia/video/7668971169520848135,ixikiwir2,jangan takut kita punya ompreng mbg untuk melawan senjata nuklir,2026-08-02T18:01:31.000Z,1,netral
https://www.tiktok.com/@bbcnewsindonesia/video/7668971169520848135,evilanotevil,pertama,2026-08-01T09:04:50.000Z,1,netral
https://www.tiktok.com/@bbcnewsindonesia/video/7668971169520848135,_er1511,Jadi pemerintah Indonesia mengakui keberadaan senjata nuklir di Iran ya?,2026-08-01T11:49:25.000Z,1,netral
https://www.tiktok.com/@bbcnewsindonesia/video/7668971169520848135,kawan.lamaku,pidato apaanini,2026-08-07T07:27:41.000Z,0,negatif
https://www.tiktok.com/@bbcnewsindonesia/video/7668971169520848135,bangjon015_,dia tuh lagi ngetes nyali kita pada cok,2026-08-04T01:51:49.000Z,0,netral
https://www.tiktok.com/@bbcnewsindonesia/video/7668971169520848135,adjis.sugianto,sedangkan wowo ingin koruptor di bebaskan,2026-08-04T00:24:58.000Z,1,netral
https://www.tiktok.com/@bbcnewsindonesia/video/7668971169520848135,maklikla,konoha punya jack owi... anti nuklir terdahsaya di dunia... nuklir pun bisa dibohongi,2026-08-02T23:09:38.000Z,1,netral
https://www.tiktok.com/@bbcnewsindonesia/video/7668971169520848135,eternalrednews,Media lebih BESAR ya dari presiden.. baru tau.. ternyata se..... presiden di mata media,2026-08-02T09:45:39.000Z,1,negatif
https://www.tiktok.com/@bbcnewsindonesia/video/7668971169520848135,oyeyeye84,ini presiden model apaaaaaa..... bukan bahas strategi kesejahteraan rakyatnya .. malah bahas negara lain,2026-08-02T03:42:28.000Z,1,negatif
https://www.tiktok.com/@bbcnewsindonesia/video/7668971169520848135,www.titok.com.sukse,bangun pagi tiba-tiba bicara nuklir itu mimpi atau bisikan ya.,2026-08-02T02:19:44.000Z,1,netral
https://www.tiktok.com/@bbcnewsindonesia/video/7668971169520848135,aaaann12133,presiden pun kena cut🤣,2026-08-02T00:02:51.000Z,1,netral
https://www.tiktok.com/@bbcnewsindonesia/video/7668971169520848135,komangsuwi07,trusss di Indonesia sudah punya MBG 🤣🤣,2026-08-01T23:50:24.000Z,1,netral
https://www.tiktok.com/@bbcnewsindonesia/video/7668971169520848135,irawanandri8312,"iran mau punya nyuklir
Mesir juga ingin punya kulir",2026-08-01T23:50:02.000Z,1,netral
https://www.tiktok.com/@bbcnewsindonesia/video/7668971169520848135,tacaz.666,indo is coming kah 🔥🔥,2026-08-01T21:32:09.000Z,1,netral
https://www.tiktok.com/@bbcnewsindonesia/video/7668971169520848135,mamangkuraya168,agak laen emang,2026-08-01T17:59:25.000Z,1,negatif
https://www.tiktok.com/@bbcnewsindonesia/video/7668971169520848135,bangun.legowo,Bakso Nuklir,2026-08-01T15:56:05.000Z,1,netral
https://www.tiktok.com/@bbcnewsindonesia/video/7668971169520848135,okamotret,Gmn kabar kapal kita yg di bajak somalia udah 3 bulan,2026-08-03T05:16:47.000Z,0,netral
https://www.tiktok.com/@bbcnewsindonesia/video/7668971169520848135,ekif568,mumet pak pak,2026-08-03T05:00:27.000Z,0,negatif
https://www.tiktok.com/@bbcnewsindonesia/video/7668971169520848135,31681803729,Pidato yang penting❌ Yang penting pidato✅,2026-08-10T04:00:02.000Z,0,negatif
https://www.tiktok.com/@bbcnewsindonesia/video/7668971169520848135,masguuusss,New clear,2026-08-04T15:30:13.000Z,0,netral
https://www.tiktok.com/@bbcnewsindonesia/video/7668971169520848135,neko_977,ngelantur...perang² melulu yg diurus.,2026-08-04T10:34:34.000Z,0,negatif
https://www.tiktok.com/@bbcnewsindonesia/video/7668971169520848135,hj.ebreg115,minyak bumi:gimana mass,2026-08-21T03:27:20.000Z,0,netral
https://www.tiktok.com/@bbcnewsindonesia/video/7668971169520848135,cipta5157,"siapa yg bicara siapa yg ditangkap ..
mana nih coment yg milih",2026-08-07T22:39:23.000Z,0,netral
https://www.tiktok.com/@bbcnewsindonesia/video/7668971169520848135,astrieferdiansah2,kalo perang terjadi kita punya ompreng mbg gaes buat senjata 😭,2026-08-14T11:11:59.000Z,0,netral
https://www.tiktok.com/@bbcnewsindonesia/video/7668971169520848135,janganlupajoinfbpro,p,2026-08-05T19:57:56.000Z,0,netral
https://www.tiktok.com/@bbcnewsindonesia/video/7668971169520848135,lantaikamarmandiwowo,"aduh jangan kemana mana njir daripada ituin senjata nuklir, gak habis pikir gw ini masih pagi lah",2026-08-05T23:12:21.000Z,0,netral
https://www.tiktok.com/@bbcnewsindonesia/video/7668971169520848135,ba_byblues,Lagi Dongengin bapak² biar tidur...,2026-08-06T00:33:31.000Z,0,negatif
https://www.tiktok.com/@bbcnewsindonesia/video/7668971169520848135,seashore_00,Yahh ini aja takut liatin bagian yg di cut-nya 😂😂😂😂😂,2026-08-04T22:21:58.000Z,0,netral
https://www.tiktok.com/@bbcnewsindonesia/video/7668971169520848135,sab_gag220,kejadian 1 tahun lalu bakal terjadi lagi kah ?😭,2026-08-07T05:27:40.000Z,0,netral
https://www.tiktok.com/@bbcnewsindonesia/video/7668971169520848135,fresh.fruit814,"keosss""",2026-08-06T20:33:16.000Z,0,negatif
https://www.tiktok.com/@bbcnewsindonesia/video/7668971169520848135,unknow4010,wahai iran lihat lah ini,2026-08-06T13:05:30.000Z,0,netral
https://www.tiktok.com/@bbcnewsindonesia/video/7668971169520848135,susansusan673,lama.. lama... aku yg makin tua dech.... gara2 orag satu ini doang🤦‍♂️,2026-08-06T11:06:27.000Z,0,netral
https://www.tiktok.com/@bbcnewsindonesia/video/7668971169520848135,prithalee2,Nyuklir ga tuh🤣,2026-08-05T12:01:40.000Z,0,netral
https://www.tiktok.com/@bbcnewsindonesia/video/7668971169520848135,nama.panggilan5187,kok jadi ngeri yaa😭😭😭😭,2026-08-05T01:38:27.000Z,0,netral
https://www.tiktok.com/@bbcnewsindonesia/video/7668971169520848135,sukma_ilang2,bukan NYUKKLIR tapi nukklir,2026-08-04T17:24:58.000Z,0,netral
https://www.tiktok.com/@bbcnewsindonesia/video/7668971169520848135,alifa.azzahra74,bisa ga sih tahun 2029 dicepetin,2026-08-04T10:22:58.000Z,0,netral
https://www.tiktok.com/@bbcnewsindonesia/video/7668971169520848135,aizenirval,"iya pak di saat negara lain mengembangkan nuklir buat energi bersih, di sini mah lagi mengembangkan perut pejabat biar kentut nya kaya nuklir",2026-08-04T04:33:40.000Z,0,netral
https://www.tiktok.com/@bbcnewsindonesia/video/7668971169520848135,babypink1616,Pusinggg dengar pidato nyaaaa 😫😫,2026-08-04T04:16:29.000Z,0,negatif
https://www.tiktok.com/@bbcnewsindonesia/video/7668971169520848135,san.2i1,iming2,2026-08-04T03:46:34.000Z,0,negatif
https://www.tiktok.com/@bbcnewsindonesia/video/7668971169520848135,bobsmarelan,blunder lagi 🤨🤨,2026-08-04T02:59:14.000Z,0,negatif
https://www.tiktok.com/@bbcnewsindonesia/video/7668971169520848135,umi.h813,indonesia punya apa..?,2026-08-01T14:48:24.000Z,1,netral
https://www.tiktok.com/@bbcnewsindonesia/video/7668971169520848135,andyaungla,@bbnewsindonesia awas lu ditangkap 😂😂😂😂,2026-08-10T16:21:48.000Z,0,netral
https://www.tiktok.com/@bbcnewsindonesia/video/7668971169520848135,nendiansah_,info kupas bawang per kg 700k pak wowo,2026-08-18T11:11:38.000Z,0,netral
https://www.tiktok.com/@bbcnewsindonesia/video/7668971169520848135,sofimmubarok,udah sangat ngawuuuuurrrrr......,2026-08-11T05:48:35.000Z,0,negatif
https://www.tiktok.com/@bbcnewsindonesia/video/7668971169520848135,agepr013,Sebelum mereka perang nuklir indonesia sudah bubar duluan. Kan dia bilang 2030 indonesia bubar? 🗿,2026-08-04T08:49:31.000Z,0,netral
https://www.tiktok.com/@bbcnewsindonesia/video/7668971169520848135,kopi.pahit5975,hati hati pak presiden dengan stitmen,2026-08-03T13:43:35.000Z,0,netral
https://www.tiktok.com/@bbcnewsindonesia/video/7668971169520848135,username000493736262092,NUKLIR BUKAN NYUKLIR🤣🤣🤣,2026-08-03T11:54:00.000Z,0,netral
https://www.tiktok.com/@bbcnewsindonesia/video/7668971169520848135,dyrzoldyck,"senjata kulir, nyuklir?",2026-08-03T18:00:00.000Z,0,netral
https://www.tiktok.com/@bbcnewsindonesia/video/7668971169520848135,om.sung69,bahaya presiden asal ngmg .kok bar bar bnr org ini.,2026-08-03T17:32:37.000Z,0,negatif
https://www.tiktok.com/@bbcnewsindonesia/video/7668971169520848135,frdhmdkf,,2026-08-01T14:17:51.000Z,1,netral
https://www.tiktok.com/@bbcnewsindonesia/video/7668971169520848135,djam_shop24,trus intinya apa,2026-08-03T17:07:26.000Z,0,negatif
https://www.tiktok.com/@bbcnewsindonesia/video/7668971169520848135,aviidcom,"kok ga ada yg tepuk tangan,.mereka masih mau menjabat ga,.jangan main-main",2026-08-04T01:25:14.000Z,0,netral
https://www.tiktok.com/@bbcnewsindonesia/video/7668971169520848135,ernie2127,mknya klu ngomong saring dulu..,2026-08-04T01:22:57.000Z,0,negatif
https://www.tiktok.com/@bbcnewsindonesia/video/7668971169520848135,amytarigan86,"Kelepasan ngomong Nyuklirrr..🤣🤣🤣
Mesir punya Senjata Kulir...🤣🤣🤣",2026-08-04T00:31:33.000Z,0,netral
https://www.tiktok.com/@bbcnewsindonesia/video/7668971169520848135,junaidiarsifa,"ini yang bikin alasan iran tutup selat hormuz untuk tangker indonesia.. ujungnya 2 harga minyak jadi naik lagi.. urusi masalah dalam negri saja pak, jangan urusi negara luar..",2026-08-01T12:33:18.000Z,1,netral
https://www.tiktok.com/@bbcnewsindonesia/video/7668971169520848135,aruanmahardika08,indonesia punya mbg,2026-08-03T23:54:53.000Z,0,netral
https://www.tiktok.com/@bbcnewsindonesia/video/7668971169520848135,fluxcz6,kenapa harus Iran jir,2026-08-03T23:02:54.000Z,0,netral
https://www.tiktok.com/@bbcnewsindonesia/video/7668971169520848135,neli.ajh.tiktok,kita sebagai warga indo meminta maaf sebesar besar nyah atas negara yang telah di fitnah oleh pak presiden kami🙏🙏🙏🙏🙏🙏🙏🙏,2026-08-03T18:04:50.000Z,0,netral
https://www.tiktok.com/@bbcnewsindonesia/video/7668971169520848135,wiin_1723,dia tau ga sih se sensitif apa yg diomongin ini😭😭😭,2026-08-03T16:23:57.000Z,0,negatif
https://www.tiktok.com/@bbcnewsindonesia/video/7668971169520848135,henzgo11,"di teks nya apakah ada kata"" begitu?",2026-08-03T10:21:44.000Z,0,netral
https://www.tiktok.com/@bbcnewsindonesia/video/7668971169520848135,rlangga21,itu yang bikin naskah pidato nya siapa sih wkwkwk,2026-08-03T10:15:29.000Z,0,netral
https://www.tiktok.com/@bbcnewsindonesia/video/7668971169520848135,arulscorpions,jujur gue pendukung 02 kemaren tapi ko makin kesini kaya nyeleneh parah dan selalu kontroversi banget sekarang liat dia gada aura aura bagus nya,2026-08-04T04:00:19.000Z,0,negatif
https://www.tiktok.com/@bbcnewsindonesia/video/7668971169520848135,frrry_03,apa sih yg dicari di dunia pak,2026-08-03T07:02:31.000Z,0,netral
https://www.tiktok.com/@bbcnewsindonesia/video/7668971169520848135,wongsolz,katanya asia Tenggara kawasan bebas nuklis,2026-08-03T07:01:34.000Z,0,netral
https://www.tiktok.com/@bbcnewsindonesia/video/7668971169520848135,derymulya188,negara lain sibuk memperbanyak nuklir kita sibuk memperbanyak dapur MBG 🥺,2026-08-03T06:50:11.000Z,0,netral
https://www.tiktok.com/@bbcnewsindonesia/video/7668971169520848135,akhardhi,"lagian sidang kabinet ngapIn juga di live streaming sih, biar dilihat kerja githu ?",2026-08-03T06:49:42.000Z,0,negatif
https://www.tiktok.com/@bbcnewsindonesia/video/7668971169520848135,bayu.efendy8,mendingan ngomongin org pak dari pada ngomongin negara org,2026-08-03T06:48:16.000Z,0,negatif
https://www.tiktok.com/@bbcnewsindonesia/video/7668971169520848135,tati.haryati382,nyuklir ..kata ny bukan nuklir gaaesss😁..😱,2026-08-03T06:35:53.000Z,0,netral
https://www.tiktok.com/@bbcnewsindonesia/video/7668971169520848135,alfimagh,"Sudah tidak ada harapan lagi, selamatkan diri kalian masing-masing 🙏🏼",2026-08-03T06:32:10.000Z,0,netral
https://www.tiktok.com/@bbcnewsindonesia/video/7668971169520848135,77chands54,ngapain kita mikir senjata nuklir pikir aja gimana solusi negara kita ini sejahtera dan memberantas korupsi...,2026-08-03T06:30:10.000Z,0,netral
https://www.tiktok.com/@bbcnewsindonesia/video/7668971169520848135,bligokauh,Ini wowo dapat info dari mana ya,2026-08-03T06:19:22.000Z,0,netral
https://www.tiktok.com/@bbcnewsindonesia/video/7668971169520848135,ryo_project19,gak heran kalau di pecat,2026-08-03T06:11:12.000Z,0,negatif
https://www.tiktok.com/@bbcnewsindonesia/video/7668971169520848135,okeklh,sekali menjabat efeknya dahsyat,2026-08-03T06:05:07.000Z,0,negatif
https://www.tiktok.com/@bbcnewsindonesia/video/7668971169520848135,_adelimaa,Biar beliau aja yang nanggung gue gk mau,2026-08-03T05:53:59.000Z,0,negatif
https://www.tiktok.com/@bbcnewsindonesia/video/7668971169520848135,athepcherbon,paling kalo perang pejabatnya pada kabur ke luar negeri,2026-08-03T05:52:07.000Z,0,negatif
https://www.tiktok.com/@bbcnewsindonesia/video/7668971169520848135,pusicocat,Berapa negara tuh disenggol?🤪🤣🤭,2026-08-03T05:45:17.000Z,0,netral
https://www.tiktok.com/@bbcnewsindonesia/video/7668971169520848135,naning1503,bakal di jauhi negara2 yg disebut2 tsb,2026-08-03T05:35:19.000Z,0,netral
https://www.tiktok.com/@bbcnewsindonesia/video/7668971169520848135,experiencemedia.official,Plis ganti presidenlah berasa makin hari makin suram 😞,2026-08-03T05:34:52.000Z,0,negatif
https://www.tiktok.com/@bbcnewsindonesia/video/7668971169520848135,user20293165506803,rakyat saja masih banyak yg susah itu yg mau diurus.untuk apa urus negara orang dia kan punya pemimpin juga.,2026-08-03T05:31:41.000Z,0,negatif
https://www.tiktok.com/@bbcnewsindonesia/video/7668971169520848135,djl8582,pak wowo sebutin lagi negara² lainnya yg punya nuklir biar jadi world war 3 🤣,2026-08-03T05:28:45.000Z,0,netral
https://www.tiktok.com/@bbcnewsindonesia/video/7668971169520848135,5u0ned1,"jadi maksudnya indonesia juga harus siap dan membuat senjata nuklir yg kemudian anggarannya di bebankan ke rakyat juga.
ehh Wo ga ad apa pembahasan lain,misal tentang rakyat indonesia yg hidup di bawah kemskinan gitu,pengangguran yg butuh pekerjaan terus program² yg katanya semua akan di gratiskan itu mana mana mana solusinya Wo,,,?!?",2026-08-03T05:12:06.000Z,0,negatif
https://www.tiktok.com/@bbcnewsindonesia/video/7668971169520848135,umimunih6,Mereka punya nuklir kita punya apa pak?,2026-08-03T23:16:00.000Z,0,netral
https://www.tiktok.com/@bbcnewsindonesia/video/7668971169520848135,putuandreastra,negara lain uda sibuk siapkn nuklir kita msh racik bakso nuklir.,2026-08-01T23:56:13.000Z,2,netral
https://www.tiktok.com/@bbcnewsindonesia/video/7668971169520848135,knjt.19,ini udah jadi bahan perbincangan internasional belum si?,2026-08-03T12:55:27.000Z,4,netral
https://www.tiktok.com/@bbcnewsindonesia/video/7668971169520848135,warkopkothok,Indonesia punya mbg,2026-08-04T05:19:10.000Z,0,netral
https://www.tiktok.com/@bbcnewsindonesia/video/7668971169520848135,nindavrn,org mau ngurangin perang. ini malah mancing2,2026-08-04T04:36:10.000Z,0,negatif
https://www.tiktok.com/@bbcnewsindonesia/video/7668971169520848135,kontol.jepat0,penyesalan terhadap pilihan saya semakin kesini semakin terasa 🤦🏼‍♂️,2026-08-01T13:04:15.000Z,1,negatif
https://www.tiktok.com/@bbcnewsindonesia/video/7668971169520848135,lexanderryce,"wowo wowo, blunder lagi lu",2026-08-04T02:44:02.000Z,0,negatif
https://www.tiktok.com/@bbcnewsindonesia/video/7668971169520848135,wak_aji...86,Selamatkan diri masing2,2026-08-01T13:07:13.000Z,1,netral
https://www.tiktok.com/@bbcnewsindonesia/video/7668971169520848135,antoniusherdipras,selamatkan diri masing2 guys..iran marah kirim rudal balistik kelar kitaa,2026-08-04T02:57:19.000Z,0,netral
https://www.tiktok.com/@bbcnewsindonesia/video/7668971169520848135,antasena.998,ga nyambung,2026-08-04T02:46:57.000Z,0,negatif
https://www.tiktok.com/@bbcnewsindonesia/video/7668971169520848135,alin.fatimah,ngapain pak ngurusin perang negara miskin rakyat pada mikin ngk bakal perang perang juga cari negara kaya ada sumber duitnya urus aja rakyat banyak yg kelaparan,2026-08-04T01:06:56.000Z,0,negatif
https://www.tiktok.com/@bbcnewsindonesia/video/7668971169520848135,user7530554996511,g usah ngomongin nuklir lah pak...noh MBG msih bnyak yg di buangin tetep di lnjut😏,2026-08-03T14:04:04.000Z,0,negatif
https://www.tiktok.com/@bbcnewsindonesia/video/7668971169520848135,js_amarta,Ada yang penasaran bangets... karena nunggu ingin menghujatnya.... ampun dach... 😆😆,2026-08-03T21:38:23.000Z,0,negatif
https://www.tiktok.com/@bbcnewsindonesia/video/7668971169520848135,deky_abret,😩Pusing gue,2026-08-03T20:42:44.000Z,0,negatif
https://www.tiktok.com/@bbcnewsindonesia/video/7668971169520848135,ardieserbalawan,blunder terus bapak ini,2026-08-01T12:56:32.000Z,1,negatif
https://www.tiktok.com/@bbcnewsindonesia/video/7668971169520848135,thekill2088,siapa yg pilih dia ini???,2026-08-03T22:36:17.000Z,0,netral
https://www.tiktok.com/@bbcnewsindonesia/video/7668971169520848135,banganto07.01,mirip dongeng nenek ku sebelum tidur,2026-08-03T23:21:16.000Z,0,negatif
https://www.tiktok.com/@bbcnewsindonesia/video/7668971169520848135,shiori.katase1,"ada pidato bukan konsumsi publik, makanya dipotong pidatonya",2026-08-01T12:18:50.000Z,1,netral
https://www.tiktok.com/@bbcnewsindonesia/video/7668971169520848135,abay.gobel8,Nuklir pke di omongin 😂,2026-08-03T16:17:28.000Z,0,netral
https://www.tiktok.com/@bbcnewsindonesia/video/7668971169520848135,bringin100,setiap pidatonya selalu bikin gaduh 😏,2026-08-03T14:28:21.000Z,0,negatif
https://www.tiktok.com/@bbcnewsindonesia/video/7668971169520848135,nipis_madu8,ntar kalau kita ngomong di bilang anak abah sama penjilat nya😂,2026-08-03T10:10:52.000Z,0,netral
https://www.tiktok.com/@bbcnewsindonesia/video/7668971169520848135,julle0732,"pliss jgn di viral kan ini takut bagtt tiba tiba di kirim hadiah sama Iran...😫
ngerii aeng mahh...",2026-08-03T14:20:44.000Z,0,netral
https://www.tiktok.com/@bbcnewsindonesia/video/7668971169520848135,fiqriramadhan809,klo kita cukup senjata korupsi 😂,2026-08-03T14:39:40.000Z,0,netral
https://www.tiktok.com/@bbcnewsindonesia/video/7668971169520848135,fadlystore99,,2026-08-03T15:33:18.000Z,0,netral
https://www.tiktok.com/@bbcnewsindonesia/video/7668971169520848135,gyjndr,"percuma di hapus, orang viral gini 😂",2026-08-03T22:02:40.000Z,0,netral
https://www.tiktok.com/@bbcnewsindonesia/video/7668971169520848135,belim.bing22,Konoha masih pakai mortir,2026-08-03T22:01:13.000Z,0,netral
https://www.tiktok.com/@bbcnewsindonesia/video/7668971169520848135,safriadi990,negara kita punya kuruptor yg tdk bisa kita remekan juga,2026-08-03T20:26:51.000Z,0,netral
https://www.tiktok.com/@bbcnewsindonesia/video/7668971169520848135,_septiananggari,pak baca aja teks pidato nya,2026-08-03T15:34:24.000Z,0,netral
https://www.tiktok.com/@bbcnewsindonesia/video/7668971169520848135,merah4136,dikatakan bahwa Iran sudah punya senjata nuklir,2026-08-03T13:23:36.000Z,0,netral
https://www.tiktok.com/@bbcnewsindonesia/video/7668971169520848135,fadlybarberto,Urusan mbg sama kopdes gk beres udah bahas nuklir,2026-08-03T10:16:47.000Z,0,netral
https://www.tiktok.com/@bbcnewsindonesia/video/7668971169520848135,user3442092007925,lagian ngapain sih ngurusin negara org lain nih urusin ekonomi negara sendiri aja udah pusing,2026-08-03T07:43:58.000Z,0,negatif
https://www.tiktok.com/@bbcnewsindonesia/video/7668971169520848135,muhammadkhamil,"Kita pertahankan kopdes dengan Mbg,,, pasti mareka belum punya,, negara lain pingin juga ada kopdes dengam mbg??? Pertahankan pakkk",2026-08-01T13:48:46.000Z,2,negatif
https://www.tiktok.com/@bbcnewsindonesia/video/7668971169520848135,venusindiansindonesia,"dikatakan Iran sudah punya nuklir!!! itu inteljen A1 nya siapa yang kasih info??? lah sekarang saja yang menjadi pengamanan negara RI 1 , semuanya pada sibuk Nanak nasi MBG 🤣🤣🤣 terlalu jauh kita kepo buat mikirin negara lain,sedangkan rakyat dalam negeri saja pada kesusahan buat bertahan hidup di bawah kepimpinan Prabowo",2026-08-02T22:28:39.000Z,1,negatif
https://www.tiktok.com/@bbcnewsindonesia/video/7668971169520848135,wefrik,Yakin yg dicut itu dia ngomong “indonesia juga harus punya nuklrr”😭😭,2026-08-04T19:34:05.000Z,2,netral
https://www.tiktok.com/@bbcnewsindonesia/video/7668971169520848135,mz.genk,"Angeeelll...
angel,🤣🤣🤣🤣",2026-08-01T23:50:38.000Z,2,netral
https://www.tiktok.com/@bbcnewsindonesia/video/7668971169520848135,_devita__,Konoha juga punyaa senjata kopdes,2026-08-03T10:15:04.000Z,0,netral
https://www.tiktok.com/@bbcnewsindonesia/video/7668971169520848135,selatan_selatan,dia meyakini apa yang diyakini Trump dan Netanyahu 🧐,2026-08-03T08:29:44.000Z,0,netral
https://www.tiktok.com/@bbcnewsindonesia/video/7668971169520848135,cnoexxx,tiap dia pidato kiamat maju sehari,2026-08-03T08:29:31.000Z,0,negatif
https://www.tiktok.com/@bbcnewsindonesia/video/7668971169520848135,jokoputra542,BKN Mentri dan pejabat GK beres diurusin ini malah bahas yg bukan urusannya ya Allah lindungilah kami kirimkan pemimpin yang benar2 mencintai negri ini,2026-08-03T08:25:59.000Z,0,netral
https://www.tiktok.com/@bbcnewsindonesia/video/7668971169520848135,who_knows464,Sengaja dibuat konflik agar kita bisa tau kinerja TNI 😂,2026-08-03T08:24:46.000Z,0,netral
https://www.tiktok.com/@bbcnewsindonesia/video/7668971169520848135,sambu.toraya,patut presiden 2 periode,2026-08-03T08:23:06.000Z,0,positif
https://www.tiktok.com/@bbcnewsindonesia/video/7668971169520848135,suryadi.isman,bahaya tentara kita malah main masak masakan😂,2026-08-03T08:19:45.000Z,0,negatif
https://www.tiktok.com/@bbcnewsindonesia/video/7668971169520848135,ridwanrasyadi,Ngomong apa lagi bpk ini,2026-08-03T08:02:56.000Z,0,negatif
https://www.tiktok.com/@bbcnewsindonesia/video/7668971169520848135,ayaheshiena,israel nggak di sebut pak😁😁??,2026-08-03T07:59:40.000Z,0,netral
https://www.tiktok.com/@bbcnewsindonesia/video/7668971169520848135,si_uqii,Konoha masi joged2,2026-08-03T07:54:12.000Z,0,netral
https://www.tiktok.com/@bbcnewsindonesia/video/7668971169520848135,kytam26,nyuklir 🗿,2026-08-03T07:50:46.000Z,0,netral
https://www.tiktok.com/@bbcnewsindonesia/video/7668971169520848135,limin6969,coba pidato itu tentang rakyatmu wo. pidato isinya kok militer terus,2026-08-03T07:45:58.000Z,0,negatif
https://www.tiktok.com/@bbcnewsindonesia/video/7668971169520848135,zullkarnaini235,wou lagi prang mbg,2026-08-03T07:45:05.000Z,0,netral
https://www.tiktok.com/@bbcnewsindonesia/video/7668971169520848135,riko.saputra248,hidup mbg.,2026-08-03T07:44:04.000Z,0,positif
https://www.tiktok.com/@bbcnewsindonesia/video/7668971169520848135,cloveryzmmm,"gue curiga kalimat selanjutnya, ""indonesia juga akan punya nuklir"" 🗿 damn bro, dangerr",2026-08-03T07:43:35.000Z,0,negatif
https://www.tiktok.com/@bbcnewsindonesia/video/7668971169520848135,cangkemmulungkrah,tag iran🙏biar ngambek,2026-08-03T07:42:04.000Z,0,netral
https://www.tiktok.com/@bbcnewsindonesia/video/7668971169520848135,userhcaceh,dia ini mau ngikutin jejaknya si trump apa gmn sih heran,2026-08-03T07:40:19.000Z,0,negatif
https://www.tiktok.com/@bbcnewsindonesia/video/7668971169520848135,romeojulie099,babinsa nya sibuk ngurus pajak.,2026-08-03T07:37:02.000Z,0,netral
https://www.tiktok.com/@bbcnewsindonesia/video/7668971169520848135,rahmank100,Kena PL kali,2026-08-03T07:35:30.000Z,0,netral
https://www.tiktok.com/@bbcnewsindonesia/video/7668971169520848135,esp_ayah8171,Semoga giliran kita punya senjata nuklir Pak😂😂😂😂,2026-08-03T07:34:04.000Z,0,netral
https://www.tiktok.com/@bbcnewsindonesia/video/7668971169520848135,veb.scarygem,teknologi nuklir atau senjata nuklir?,2026-08-03T07:28:12.000Z,0,netral
https://www.tiktok.com/@bbcnewsindonesia/video/7668971169520848135,deenz666,Arahnya kmna?,2026-08-03T07:24:44.000Z,0,netral
https://www.tiktok.com/@bbcnewsindonesia/video/7668971169520848135,erwan.satria.yuda,"Harusnya fokus urus Ekonomi dalam negri,,",2026-08-03T07:23:42.000Z,0,netral
https://www.tiktok.com/@bbcnewsindonesia/video/7668971169520848135,alijaya112,Indonesia punya senjata omon2,2026-08-03T07:16:06.000Z,0,negatif
https://www.tiktok.com/@bbcnewsindonesia/video/7668971169520848135,mrcoro07,Menyesa tujuh turunan pernah milih dan belaiin dia 😔😔😔,2026-08-03T07:15:57.000Z,0,netral
https://www.tiktok.com/@bbcnewsindonesia/video/7668971169520848135,anisarahmadani90,"baru kali ini punya presiden selain bikin rakyatnya miskin ,, tapi malah mau di bikin mati semua gara"" ucapannya",2026-08-03T07:15:40.000Z,0,negatif
https://www.tiktok.com/@bbcnewsindonesia/video/7668971169520848135,clpbtk,#iran liat nih pemerintah konoha,2026-08-03T07:13:16.000Z,0,netral
https://www.tiktok.com/@bbcnewsindonesia/video/7668971169520848135,tikaaatikah123,knpp sih mkin ksana😭😭😭,2026-08-03T07:10:24.000Z,0,negatif
https://www.tiktok.com/@bbcnewsindonesia/video/7668971169520848135,jemblem150ribuan,ngomong gk ada manfaatnya untuk masyarakat pada umumnya,2026-08-03T07:09:33.000Z,0,negatif
https://www.tiktok.com/@bbcnewsindonesia/video/7668971169520848135,10man10,"kok bisa DPR MPR , diem diem Bae",2026-08-03T15:37:56.000Z,0,negatif
https://www.tiktok.com/@bbcnewsindonesia/video/7668971169520848135,user31475474018561,Indonesia ingin punya kereta api di setiap propinsi,2026-08-03T16:25:09.000Z,0,netral
https://www.tiktok.com/@bbcnewsindonesia/video/7668971169520848135,antasena.998,bahaya,2026-08-03T10:27:23.000Z,0,negatif
https://www.tiktok.com/@bbcnewsindonesia/video/7668971169520848135,andi_showtech,informane sopo iku😂😂😂,2026-08-03T12:25:37.000Z,0,netral
https://www.tiktok.com/@bbcnewsindonesia/video/7668971169520848135,kalit117,Presiden pidato nya selalu...lari kesana lari kesini tidak sesuai dengan topik acara yg di hadiri nya. itu lah salah nya asal pegang mik..langsung omon2.,2026-08-03T12:02:38.000Z,0,negatif
https://www.tiktok.com/@bbcnewsindonesia/video/7668971169520848135,zupsapzup2,aduh mulutnya emang berbahaya banget,2026-08-03T19:41:37.000Z,0,negatif
https://www.tiktok.com/@bbcnewsindonesia/video/7668971169520848135,edieeryanto.official,enggak. cuma bikin malu... tapi bikin bahaya juga pidato nya,2026-08-03T11:54:02.000Z,0,negatif
https://www.tiktok.com/@bbcnewsindonesia/video/7668971169520848135,ceritatenda,Ngeri banget.. 😂😂😂,2026-08-03T14:11:12.000Z,0,negatif
https://www.tiktok.com/@bbcnewsindonesia/video/7668971169520848135,kumpulandoamustajab,itu naskahnya di baca pak hadew,2026-08-03T11:52:22.000Z,0,negatif
https://www.tiktok.com/@bbcnewsindonesia/video/7668971169520848135,ndori666,kocaknya,2026-08-03T11:45:52.000Z,0,negatif
https://www.tiktok.com/@bbcnewsindonesia/video/7668971169520848135,adek_arshad,dari pada tidak ada yg diomongin,2026-08-03T11:45:22.000Z,0,negatif
https://www.tiktok.com/@bbcnewsindonesia/video/7668971169520848135,librata.84,baiknya kita urus dapur kita sendiri aja,2026-08-03T11:22:15.000Z,0,negatif
https://www.tiktok.com/@bbcnewsindonesia/video/7668971169520848135,rrrrefaaaa,klau gk ada gibran ni orang gk bakal menang,2026-08-03T11:01:14.000Z,0,netral
https://www.tiktok.com/@bbcnewsindonesia/video/7668971169520848135,wahyu174122,klu kita punya apa pa presiden?,2026-08-03T08:52:25.000Z,0,netral
https://www.tiktok.com/@bbcnewsindonesia/video/7668971169520848135,23powerranger,"minimal kalo mau ikut ikutan minimal pejabat nya jgn korupsi, kalo korupsi miskinkan/hukuman mati,
jangan invasi rakyat nya, sejahterakan rakyat nya melalui kekayaan alam yg dimiliki, baru bahas bahas nuklir",2026-08-03T06:37:47.000Z,0,netral
https://www.tiktok.com/@bbcnewsindonesia/video/7668971169520848135,kokoklzji2j,"Tenang pak, kita punya MBG senjata unggulan RI🤪",2026-08-03T04:58:42.000Z,0,positif
https://www.tiktok.com/@bbcnewsindonesia/video/7668971169520848135,nocturnboy08,"Iran : kelakuan orang Indonesia udah kepo , Cepu lagi 🗿",2026-08-01T16:56:23.000Z,1,netral
https://www.tiktok.com/@bbcnewsindonesia/video/7668971169520848135,putrac_,kalo emang iran klaim gak ada rencana bikin senjata nuklir kenapa amerika/Israel takut? karna Zionis sama Amerika takut pengaruh nya bisa ilang dan gak bisa macam2 di negara timur tengah. ini iran bukan Irak toh Pakistan udah punya senjata nuklir tambah lagi kalo bener iran merencanakan punya senjata nuklir. gak bisa macam2 negara barat sama timur Tengah,2026-08-03T12:52:12.000Z,0,netral
https://www.tiktok.com/@bbcnewsindonesia/video/7668971169520848135,samun.gaji,presiden yg selalu ingin ikut2an negara lain.tapi kondisi bangsa sendiri tdk tau rakyat&ekonomi yg sulit,2026-08-03T12:12:47.000Z,0,negatif
https://www.tiktok.com/@bbcnewsindonesia/video/7668971169520848135,kecoangesot899,"intinya jangan ikut campur urusan negara lain, urus negara sendiri jauh lebih baik. sebelum dollar berjalan sampai 22.000",2026-08-03T08:52:00.000Z,0,negatif
https://www.tiktok.com/@bbcnewsindonesia/video/7668971169520848135,bang_sung3,kocak,2026-08-03T05:34:19.000Z,0,negatif
https://www.tiktok.com/@bbcnewsindonesia/video/7668971169520848135,fajar.syahbudin,bahaya sih 😅,2026-08-03T05:24:11.000Z,0,negatif
https://www.tiktok.com/@bbcnewsindonesia/video/7668971169520848135,resthungvon81,indonesia juga ingin senjata nuklir🤣🤪,2026-08-03T12:35:30.000Z,0,netral
https://www.tiktok.com/@bbcnewsindonesia/video/7668971169520848135,ita_trwn,ini pidato yg bikin iran klarifikasi ges.malu bgt sihhh akuu,2026-08-03T10:27:00.000Z,0,netral
https://www.tiktok.com/@bbcnewsindonesia/video/7668971169520848135,rina300393,lemes bgt pk,2026-08-03T10:35:29.000Z,0,negatif
https://www.tiktok.com/@bbcnewsindonesia/video/7668971169520848135,dipit77,Udahlah Jangan Di Kasih Pidato Lagi.. Sangat Membahayakan Omongannya.. Mana Omon Omon Lagi,2026-08-03T09:09:04.000Z,0,negatif
https://www.tiktok.com/@bbcnewsindonesia/video/7668971169520848135,songeksugeng,lebih maju Indonesia punya santet😂😂😂😂😂😂,2026-08-03T08:46:38.000Z,0,netral
https://www.tiktok.com/@bbcnewsindonesia/video/7668971169520848135,nindah_08,sejarah mncatat presiden paling trburuk diindonesia stiap pidato slalu nguawur,2026-08-03T08:42:59.000Z,0,negatif
https://www.tiktok.com/@bbcnewsindonesia/video/7668971169520848135,whatis915,mbg,2026-08-03T08:22:32.000Z,0,netral
https://www.tiktok.com/@bbcnewsindonesia/video/7668971169520848135,xomendesxo,risaukn nuclear dari perut warga gila amat,2026-08-03T08:07:37.000Z,0,netral
https://www.tiktok.com/@bbcnewsindonesia/video/7668971169520848135,newgoblinn,"yok kawan2, nonton, tekan dislike, sama komentar tentang nuklir yg dihapus",2026-08-03T07:19:04.000Z,0,netral
https://www.tiktok.com/@bbcnewsindonesia/video/7668971169520848135,deity.ares,"Rusakkkkk rusakkkkkkkkkkkkkkkkk, ampunlah presiden kgini, muak",2026-08-03T06:57:32.000Z,0,negatif
https://www.tiktok.com/@bbcnewsindonesia/video/7668971169520848135,nwida_nw,"nyuklir
nyuklir",2026-08-03T06:46:49.000Z,0,netral
https://www.tiktok.com/@bbcnewsindonesia/video/7668971169520848135,ms.manaungi,Mereka bangga dengan Nuklir nya..kamu juga Wo harus bangga karena kamu punya MBG dan Kopdes.MP..hore hore.,2026-08-03T05:58:24.000Z,0,positif
https://www.tiktok.com/@bbcnewsindonesia/video/7668971169520848135,rieccel,"modelan begini pengen jadi duta perdamaian Korut dan Korsel, ga punya kapabilitas dan ga punya bargaining power, kalah terus didikte negara lain terutama amerika",2026-08-03T05:52:26.000Z,0,negatif
https://www.tiktok.com/@bbcnewsindonesia/video/7668971169520848135,pororo80_,"Bahaya bpk di kasih mic, pidato ne ngawurrrrr😂",2026-08-03T05:50:46.000Z,0,netral
https://www.tiktok.com/@bbcnewsindonesia/video/7668971169520848135,.d3dy_7,kasihin aja presiden sm buzzer2 nya😂😂,2026-08-03T05:43:01.000Z,0,netral
https://www.tiktok.com/@bbcnewsindonesia/video/7668971169520848135,zaa5768,kita punya ribuan ompreng Mbg...,2026-08-03T05:16:22.000Z,0,netral
https://www.tiktok.com/@bbcnewsindonesia/video/7668971169520848135,marshal.d.teach98,Matanya yg ngedip yang kanan doang.. Yang kiri ga ngedip. Apakah ini pertanda..,2026-08-03T05:15:37.000Z,0,netral
https://www.tiktok.com/@bbcnewsindonesia/video/7668971169520848135,yamaha_bagus_di_awal,urus OPM aja gak sanggup sosok bahas nuklir,2026-08-03T05:09:05.000Z,0,negatif
https://www.tiktok.com/@bbcnewsindonesia/video/7668971169520848135,piledriverwltz21_,nyuklir😹,2026-08-03T05:01:30.000Z,0,netral
https://www.tiktok.com/@bbcnewsindonesia/video/7668971169520848135,arjuna449,sudah di bilang jangan di kasih 🎤,2026-08-03T04:59:36.000Z,0,netral
https://www.tiktok.com/@bbcnewsindonesia/video/7668971169520848135,gunturtjahjetizgl,kemungkinan jg suatu saat Indonesia akan mendapatkan paketan cod antar benua dari Iran ingat apakah Indonesia udah siap mendapat kan paketan itu kita liat aj nanti🤣🤣🤣,2026-08-05T18:12:09.000Z,0,netral
https://www.tiktok.com/@bbcnewsindonesia/video/7668971169520848135,ys15131,Urus aja dlu negara kita sendiri.,2026-08-05T12:48:24.000Z,0,negatif
https://www.tiktok.com/@bbcnewsindonesia/video/7668971169520848135,wengayo85,kita punya mbg 😅😅,2026-08-05T03:05:18.000Z,0,netral
https://www.tiktok.com/@bbcnewsindonesia/video/7668971169520848135,herylucky18,makin kesini makin ngawur...maaf pa .gak usah mikirin negara orang .pikirin negara kita yg apa2 susah dan mahal .gak usah pikirin nuklir. pikirin aj mbg pa..yg penting perut kenyang. kantong tebal..,2026-08-04T12:16:40.000Z,0,negatif
https://www.tiktok.com/@bbcnewsindonesia/video/7668971169520848135,shark_red_ocean83,indonesia punya koruptor sekaliber nuklir dan sudah diledakan dimana mana.. banyak rakyat yang terkena radiasi dan kemiskinan dimana mana😂,2026-08-03T22:45:07.000Z,0,netral
https://www.tiktok.com/@bbcnewsindonesia/video/7668971169520848135,mustika_pesonasakti,"kita punya MBG
😂😂😂😂
IKAN LELE 1 EKOR😁",2026-08-03T22:12:12.000Z,0,netral
https://www.tiktok.com/@bbcnewsindonesia/video/7668971169520848135,ahmadqussairi,Ngawor presiden 1 ini ga ikut milih ikut malu😭,2026-08-03T21:39:07.000Z,0,negatif
https://www.tiktok.com/@bbcnewsindonesia/video/7668971169520848135,m4m4s_3,nanti malu klen punya presiden dia😏,2026-08-03T21:25:43.000Z,0,negatif
https://www.tiktok.com/@bbcnewsindonesia/video/7668971169520848135,jajanproperty,Kita mentok bisa bikin kapal selam (empek2),2026-08-03T21:10:08.000Z,0,netral
https://www.tiktok.com/@bbcnewsindonesia/video/7668971169520848135,opikgluscevic,ngapain pa caper di dunia..urusin Papua masih banyak korban TNI dan warga sipil...gimana sih pikirannya,2026-08-03T18:25:17.000Z,0,negatif
https://www.tiktok.com/@bbcnewsindonesia/video/7668971169520848135,starmolly.infiniteroyal,"Pak stop bahas negara lain,bahas negara sendiri yg masih kesusahan ini",2026-08-03T09:52:09.000Z,0,negatif
https://www.tiktok.com/@bbcnewsindonesia/video/7668971169520848135,wingman____,ni orang tiap pidato blunder mulu. jangan di kasih mic lah coba pls,2026-08-03T06:49:48.000Z,0,negatif
https://www.tiktok.com/@bbcnewsindonesia/video/7668971169520848135,hjbolot00,udh bener” 2x gagal di kasi kesempatan malah kayak gini wo wo,2026-08-03T06:32:10.000Z,0,negatif
https://www.tiktok.com/@bbcnewsindonesia/video/7668971169520848135,unknown_21_25,emang topik nya apa sih? smpe ke arah kesitu.. maaf baru buka tiktok soalnya🤣,2026-08-03T09:51:48.000Z,0,netral
https://www.tiktok.com/@bbcnewsindonesia/video/7668971169520848135,joko.susanto41,Mbg belum beres sudah ngomong nuklir,2026-08-03T09:50:08.000Z,0,negatif
https://www.tiktok.com/@bbcnewsindonesia/video/7668971169520848135,penghapuspensil,pindad masih fokus produksi becak listrik,2026-08-03T14:20:01.000Z,1,netral
https://www.tiktok.com/@bbcnewsindonesia/video/7668971169520848135,fireasker,jurus ompreng terbang😁,2026-08-02T16:54:25.000Z,1,netral
https://www.tiktok.com/@bbcnewsindonesia/video/7668971169520848135,alim1p7,udh dbilang jngn dkasih mic mlah dkasih mic terus,2026-08-01T09:18:36.000Z,3,negatif
https://www.tiktok.com/@bbcnewsindonesia/video/7668971169520848135,euiskatz,kita punya MBG dan Bambu Runcing ke Bawah 😁,2026-08-01T09:10:24.000Z,1,netral
https://www.tiktok.com/@bbcnewsindonesia/video/7668971169520848135,seaaasalttt,ni si owo kalo di ganti kimpul bisa ga,2026-08-03T11:32:38.000Z,0,netral
https://www.tiktok.com/@bbcnewsindonesia/video/7668971169520848135,asayangtersisa,"Baca texs makanya pak,Ben Ra ngelantur ke mana""",2026-08-03T11:45:05.000Z,0,negatif
https://www.tiktok.com/@bbcnewsindonesia/video/7668971169520848135,z4kki._09,sudah dibilang tidak usah dikasih mic,2026-08-08T09:57:12.000Z,0,netral
https://www.tiktok.com/@bbcnewsindonesia/video/7668971169520848135,wahyuwahyudi586,maksudmu ik Pye wo presiden koyok op wo,2026-08-03T11:57:13.000Z,0,negatif
https://www.tiktok.com/@bbcnewsindonesia/video/7668971169520848135,raissyauqi_,nuklir nuklirr.. tni noh pada di sawah,2026-08-03T12:17:56.000Z,0,netral
https://www.tiktok.com/@bbcnewsindonesia/video/7668971169520848135,tillyasaid,mulut mu adalah harimaumu yang akan menerkam kepala mu,2026-08-03T12:33:01.000Z,0,negatif
https://www.tiktok.com/@bbcnewsindonesia/video/7668971169520848135,cinta.rosulullah3,konoha cuma punya kontol.🤣🤣🤣,2026-08-03T15:00:09.000Z,0,netral
https://www.tiktok.com/@bbcnewsindonesia/video/7668971169520848135,sabiladyba,nyuklir,2026-08-03T15:19:19.000Z,0,netral
https://www.tiktok.com/@bbcnewsindonesia/video/7668971169520848135,sam_muq,tni polisi lagi sibuk ngurus tomat wortel gausah ngomong aneh aneh,2026-08-03T16:21:57.000Z,0,negatif
https://www.tiktok.com/@bbcnewsindonesia/video/7668971169520848135,rendisetianto748,dan indonesia punya mbg😂,2026-08-03T16:29:51.000Z,0,netral
https://www.tiktok.com/@bbcnewsindonesia/video/7668971169520848135,evo4603,Indonesia punya senjata MBG,2026-08-03T16:51:12.000Z,0,netral
https://www.tiktok.com/@bbcnewsindonesia/video/7668971169520848135,ogikajj,udahhh di bilang jagnnn di kasii micc !!!!,2026-08-03T17:28:38.000Z,0,negatif
https://www.tiktok.com/@bbcnewsindonesia/video/7668971169520848135,denbagusofficial1,"Nyiyirnya kebiasaan, habis nyinyiri rakyatnya, kini giliran negara tetangga. Heran kalau dikasih mic omongannya ngelantur",2026-08-03T20:19:24.000Z,0,negatif
https://www.tiktok.com/@bbcnewsindonesia/video/7668971169520848135,010190olip,"tkut bgt tiba2 dukhon nyampe dluan ke indo😭😭😭
udah pak mending diem😭😭😭",2026-08-03T07:54:30.000Z,0,negatif
https://www.tiktok.com/@bbcnewsindonesia/video/7668971169520848135,masjawak_,"mau ngapain si wok..
nyari gara²",2026-08-02T05:11:07.000Z,1,negatif
https://www.tiktok.com/@bbcnewsindonesia/video/7668971169520848135,nurudinmh,"Udah keburu viral diluar negeri , makan tuh",2026-08-02T12:51:59.000Z,1,negatif
https://www.tiktok.com/@bbcnewsindonesia/video/7668971169520848135,aledunhill,Makanya jangan kasih mic...!!!,2026-08-04T13:40:00.000Z,0,negatif
https://www.tiktok.com/@bbcnewsindonesia/video/7668971169520848135,malvaf1137,"BISA GAK SIH KALO KITA DEBAT ITU JANGAN BAWA ""ANISSSS"" MULUK ""ANISSSS"" MULUK, GUE GOLPUT WOI!!!!",2026-08-03T01:05:51.000Z,1,netral
https://www.tiktok.com/@bbcnewsindonesia/video/7668971169520848135,prisa4086,tipe manusia yg kalo diajak curhat bisa bocor kemana mana😂yg model kek gini nih yg bahaya gak bisa jaga rahasia😁,2026-08-06T03:13:05.000Z,0,negatif
https://www.tiktok.com/@bbcnewsindonesia/video/7668971169520848135,misterlau777,"maaf kan, _____lebih menarik itu sikap DIAM para ahli pikir di ruangan yang sama..yang pasti sangat cerdas dari rakyat nya,...rahayu.... maafkan 🙏🙏🙏",2026-08-03T09:34:39.000Z,0,netral
https://www.tiktok.com/@bbcnewsindonesia/video/7668971169520848135,silentreals,Kirain negara tetangga pingin juga punya MBG,2026-08-03T09:54:14.000Z,0,netral
https://www.tiktok.com/@bbcnewsindonesia/video/7668971169520848135,angganc_32,nuklir ❌️nyuklir ✅️,2026-08-03T09:58:37.000Z,0,netral
https://www.tiktok.com/@bbcnewsindonesia/video/7668971169520848135,bakulbrambanggoreng,"Indoneisa punya senjata MBG dan kopdes,",2026-08-03T10:06:40.000Z,0,netral
https://www.tiktok.com/@bbcnewsindonesia/video/7668971169520848135,ellienwardhana,"Yg bukan urusan dia kon harus di omongin 😂😂
Pidato yg gak punya konteks, ngurusin urusan negara lain 😳😳",2026-08-03T03:38:54.000Z,1,negatif
https://www.tiktok.com/@bbcnewsindonesia/video/7668971169520848135,abahusen56,Konoha punya mbg 😂😂,2026-08-03T10:54:53.000Z,0,netral
https://www.tiktok.com/@bbcnewsindonesia/video/7668971169520848135,dewiastuti363,GUA UDAH BILANG DARI DULU JNGN DI KASI MIC😂,2026-08-05T00:34:39.000Z,0,negatif
https://www.tiktok.com/@bbcnewsindonesia/video/7668971169520848135,wongcilik_8276,dan kita punya senjata mbg dan kdmp,2026-08-03T16:02:13.000Z,0,netral
https://www.tiktok.com/@bbcnewsindonesia/video/7668971169520848135,agung.irawan727,kalo asbun kira kira,2026-08-03T21:51:52.000Z,0,negatif
https://www.tiktok.com/@bbcnewsindonesia/video/7668971169520848135,fshionkeo_0912,TNI dan polisi berlindung di kopdes,2026-08-05T08:24:22.000Z,0,netral
https://www.tiktok.com/@bbcnewsindonesia/video/7668971169520848135,bayubayuer,indonesia punya senjata MBG🤣🤣😂😂,2026-08-07T04:06:04.000Z,0,netral
https://www.tiktok.com/@bbcnewsindonesia/video/7668971169520848135,mirfanna12,gentengisasi bisa meredam efek nyuklir,2026-08-01T13:00:34.000Z,1,netral
https://www.tiktok.com/@bbcnewsindonesia/video/7668971169520848135,sumaplafonmojokerto,"kebanyakan pidato ,kebanyakan kumpul2 ,kebanyakan bicara. 😂",2026-08-05T11:47:46.000Z,0,negatif
https://www.tiktok.com/@bbcnewsindonesia/video/7668971169520848135,students1091,kita punya ompreng MBG,2026-08-01T17:49:33.000Z,1,netral
https://www.tiktok.com/@bbcnewsindonesia/video/7668971169520848135,nindavrn,omon2,2026-08-04T04:33:39.000Z,0,negatif
https://www.tiktok.com/@bbcnewsindonesia/video/7668971169520848135,iyaiyaiya821,kalau ada korban dari fitnah ini. semoga azabnya menimpa beliau yang mem fitnah,2026-08-09T10:21:53.000Z,0,netral
https://www.tiktok.com/@bbcnewsindonesia/video/7668971169520848135,herry.prasetyo15,"sampean ngk tau ta
pak
cocote nitizen Indonesia
udah melebihi snjt nyuklir",2026-08-04T07:47:42.000Z,0,netral
https://www.tiktok.com/@bbcnewsindonesia/video/7668971169520848135,kontaktidakdiketahui0,Kok mata yg kanan kyk kedip2 trs ya,2026-08-04T07:57:51.000Z,0,netral
https://www.tiktok.com/@bbcnewsindonesia/video/7668971169520848135,ifaldo.jr,carrick ngomongin nuklir anj😭😭,2026-08-03T07:01:59.000Z,0,netral
https://www.tiktok.com/@bbcnewsindonesia/video/7668971169520848135,belumdibaca18,cepuin ahh,2026-08-03T07:10:07.000Z,0,netral
https://www.tiktok.com/@bbcnewsindonesia/video/7668971169520848135,reskiahmadi,indonisai punya MBG,2026-08-04T10:04:32.000Z,0,netral
https://www.tiktok.com/@bbcnewsindonesia/video/7668971169520848135,brilianbrainlita,Nuklir nya Nyuklir banget[yummy],2026-08-02T18:00:27.000Z,1,netral
https://www.tiktok.com/@bbcnewsindonesia/video/7668971169520848135,subak.beras.merah,Mending beli beras gak sih ges? Ettt skalian promosi ya aku baru merintis 🥺,2026-08-05T15:00:09.000Z,1,netral
https://www.tiktok.com/@bbcnewsindonesia/video/7668971169520848135,suwandiwandi7851,lebih bahaya lagi keracunan mbg pak,2026-08-03T07:18:27.000Z,0,negatif
https://www.tiktok.com/@bbcnewsindonesia/video/7668971169520848135,bestar23,ngawur ni orang...,2026-08-05T15:25:57.000Z,0,negatif
https://www.tiktok.com/@bbcnewsindonesia/video/7668971169520848135,indralesmana7535,jangan cemas pa ada bahlil 🤪🤪🤪,2026-08-01T16:53:16.000Z,1,netral
https://www.tiktok.com/@bbcnewsindonesia/video/7668971169520848135,orangkecil12_,tenang kita punya mbg,2026-08-02T09:59:40.000Z,1,netral
https://www.tiktok.com/@bbcnewsindonesia/video/7668971169520848135,bagaswara.4,"Bahaya banget ini jayen klo ngomong, nyinggung Iran punya nuklir, manabuktinya??Astagfirllah. Jayen ini bener bener pro AS dan Israel",2026-08-03T06:17:05.000Z,0,negatif
https://www.tiktok.com/@bbcnewsindonesia/video/7668971169520848135,smartacademyku,blunder trus ya wkwkw,2026-08-03T05:38:34.000Z,0,negatif
https://www.tiktok.com/@bbcnewsindonesia/video/7668971169520848135,marugameon,"kalo sampe mic dimatiin sama videonya diedit ada iklannya, berarti kan staf2 nya juga tau presidennya lagi ngomong ngawur wkwk😂",2026-08-03T05:36:53.000Z,0,negatif
https://www.tiktok.com/@bbcnewsindonesia/video/7668971169520848135,agusvanjava7,"sudah tidak ada harapan,selamatkan diri kalian wahai rakyat konoha",2026-08-03T05:28:13.000Z,0,negatif
https://www.tiktok.com/@bbcnewsindonesia/video/7668971169520848135,ishak.sulaiman22,negara kt perbaiki,2026-08-03T05:24:00.000Z,0,netral
https://www.tiktok.com/@bbcnewsindonesia/video/7668971169520848135,nunungnurkholis,apa nyuklir 🤭🤭🤭,2026-08-03T05:15:43.000Z,0,netral
https://www.tiktok.com/@bbcnewsindonesia/video/7668971169520848135,jokofirdo,"pajak dulu dihilangin gimana caranya pak,,,",2026-08-03T05:08:30.000Z,0,netral
https://www.tiktok.com/@bbcnewsindonesia/video/7668971169520848135,msoedjono182,,2026-08-03T05:56:00.000Z,0,netral
https://www.tiktok.com/@bbcnewsindonesia/video/7668971169520848135,ikozuma,presiden ini membahayakan hidup rakyat nya.,2026-08-03T13:30:10.000Z,0,negatif
https://www.tiktok.com/@bbcnewsindonesia/video/7668971169520848135,putriarumi03riska,nyuklir atau nuklir?,2026-08-03T12:37:56.000Z,0,netral
https://www.tiktok.com/@bbcnewsindonesia/video/7668971169520848135,botolkaca12__,nyuklir nyuklir,2026-08-06T14:14:17.000Z,0,netral
https://www.tiktok.com/@bbcnewsindonesia/video/7668971169520848135,vey_291,coba deh jgn di kasih mic ..😭,2026-08-03T05:41:31.000Z,0,netral
https://www.tiktok.com/@bbcnewsindonesia/video/7668971169520848135,safriadi990,indonesia produksi koruptor terbesar didunia😁😁😁,2026-08-03T20:25:38.000Z,0,netral
https://www.tiktok.com/@bbcnewsindonesia/video/7668971169520848135,respeck55,akibat sekolam dengan trump banyak blundernya si CEO MBG,2026-08-15T07:52:50.000Z,0,negatif
https://www.tiktok.com/@bbcnewsindonesia/video/7668971169520848135,dfa.ifn,cepuin ah,2026-08-01T12:54:20.000Z,1,netral
https://www.tiktok.com/@bbcnewsindonesia/video/7668971169520848135,tiyoasmoro759,Indonesia punya senjata MBG yg manpaatanya jadi tai,2026-08-02T05:17:50.000Z,1,netral
https://www.tiktok.com/@bbcnewsindonesia/video/7668971169520848135,avdal_rizma,😂😂😂,2026-08-03T15:44:49.000Z,0,netral
https://www.tiktok.com/@bbcnewsindonesia/video/7668971169520848135,zzzz12o,@Israel,2026-08-09T07:12:22.000Z,0,netral
https://www.tiktok.com/@bbcnewsindonesia/video/7668971169520848135,sairi742,@gerindra,2026-08-01T13:16:08.000Z,1,netral
https://www.tiktok.com/@bbcnewsindonesia/video/7668971169520848135,junaedisyamsul,🤣🤣🤣🤣🤣🤣🤣🤣🤣🤣🤣🤣🤣🤣🤣🤣,2026-08-17T02:56:24.000Z,0,netral
https://www.tiktok.com/@bbcnewsindonesia/video/7668971169520848135,raditwinata_,@IRAN NEWS,2026-08-01T21:03:48.000Z,1,netral
https://www.tiktok.com/@bbcnewsindonesia/video/7668971169520848135,trixie.06,@gerindra look,2026-08-05T14:20:51.000Z,0,netral
https://www.tiktok.com/@bbcnewsindonesia/video/7668971169520848135,wina80396,😂🤣🤣,2026-08-05T14:57:58.000Z,0,netral
https://www.tiktok.com/@bbcnewsindonesia/video/7668971169520848135,yantoservis295,Indonesia punya senjata MBG,2026-08-02T05:25:56.000Z,1,netral
https://www.tiktok.com/@bbcnewsindonesia/video/7668971169520848135,ken.ukuk,so..soan bahas nuklir koruptor juga masih merajalela,2026-08-01T13:09:29.000Z,1,negatif
https://www.tiktok.com/@bbcnewsindonesia/video/7668971169520848135,timeyds,pak...urus ekonomi aja ma hukum mati koruptor ..nga usah ngurusin negara lain..,2026-08-04T02:19:36.000Z,0,negatif
https://www.tiktok.com/@bbcnewsindonesia/video/7668971169520848135,bocorrr34,"Keknya presiden harus ada batas usia deh ,malas bener dipimpin kakek""",2026-08-01T15:03:04.000Z,1,negatif
https://www.tiktok.com/@bbcnewsindonesia/video/7668971169520848135,astroboy_130,@PRABOWO SUBIANTO 😂,2026-08-03T07:09:49.000Z,0,netral
https://www.tiktok.com/@bbcnewsindonesia/video/7668971169520848135,ltaarinz,@dn oversharing jir awokawok,2026-08-03T09:30:33.000Z,0,netral
https://www.tiktok.com/@bbcnewsindonesia/video/7668971169520848135,ramideun.1010,😂😂😂,2026-08-03T09:33:24.000Z,0,netral
https://www.tiktok.com/@bbcnewsindonesia/video/7668971169520848135,bwoxcreative,"""Tidak ada seorang hamba yang Allah beri tanggung jawab memimpin rakyat, kemudian ia mati dalam keadaan menipu rakyatnya, melainkan Allah mengharamkan surga baginya."" (HR Bukhari dan Muslim)",2026-08-04T12:29:34.000Z,0,netral
https://www.tiktok.com/@bbcnewsindonesia/video/7668971169520848135,tuanku619,"Smoga Pak Prabowo diberikan Kesehatan & Keberkahan Allah SWT, Semoga Beliau Tuntas Hancurkan Mafia & Oligarki SDA, Serta DPR Segera Sahkan UU Perampasan Aset Koruptor, Biar NKRI makin Gacor.
*KENAPA BARU SEKARANG :
👇
BELUM ADA 2 TH
1. BUMN Gag jelas & rugi terus Bubarkan.
2. Indonesia Sudah Tdk Impor Beras.
3. Terciptanya B50.
4. Program Sekolah Rakyat.
5. Oligarki & Mafia SDA tangkapi.
6. Satgas PKH yg rampok hasil hutan tangkapi.
7. Dirikan Kampus khusus Kedokteran.
8. Program Makan Bergizi Gratis.
9. Program KDKMP. (Koperasi).
10. Paling lantang mendukung UU Perampasan Aset Koruptor.
11. Mengembalikan & Membangkitkan Pindad, PTDI,dll.
12. Program Desa Nelayan.
13. Program Rumah Subsidi.
13 Program Pupuk Murah.
14. KAI Tiket Murah Khusus Pedagang.
15. Pabrik Perakitan Kendaraan Listrik di Magelang.
16. Pembuatan Ratusan Bendungan.
17. Program Ribuan Pembangunan Jembatan Merah Putih.
18. Memangkas Waktu Tunggu & Biaya Naik Haji.
19. Membuat Kampung Haji Indonesia & Fasilitasnya di Arab Saudi.
20. Rencana Program Pembinaan Bola (Agar Indonesia Bisa Ikut Piala Dunia) 19. Masih banyak Program Lainnya.
21. Pengelolaan Sampah Membuat berbagai barang Multi Guna & Ramah Lingkungan.
22. Program Pupuk Petani Murah.
23. Program Perumahan Rakyat.
24. Revitalisai Sekolah Rusak (Secara Bertahap)
25. Masih banyak Program Lainnya.
MAKANYA OLIGARKI/MAFIA SDA & LAWAN POLITIK /ORANG² YG TERSANDUNG MASALAH DAMPAK KEBIJAKAN NEGARA, ORANG YG POTENSI AKAN DITANGKAP, Termasuk Yg Khawatir BERSAING DI 2029, Selalu BIKIN GADUH, ADU DOMBA, FITNAH & BIKIN HOAXS TERUS DI MEDSOS. TERMASUK AGEN ASING YG TIDAK INGIN INDONESIAI KUAT & MAJU.
NGOBATI KONDISI NKRI YG RUSAK DIBERBAGAI TEMPAT (KORUPSI) MEMANG PERLU TANGAN BESI, MESKIPUN TANTANGAN CUKUP BERAT BAIK DARI DALAM MAUPUN DARI LUAR...",2026-08-03T13:12:19.000Z,0,positif
https://www.tiktok.com/@bbcnewsindonesia/video/7668971169520848135,zeefree14,banyak vidio pemecah belah bangsa.percayalah presiden kita orang baik dan tulus mencintai negara dan rakyatnya.banyak orang yg mau menjatuhkan beliau karena banyak koruptor yang di tangkap,2026-08-04T03:01:03.000Z,0,positif
https://www.tiktok.com/@bbcnewsindonesia/video/7668971169520848135,dedi_utam1,"@Al Jazeera English @قناة عراق الحدث الفضائية @IRAN 🟥 ☫ 🟩 ایــران @BBC 
Be carefull info from Prabowo, Iran Have SENJATA NUKLIR.
Wowww, that's amazing statement from our President. Great information😳😳😳",2026-08-04T23:16:51.000Z,0,negatif
https://www.tiktok.com/@bbcnewsindonesia/video/7668971169520848135,jepit_ijo,Dulu jokowi pidato pake baca teks dicaci maki eh skarang punya presiden pidato ga pake teks malah isinya kesono kemari kacau,2026-08-03T10:58:22.000Z,0,negatif
https://www.tiktok.com/@bbcnewsindonesia/video/7668971169520848135,user40546274039053,https://vm.tiktok.com/ZS4yjbdty/🇸🇬🙏 Kediri Jawa Timur Indonesia Nur Mudayani 🤲,2026-08-03T10:08:03.000Z,0,netral
https://www.tiktok.com/@bbcnewsindonesia/video/7668971169520848135,rafida769,siapa yg ngerasa tiap hari ada breaking news.. bahkan tiap jam selalu ada... capek gua.. selalu deg²an denger nya.. 😳,2026-08-03T10:00:13.000Z,0,netral
https://www.tiktok.com/@bbcnewsindonesia/video/7668971169520848135,l.kurniaaa,iran kalo dendam sama wowo aja kita sbg masyarakat indonesia gak ikut2an,2026-08-03T08:35:58.000Z,0,netral
https://www.tiktok.com/@bbcnewsindonesia/video/7668971169520848135,outfitkekinian27,"woo kau kira iran sekelas timor Leste, Amsu dan sirewel kewalahan, sembarang ngomong aja",2026-08-03T06:29:47.000Z,0,negatif
https://www.tiktok.com/@bbcnewsindonesia/video/7668971169520848135,amisyahaljufri,as Israel juga punya,2026-08-03T05:53:11.000Z,0,netral
https://www.tiktok.com/@bbcnewsindonesia/video/7668971169520848135,vivo.y21s20,Indonesia tak kalah pula punya mbg sppg🤣,2026-08-03T05:27:20.000Z,0,netral
https://www.tiktok.com/@bbcnewsindonesia/video/7668971169520848135,ronabahagia,matiin micnyaaaa,2026-08-03T05:24:23.000Z,0,netral
https://www.tiktok.com/@bbcnewsindonesia/video/7668971169520848135,sudarto.zenkcick,tlng presiden kita jangan d kasih mic..,2026-08-03T05:44:46.000Z,0,negatif
https://www.tiktok.com/@bbcnewsindonesia/video/7668971169520848135,cayyis,kali kali pidatonya yg bermutu dikit kek,2026-08-03T05:43:06.000Z,0,negatif
https://www.tiktok.com/@bbcnewsindonesia/video/7668971169520848135,iffrannofriadi99,gaya saat debat pilpres masak rahasia negara mau dibongkar kepada Pak Anies.ini rahasia negara org mau dibeberkan didepan UMUM.standart ganda presiden pilihan buzzer dan koruptor 😂😂😂,2026-08-03T04:53:54.000Z,0,netral
https://www.tiktok.com/@bbcnewsindonesia/video/7668971169520848135,callmeyen86,"Indonesia Senjata nya ANULIR, ANULIR HUKUMAN KORUPTOR",2026-08-01T11:32:49.000Z,2,netral
https://www.tiktok.com/@bbcnewsindonesia/video/7668971169520848135,h..dj3,Tidak penting penting pak...yg penting gimana rakyat sejahtera.,2026-08-01T10:20:17.000Z,2,negatif
https://www.tiktok.com/@bbcnewsindonesia/video/7668971169520848135,nadhifa.syakieb,"indonesia sudah punya nuklir, tapi bakso, bakso nuklir.",2026-08-03T04:47:26.000Z,0,netral
https://www.tiktok.com/@bbcnewsindonesia/video/7668971169520848135,kada_pamuruan,selamat kan diri masing2 sudah gak ada harapan ini,2026-08-03T04:41:18.000Z,0,netral
https://www.tiktok.com/@bbcnewsindonesia/video/7668971169520848135,va.devana,"siap2 orang jakarta dikirim nuklir sama Iran
karena omongan presiden kalian 🤣🤣",2026-08-03T04:38:07.000Z,0,netral
https://www.tiktok.com/@bbcnewsindonesia/video/7668971169520848135,sym35hpp,hoby bget ngurusin negara org😭,2026-08-03T04:37:49.000Z,0,negatif
https://www.tiktok.com/@bbcnewsindonesia/video/7668971169520848135,mrcupu1234,saya lebih penasaran knapa ygvlebih bahaya dari nuklir yaitu UU perampasan aset para koruptor yg menyengsarakan rakyat dan membunuh rakyat ratusan juta rakyat Indonesia!!!!,2026-08-03T04:44:57.000Z,0,netral
https://www.tiktok.com/@bbcnewsindonesia/video/7668971169520848135,fikfik9999,,2026-08-03T04:35:09.000Z,0,netral
https://www.tiktok.com/@bbcnewsindonesia/video/7668971169520848135,argakirana2,"ya ampun kalok udah ngomong kok blunder terus lah,gak ada rem nya blass",2026-08-03T04:34:34.000Z,0,negatif
https://www.tiktok.com/@bbcnewsindonesia/video/7668971169520848135,oceng02,udahlah... fokus di negeri sendiri sj masalahnya. pidato ini jgn di besar2kan. jika stafnya sj menganggap potensi tdk bagus buat negara keluar negeri maka NKRI lah,2026-08-03T04:34:15.000Z,0,negatif
https://www.tiktok.com/@bbcnewsindonesia/video/7668971169520848135,adilmakmur018665,ini ujungnya pasti MBG,2026-08-03T04:31:44.000Z,0,negatif
https://www.tiktok.com/@bbcnewsindonesia/video/7668971169520848135,djoniedjonie5,yg penting ngoceh dulu mikirin belakangan,2026-08-03T04:31:36.000Z,0,negatif
https://www.tiktok.com/@bbcnewsindonesia/video/7668971169520848135,tambers00,"alasan pendukung dia aja tuh, kalau memang itu tidak berdampak kenapa di takedown. ini ja siapa yg bisa Jawab wahai pendukung Prabowo",2026-08-03T04:30:43.000Z,0,negatif
https://www.tiktok.com/@bbcnewsindonesia/video/7668971169520848135,wwweeexxxxxwkebibskisb,ai sekarang canggih ya,2026-08-03T04:28:07.000Z,0,netral
https://www.tiktok.com/@bbcnewsindonesia/video/7668971169520848135,el_basel7,muak dengerin pidatonya yg asbun,2026-08-03T04:27:45.000Z,0,negatif
https://www.tiktok.com/@bbcnewsindonesia/video/7668971169520848135,anakbungsu_____,😂😂,2026-08-03T04:27:18.000Z,0,netral
https://www.tiktok.com/@bbcnewsindonesia/video/7668971169520848135,rayracy,ada juga new clearnya aduhhhhh,2026-08-03T04:25:02.000Z,0,netral
https://www.tiktok.com/@bbcnewsindonesia/video/7668971169520848135,kawaisun1,"Yaa Allah, hindarkanlah kami dari pemimpin yg bodoh dan yg kekanak- kanakan",2026-08-03T04:21:13.000Z,0,negatif
https://www.tiktok.com/@bbcnewsindonesia/video/7668971169520848135,ayotaubatnasuha,"Dari ini kita tahu, bahwa ada yg lebih kuat dari presiden. pastinya campur tangan Amerika",2026-08-03T04:20:23.000Z,0,netral
https://www.tiktok.com/@bbcnewsindonesia/video/7668971169520848135,lurahe73,"lagian didepan Kadin, ngapain bahas senjata nuklir to pak",2026-08-03T04:20:40.000Z,0,netral
https://www.tiktok.com/@bbcnewsindonesia/video/7668971169520848135,manwijaya58,Jangan ngurusi orang Bos...kau urus aja gimna rakyatmu gk susah,2026-08-03T04:19:08.000Z,0,negatif
https://www.tiktok.com/@detikcom/video/7654867839052008712,bg_man54,gak pernah pidato yg masuk akal,2026-06-24T08:43:27.000Z,281,negatif
https://www.tiktok.com/@detikcom/video/7654867839052008712,irvanhanavi,lagi ngomongin sendiri,2026-06-24T08:03:37.000Z,353,negatif
https://www.tiktok.com/@detikcom/video/7654867839052008712,hace4517,sudah tidak ada harapan,2026-06-24T08:35:48.000Z,126,negatif
https://www.tiktok.com/@detikcom/video/7654867839052008712,tuwanmudabal,ga lucu,2026-06-24T08:00:29.000Z,73,negatif
https://www.tiktok.com/@detikcom/video/7654867839052008712,tvcampur,"Rasulullah berpesan...bila engkau ingin melihat pemimpin yg baik & ikhlas maka lihat dan perhatikan lah bahwa pemimpin yg paling byk di fitnah dan di zolimi maka itu lah pemimpin yg sebaik baik nya pemimpin yg berjuang utk rakyat nya... semoga Allah SWT selalu berikan kekuatan dan kemudahan utk pemimpin RI
pak Prabowo",2026-06-24T08:23:28.000Z,107,netral
https://www.tiktok.com/@detikcom/video/7654867839052008712,yamaoo91,GIF potential,2026-06-24T09:39:05.000Z,1,netral
https://www.tiktok.com/@detikcom/video/7654867839052008712,royhanee,ga lucu lol😹,2026-06-24T08:28:37.000Z,6,negatif
https://www.tiktok.com/@detikcom/video/7654867839052008712,ireneee__s,serius deh tiap pidato ga pernah ada isinya😭,2026-06-24T09:44:22.000Z,97,negatif
https://www.tiktok.com/@detikcom/video/7654867839052008712,abdulhakim5013,skip aja malas dengar nya,2026-06-24T09:06:42.000Z,17,negatif
https://www.tiktok.com/@detikcom/video/7654867839052008712,nur341826,yakin gini presiden RI..??,2026-06-24T08:29:57.000Z,37,negatif
https://www.tiktok.com/@detikcom/video/7654867839052008712,skyhand_26,hari hari blunder,2026-06-24T08:36:32.000Z,5,negatif
https://www.tiktok.com/@detikcom/video/7654867839052008712,ravenedria,apasi,2026-06-24T09:03:31.000Z,10,negatif
https://www.tiktok.com/@detikcom/video/7654867839052008712,eko.fitri_30,"pidato macam apa ini,,,",2026-06-24T10:33:50.000Z,2,negatif
https://www.tiktok.com/@detikcom/video/7654867839052008712,aisyah_melia02,tahu nya dari assisten ya pak???,2026-06-24T08:52:28.000Z,9,netral
https://www.tiktok.com/@detikcom/video/7654867839052008712,al.faiz.ramadhan,sebagai anak petani bangga dengan pak prabowo,2026-06-24T08:31:57.000Z,10,positif
https://www.tiktok.com/@detikcom/video/7654867839052008712,hadityadwip,naonnn .... sih,2026-06-24T08:06:56.000Z,3,negatif
https://www.tiktok.com/@detikcom/video/7654867839052008712,egasiregar_,l,2026-06-24T07:58:25.000Z,1,netral
https://www.tiktok.com/@detikcom/video/7654867839052008712,04.tanpanama,ini presiden?,2026-06-24T11:32:04.000Z,3,negatif
https://www.tiktok.com/@detikcom/video/7654867839052008712,kokocroot,"Dia lagi lewat fyp , skip",2026-06-24T08:01:26.000Z,2,netral
https://www.tiktok.com/@detikcom/video/7654867839052008712,richunclearo,ngomongin siapa tuh pak? 💜,2026-06-24T08:01:59.000Z,1,netral
https://www.tiktok.com/@detikcom/video/7654867839052008712,funphotgraph,"siapa yg liat vt ini..
tp gak paham dengan yang diiomongkan",2026-06-24T09:29:16.000Z,2,netral
https://www.tiktok.com/@detikcom/video/7654867839052008712,silaban487,"Untung saya golput waktu pemilihan, soalnya klu ku pilih ,nggk ada untung nya buat saya,",2026-06-24T09:33:42.000Z,1,netral
https://www.tiktok.com/@detikcom/video/7654867839052008712,brosams_,Apaan sih,2026-06-24T08:06:09.000Z,3,negatif
https://www.tiktok.com/@detikcom/video/7654867839052008712,gayatr346,min bagi sedikit min buat beli beras 1 liter. orderan ojek aku sepi banget 😫😫😭😭,2026-06-24T08:01:57.000Z,2,netral
https://www.tiktok.com/@detikcom/video/7654867839052008712,authorizedpersonelonly_,SEMANGAT PAK🥰 SEHAT SELALU😍,2026-06-24T09:05:09.000Z,2,positif
https://www.tiktok.com/@detikcom/video/7654867839052008712,aris.wan14,siapa si dia ini,2026-06-24T08:56:31.000Z,2,negatif
https://www.tiktok.com/@detikcom/video/7654867839052008712,firmansyahimmank3,jadi susah naggapinya😔😔,2026-06-24T08:32:04.000Z,0,netral
https://www.tiktok.com/@detikcom/video/7654867839052008712,kelvsdr,bulan depan pidato tanggal brp ya🥰,2026-06-24T08:15:24.000Z,1,positif
https://www.tiktok.com/@detikcom/video/7654867839052008712,spongarvv,oh lg ngmgin diri sendiri,2026-06-24T08:57:27.000Z,19,negatif
https://www.tiktok.com/@detikcom/video/7654867839052008712,alangjahejahe,"sehat selalu pak, mudah2an ttp dlm lindungan Allah Swt. amiinn",2026-06-24T09:08:08.000Z,7,positif
https://www.tiktok.com/@detikcom/video/7654867839052008712,stop.bayar.pajak,,2026-09-11T02:51:29.000Z,0,netral
https://www.tiktok.com/@detikcom/video/7654867839052008712,adya_kaysan,Arah pidatonya kemana sich ???,2026-08-27T00:38:38.000Z,0,negatif
https://www.tiktok.com/@detikcom/video/7654867839052008712,fitri96065,apa yg membuat dollar naik n IHSG turun!???,2026-06-24T11:56:23.000Z,0,netral
https://www.tiktok.com/@detikcom/video/7654867839052008712,alif.lam.126,ngomongin diri sendiri..,2026-08-22T08:21:22.000Z,0,negatif
https://www.tiktok.com/@detikcom/video/7654867839052008712,wolouty,pokok nya bapak aja lah yg benar,2026-09-02T05:11:09.000Z,0,negatif
https://www.tiktok.com/@detikcom/video/7654867839052008712,aask427,yg bayar dukung mbg ada gak pak?,2026-08-10T20:39:26.000Z,1,netral
https://www.tiktok.com/@detikcom/video/7654867839052008712,abang.yanto6,"bapak Presiden kalo berpidato terlalu bersemangat,,,",2026-07-27T10:57:32.000Z,0,netral
https://www.tiktok.com/@detikcom/video/7654867839052008712,romi6805,kenal yaaa,2026-07-23T14:20:30.000Z,0,netral
https://www.tiktok.com/@detikcom/video/7654867839052008712,rbw_autocars,,2026-06-24T09:13:12.000Z,0,netral
https://www.tiktok.com/@detikcom/video/7654867839052008712,javadiora,ngomongin siapa sih,2026-06-24T10:09:25.000Z,0,negatif
https://www.tiktok.com/@detikcom/video/7654867839052008712,syafa.aris,lebih seneng bapa mundur,2026-07-28T15:25:00.000Z,0,negatif
https://www.tiktok.com/@detikcom/video/7654867839052008712,user1108498116957,"pidato macam ap itu,,memalukan,,",2026-08-04T14:35:52.000Z,0,negatif
https://www.tiktok.com/@detikcom/video/7654867839052008712,awokwoakwoak0,ngomong diri sendiri wo,2026-06-24T09:06:35.000Z,53,negatif
https://www.tiktok.com/@detikcom/video/7654867839052008712,lampionbenderang,dia lagi ngomongin siapa sih...?,2026-06-24T11:33:54.000Z,0,negatif
https://www.tiktok.com/@detikcom/video/7654867839052008712,mentahan29_,,2026-06-24T09:41:02.000Z,1,netral
https://www.tiktok.com/@detikcom/video/7654867839052008712,fatmafurkani2,prett,2026-06-24T11:46:52.000Z,0,negatif
https://www.tiktok.com/@detikcom/video/7654867839052008712,gensmedia,terlalu jujur,2026-06-24T11:52:07.000Z,0,negatif
https://www.tiktok.com/@detikcom/video/7654867839052008712,el.macho015,mantap pak Prabowo 😊,2026-06-24T11:51:19.000Z,0,positif
https://www.tiktok.com/@detikcom/video/7654867839052008712,ya8116,semangat BPK Prabowo Subianto kami rakyat Indonesia mendoakan BPK,2026-06-24T08:34:45.000Z,1,positif
https://www.tiktok.com/@detikcom/video/7654867839052008712,naniyulia994,"ya ALLOH.. smg negara ini di pimpin orang yg amanah, adil dan bijaksan",2026-06-24T22:01:40.000Z,0,netral
https://www.tiktok.com/@detikcom/video/7654867839052008712,mp_decrescendo,ini lagi ngomongin yang kemarin ketemu gibran kah,2026-06-24T15:56:13.000Z,0,netral
https://www.tiktok.com/@detikcom/video/7654867839052008712,rizuki_atsumaki,ini khutbah di mana?,2026-06-25T01:32:27.000Z,0,netral
https://www.tiktok.com/@detikcom/video/7654867839052008712,_azura887,,2026-06-25T14:38:22.000Z,0,netral
https://www.tiktok.com/@detikcom/video/7654867839052008712,currys0up,presiden pidato pake gue😢😢,2026-07-05T00:24:26.000Z,0,negatif
https://www.tiktok.com/@detikcom/video/7654867839052008712,tomy0994,pidato apa ini,2026-06-24T15:51:58.000Z,0,negatif
https://www.tiktok.com/@detikcom/video/7654867839052008712,zu.azura,iya iya deh woo,2026-06-24T09:50:15.000Z,0,netral
https://www.tiktok.com/@detikcom/video/7654867839052008712,mustopadaffaazmi,saudara saudara,2026-06-24T09:35:01.000Z,0,netral
https://www.tiktok.com/@detikcom/video/7654867839052008712,ivanlibra4,cape deh 😁😁,2026-06-24T08:39:01.000Z,0,netral
https://www.tiktok.com/@detikcom/video/7654867839052008712,remaja.jompoooooo,Aduhhhhh,2026-06-24T09:05:34.000Z,0,negatif
https://www.tiktok.com/@detikcom/video/7654867839052008712,nyonya_muda101,ga ada serius nya,2026-06-24T10:48:05.000Z,0,negatif
https://www.tiktok.com/@detikcom/video/7654867839052008712,haloocka,subhanallah sehat2 bapakku,2026-06-24T08:56:46.000Z,0,positif
https://www.tiktok.com/@detikcom/video/7654867839052008712,manghuleng,Tanggapi atuh pa nu bener duhhh,2026-06-24T08:50:34.000Z,0,negatif
https://www.tiktok.com/@detikcom/video/7654867839052008712,agusirawanto365,"lawakan apa ini,",2026-06-24T10:11:06.000Z,0,negatif
https://www.tiktok.com/@detikcom/video/7654867839052008712,ksetramah,saya selaku anggota sppg mendukung pidato ini,2026-06-24T10:09:55.000Z,0,positif
https://www.tiktok.com/@detikcom/video/7654867839052008712,pemudah_tersesat,,2026-06-24T10:13:31.000Z,0,netral
https://www.tiktok.com/@detikcom/video/7654867839052008712,rianagisatriana,,2026-06-24T11:47:57.000Z,0,netral
https://www.tiktok.com/@detikcom/video/7654867839052008712,kami.sea,,2026-06-24T10:48:04.000Z,0,netral
https://www.tiktok.com/@detikcom/video/7654867839052008712,mr.haryono,,2026-06-24T09:33:21.000Z,0,netral
https://www.tiktok.com/@detikcom/video/7654867839052008712,odihdarmawa1,,2026-06-24T09:15:17.000Z,0,netral
https://www.tiktok.com/@detikcom/video/7654867839052008712,muchaidir7,,2026-06-24T09:04:27.000Z,0,netral
https://www.tiktok.com/@detikcom/video/7654867839052008712,rdwn.alfian,Sekelas presiden gini aja bro sambutannya?,2026-06-24T15:39:38.000Z,0,negatif
https://www.tiktok.com/@detikcom/video/7654867839052008712,leniyasha08,😭,2026-06-24T09:53:50.000Z,0,netral
https://www.tiktok.com/@detikcom/video/7654867839052008712,w.n.i0,,2026-06-24T09:33:13.000Z,0,netral
https://www.tiktok.com/@detikcom/video/7654867839052008712,jack80887,,2026-06-24T12:08:21.000Z,0,netral
https://www.tiktok.com/@detikcom/video/7654867839052008712,rofiirm,apasih presiden kok gitu,2026-06-24T08:06:51.000Z,19,negatif
https://www.tiktok.com/@detikcom/video/7654867839052008712,rio_firmansyah56,,2026-06-24T09:17:09.000Z,0,netral
https://www.tiktok.com/@detikcom/video/7654867839052008712,user9459456109873,ini podato apa menggosip,2026-06-24T09:40:50.000Z,0,negatif
https://www.tiktok.com/@detikcom/video/7654867839052008712,itsme_dude8,Prabowo lagi ceramahin Subianto...,2026-06-24T08:54:51.000Z,2,netral
https://www.tiktok.com/@detikcom/video/7654867839052008712,masufron123,klo sudah tau knp g dtangkap pak? jgn hnya omon2 aja klo emang sudah tau tangkap.,2026-06-24T08:01:46.000Z,2,netral
https://www.tiktok.com/@detikcom/video/7654867839052008712,gezzel66,"keliatan bgt pemerintahan Prabowo ini gak suka sama kritikan masyarakat, setiap pidato, nyindir dan Nyinyir, sama rakyat yg kritik pemerintahan, ini negara demokrasi kok beliau kaya nya benci sekali sama orang yg berpendapat",2026-06-24T08:50:51.000Z,1,negatif
https://www.tiktok.com/@detikcom/video/7654867839052008712,www.lub15.com,"setiap pidato asal keluar aja,,, yang penting bunyi 🤣",2026-06-24T08:59:09.000Z,1,negatif
https://www.tiktok.com/@detikcom/video/7654867839052008712,hhj9132,,2026-06-24T08:06:52.000Z,1,netral
https://www.tiktok.com/@detikcom/video/7654867839052008712,dewi_ia,tiap dia pidato kiamat makin dekattt 😭,2026-06-24T07:59:53.000Z,1,negatif
https://www.tiktok.com/@detikcom/video/7654867839052008712,modetidur_,prabowo lagi nyindir subianto,2026-06-24T08:53:42.000Z,1,negatif
https://www.tiktok.com/@detikcom/video/7654867839052008712,user66900313325008,menteri bpk 😂,2026-06-24T08:06:27.000Z,1,netral
https://www.tiktok.com/@detikcom/video/7654867839052008712,vish5101,presiden apa kyk gini,2026-06-24T08:01:55.000Z,1,negatif
https://www.tiktok.com/@detikcom/video/7654867839052008712,ky6art,nih pak,2026-06-24T08:02:45.000Z,1,netral
https://www.tiktok.com/@detikcom/video/7654867839052008712,wwfsw,Kiamat maju lagi 1 hari,2026-06-24T08:00:44.000Z,1,negatif
https://www.tiktok.com/@detikcom/video/7654867839052008712,dikdik.al,ni org makin kesini pidatonya makin ga karuan,2026-06-24T17:13:50.000Z,0,negatif
https://www.tiktok.com/@detikcom/video/7654867839052008712,alsyahali.ridho,smg segera lengser,2026-07-25T10:21:55.000Z,0,negatif
https://www.tiktok.com/@detikcom/video/7654867839052008712,j4z2mi,"emang klu dibayar kenapa..
liat apa yg diprotes apa benar at tdk ....",2026-07-02T06:54:37.000Z,0,netral
https://www.tiktok.com/@detikcom/video/7654867839052008712,scalpelsaga,bener2 antikritik,2026-06-24T15:04:34.000Z,1,negatif
https://www.tiktok.com/@detikcom/video/7654867839052008712,bkiusly,"oh maksud anda kami harus memaklumi kalo negara ini masih banyak korupsi, dan kami harus mendukung?",2026-06-24T10:16:43.000Z,0,negatif
https://www.tiktok.com/@detikcom/video/7654867839052008712,anwarpanggabean6,tertawa di atas penderitaan rakyat,2026-06-24T10:20:06.000Z,1,negatif
https://www.tiktok.com/@detikcom/video/7654867839052008712,bungdeff,itu yang bayar 20 juta itu siapa y? 😁😁😁,2026-06-24T10:17:40.000Z,0,netral
https://www.tiktok.com/@detikcom/video/7654867839052008712,ajipriyanto136,president kok bicaranya kaya gitu...tdk mutu lur,2026-06-24T10:18:39.000Z,0,negatif
https://www.tiktok.com/@detikcom/video/7654867839052008712,foe6678,suramm....tidak bisa diselematkan sudah negara ini😌,2026-06-24T10:21:14.000Z,0,negatif
https://www.tiktok.com/@detikcom/video/7654867839052008712,ig.anca_syukur_,beliau Presiden ya teman²😌,2026-06-24T10:16:04.000Z,0,netral
https://www.tiktok.com/@detikcom/video/7654867839052008712,ami_alpinestarr69,🤣,2026-06-24T08:22:07.000Z,0,netral
https://www.tiktok.com/@detikcom/video/7654867839052008712,abar_style,awet bener ni orang,2026-06-24T14:46:20.000Z,1,netral
https://www.tiktok.com/@detikcom/video/7654867839052008712,gedangx,terus tugas lo ngapain wo,2026-09-14T01:58:58.000Z,0,netral
https://www.tiktok.com/@detikcom/video/7654867839052008712,mulyatiaffandi,ko pidato begini???,2026-06-25T11:15:27.000Z,0,negatif
https://www.tiktok.com/@detikcom/video/7654867839052008712,aissalma37,"bener berarti yg di omongin mahasiswa di debat kemaren, kemaren mana nih yg minta bukti",2026-06-25T07:08:30.000Z,0,netral
https://www.tiktok.com/@detikcom/video/7654867839052008712,rmdaniiiii___,Brti tau dong yang demo setuju mbg juga ? 😂😂,2026-06-25T02:10:20.000Z,0,netral
https://www.tiktok.com/@detikcom/video/7654867839052008712,dapausman15,yang hujat pak Prabowo pasti dulu dia coblos Anis😹😹,2026-06-24T10:06:58.000Z,0,netral
https://www.tiktok.com/@detikcom/video/7654867839052008712,kalina.agatha,presiden kok nyinyir gini.,2026-06-24T10:11:12.000Z,0,negatif
https://www.tiktok.com/@detikcom/video/7654867839052008712,mas_sif4,astaghfirullah sekelas presiden pidatonya 😂😂,2026-06-24T10:06:19.000Z,0,negatif
https://www.tiktok.com/@detikcom/video/7654867839052008712,spotlxght.moonlxght181,omon²,2026-06-24T10:27:13.000Z,0,negatif
https://www.tiktok.com/@detikcom/video/7654867839052008712,axelsatria511,100rb + wajan?? 🤔 itu ya,2026-06-24T10:32:31.000Z,0,netral
https://www.tiktok.com/@detikcom/video/7654867839052008712,oap_premium_,pidato kh curhat nih 😭🤣,2026-06-25T00:03:45.000Z,0,netral
https://www.tiktok.com/@detikcom/video/7654867839052008712,adamhawa1180,bener2 komenannya isinya buzzer semua,2026-06-24T11:02:00.000Z,0,netral
https://www.tiktok.com/@detikcom/video/7654867839052008712,diradumpz_,,2026-06-24T11:02:21.000Z,0,netral
https://www.tiktok.com/@detikcom/video/7654867839052008712,wong.mbedol,pidato begini trs maksudnya apa...BPK ini presiden lho,2026-06-25T00:07:19.000Z,0,negatif
https://www.tiktok.com/@detikcom/video/7654867839052008712,xumahiburanajacoy,"main bola dalam kompetisi kalau kalah segala aspek, kalau ga ganti pemain ya ganti manager. udah salah di coba terus ya degradasi",2026-06-24T09:58:47.000Z,0,netral
https://www.tiktok.com/@detikcom/video/7654867839052008712,pecicilan_corner,bahasa seorang presiden 🤦,2026-06-24T09:55:06.000Z,0,negatif
https://www.tiktok.com/@detikcom/video/7654867839052008712,syamunalghozy06,come on mas Bowo..🤣🤣,2026-06-24T09:26:07.000Z,0,netral
https://www.tiktok.com/@detikcom/video/7654867839052008712,olshop.jaya10,6+10=17tetap salah😂😂😂😂,2026-06-24T09:52:58.000Z,0,netral
https://www.tiktok.com/@detikcom/video/7654867839052008712,arminiseyahoo.com,omon omon..,2026-06-24T09:17:48.000Z,0,negatif
https://www.tiktok.com/@detikcom/video/7654867839052008712,ig.shintaabella_,apa sih yaalloh bikin pidato yang ada isinya lah😌,2026-06-24T11:09:21.000Z,0,negatif
https://www.tiktok.com/@detikcom/video/7654867839052008712,dwisulistyojuniorr,gini mll,2026-06-24T11:15:02.000Z,0,negatif
https://www.tiktok.com/@detikcom/video/7654867839052008712,properti.92,heleh,2026-06-24T11:46:19.000Z,0,negatif
https://www.tiktok.com/@detikcom/video/7654867839052008712,agakusumah,curhat mulu haha,2026-06-24T11:51:05.000Z,0,negatif
https://www.tiktok.com/@detikcom/video/7654867839052008712,yntkts__88,Naik lagi aje,2026-06-24T11:55:49.000Z,0,netral
https://www.tiktok.com/@detikcom/video/7654867839052008712,kolgorengyah,lebih masuk akal omongan gufron,2026-06-24T11:57:08.000Z,0,netral
https://www.tiktok.com/@detikcom/video/7654867839052008712,medi_oz,masih ada yg korupsi tapi,2026-06-24T12:00:21.000Z,0,netral
https://www.tiktok.com/@detikcom/video/7654867839052008712,mairul03skh,"Gak Ada Harapan , Selamatkan Diri Masing-masing ..,",2026-06-24T12:17:05.000Z,0,netral
https://www.tiktok.com/@detikcom/video/7654867839052008712,yash_muhamad,siapasiiih bapak2 ini.,2026-06-24T14:40:59.000Z,0,netral
https://www.tiktok.com/@detikcom/video/7654867839052008712,quote2184,ya ampun😏,2026-06-24T14:41:15.000Z,0,netral
https://www.tiktok.com/@detikcom/video/7654867839052008712,didisaputra086,"lanjutkan...
saya org desa, baru di Zaman prabowo hasil tani betul2 di perhatikan",2026-06-24T14:44:46.000Z,0,positif
https://www.tiktok.com/@detikcom/video/7654867839052008712,diaskar.a,beliau suka ketika penonton tepuk tangan teriak²,2026-06-24T14:49:56.000Z,0,netral
https://www.tiktok.com/@detikcom/video/7654867839052008712,anakwong756,"ya Allahhhhhhhh kok pidato nya kaya gini melulu,bukan nya nyelesain masalah di Negri ini malah curhat,🤦🤦🤦🤦🤦",2026-06-24T14:50:05.000Z,0,negatif
https://www.tiktok.com/@detikcom/video/7654867839052008712,dent8102,turun lagi rupiahh,2026-06-24T09:34:05.000Z,0,netral
https://www.tiktok.com/@detikcom/video/7654867839052008712,.iyaloken,"oalah ternyata diabtau kalo banyak demo, berarti emang nggak peduli ini presiden",2026-06-24T09:12:21.000Z,0,negatif
https://www.tiktok.com/@detikcom/video/7654867839052008712,lubis.anom,"d suporter ×
d suport. ✓",2026-06-24T09:02:30.000Z,0,netral
https://www.tiktok.com/@detikcom/video/7654867839052008712,yadiseli1933,"sodara2
kesehatan gratis
BBM subsidi",2026-06-24T09:15:11.000Z,0,netral
https://www.tiktok.com/@detikcom/video/7654867839052008712,radithyaronni,dia tau karena dia pernah di posisi itu😂😂😂,2026-06-24T09:15:18.000Z,0,netral
https://www.tiktok.com/@detikcom/video/7654867839052008712,omahkarikatur,gakda kapoknya 😂,2026-06-24T09:16:22.000Z,0,negatif
https://www.tiktok.com/@detikcom/video/7654867839052008712,bilalrahardian561,"hanya suaranya yg lantang, konsep pidatonya tk bermakna",2026-06-24T09:13:42.000Z,0,negatif
https://www.tiktok.com/@detikcom/video/7654867839052008712,meydi547,"tau tau bicara tentang koruptor,tapi gak bisa perjuangkan Undang2 perampasan aset buat koruptor,malah heeey para koruptor pulangkan la uang yg kalian korupsi kita akan maaf kan yaaaa😂😂😂🤦🏻",2026-06-24T09:26:13.000Z,0,negatif
https://www.tiktok.com/@detikcom/video/7654867839052008712,mrs.cheeryy,Duuuh dy muncul lagi😭😭😭,2026-06-24T09:05:49.000Z,0,netral
https://www.tiktok.com/@detikcom/video/7654867839052008712,ega_marlina06,memuakkan,2026-06-24T15:19:56.000Z,0,negatif
https://www.tiktok.com/@detikcom/video/7654867839052008712,hlk351,hati gapernah naik gaji guru,2026-06-24T09:29:18.000Z,0,netral
https://www.tiktok.com/@detikcom/video/7654867839052008712,ela.ela2116,pidato kok ngk ada yang berbobot kayak nongkrong di cafe aja ngomong nya,2026-06-24T09:31:41.000Z,0,negatif
https://www.tiktok.com/@detikcom/video/7654867839052008712,renold843,Saudara..... saudara 😁😁😁,2026-06-24T09:05:02.000Z,0,netral
https://www.tiktok.com/@detikcom/video/7654867839052008712,shope.food.com,gak mencerminkan presiden pisan yang ada lagi orasi kaya orang mau nyapres,2026-06-24T15:34:14.000Z,0,negatif
https://www.tiktok.com/@detikcom/video/7654867839052008712,dekysaptaa,Lagi ngomongin wakilnya 🗿,2026-06-24T09:32:09.000Z,0,netral
https://www.tiktok.com/@detikcom/video/7654867839052008712,miya_sgs_jogja,ini bilangin siapa sbnrnya? klau duri sendiri kan g mungkin 😂😂,2026-06-24T10:06:11.000Z,0,netral
https://www.tiktok.com/@detikcom/video/7654867839052008712,bulgari398,begini amat presidennya,2026-06-24T09:48:27.000Z,0,negatif
https://www.tiktok.com/@detikcom/video/7654867839052008712,jupiter3553,"pasti begini isi pidato nya,,,",2026-06-24T09:40:06.000Z,0,netral
https://www.tiktok.com/@detikcom/video/7654867839052008712,kumislele985,Lagi nyinggung Jokowi 😅🤣🤣,2026-06-24T09:38:06.000Z,0,netral
https://www.tiktok.com/@detikcom/video/7654867839052008712,bangketua33,"Ganteng , kekar, tinggi, tidak bertato dan tidak sombong pemain bola dunia siapa lagi kalo bukan CR 7 siuuuuuu. 👍👍👍 No debat",2026-06-24T09:37:37.000Z,0,netral
https://www.tiktok.com/@detikcom/video/7654867839052008712,yuspiandikrt,pk wKilmu,2026-06-24T09:34:48.000Z,0,netral
https://www.tiktok.com/@detikcom/video/7654867839052008712,ichasby07,Pidatonya kok ga pas giliran pemadaman listrik ya?,2026-06-24T09:02:06.000Z,0,netral
https://www.tiktok.com/@detikcom/video/7654867839052008712,moronisti,duuhh...alamat besok dollar tembus 20rb dan ihsg jebot terjun dibawah 5500 niihh.....,2026-06-24T15:43:17.000Z,0,netral
https://www.tiktok.com/@detikcom/video/7654867839052008712,notmeoriginal,😹,2026-06-24T09:36:53.000Z,0,netral
https://www.tiktok.com/@detikcom/video/7654867839052008712,agat254,wok,2026-06-24T08:48:34.000Z,0,netral
https://www.tiktok.com/@detikcom/video/7654867839052008712,denny50622,Kata Asmuni Srimulat...Hal yg mustahal😂,2026-06-24T16:05:51.000Z,0,netral
https://www.tiktok.com/@detikcom/video/7654867839052008712,chimat_ais,makin ke sini makin ke Sana,2026-06-24T08:45:53.000Z,0,negatif
https://www.tiktok.com/@detikcom/video/7654867839052008712,mochs337,"dia yang paling tau kalau masalah demo, pas belum jadi demo terus",2026-06-24T16:11:36.000Z,0,netral
https://www.tiktok.com/@detikcom/video/7654867839052008712,rahmiai,its yourself dude..,2026-06-24T08:40:46.000Z,0,netral
https://www.tiktok.com/@detikcom/video/7654867839052008712,she_chemil1,Presiden nggk mau dengar omongan Prabowo Subianto,2026-06-24T08:39:44.000Z,0,netral
https://www.tiktok.com/@detikcom/video/7654867839052008712,dindo.wijaya2,mulai lgi,2026-06-24T08:37:38.000Z,0,netral
https://www.tiktok.com/@detikcom/video/7654867839052008712,sedulur571,,2026-06-24T08:35:55.000Z,0,netral
https://www.tiktok.com/@detikcom/video/7654867839052008712,be_.023,😳,2026-06-24T09:52:12.000Z,0,netral
https://www.tiktok.com/@detikcom/video/7654867839052008712,dyyyaaaaa97,@F,2026-06-24T10:11:00.000Z,0,netral
https://www.tiktok.com/@detikcom/video/7654867839052008712,fandi.a08,🥰🥰🥰,2026-06-24T08:30:58.000Z,0,netral
https://www.tiktok.com/@detikcom/video/7654867839052008712,juandaa345,🥰🥰🥰,2026-06-24T10:24:26.000Z,0,netral
https://www.tiktok.com/@detikcom/video/7654867839052008712,warga_sipil7,😂😂😂,2026-06-24T10:37:03.000Z,0,netral
https://www.tiktok.com/@detikcom/video/7654867839052008712,arsipgelaptv,🤣🤣,2026-06-24T08:55:54.000Z,0,netral
https://www.tiktok.com/@detikcom/video/7654867839052008712,dekwanpatah2,🤣🤣🤣🤣,2026-06-24T09:01:40.000Z,0,netral
https://www.tiktok.com/@detikcom/video/7654867839052008712,qdrtllh11,🤣,2026-06-24T09:08:16.000Z,0,netral
https://www.tiktok.com/@detikcom/video/7654867839052008712,e182fms,😂😂😂😂😂,2026-06-24T09:22:22.000Z,0,netral
https://www.tiktok.com/@detikcom/video/7654867839052008712,taufikhidayat122_,👍,2026-06-28T15:28:36.000Z,0,netral
https://www.tiktok.com/@detikcom/video/7654867839052008712,dullcs,buktiin wo bukn menye² mulu,2026-06-24T09:05:07.000Z,0,negatif
https://www.tiktok.com/@detikcom/video/7654867839052008712,ajis_mde,demo yg dukung mbg mungkin maksudnya??,2026-06-24T08:38:37.000Z,0,netral
https://www.tiktok.com/@detikcom/video/7654867839052008712,yangdongmy,"sekian banyaknya orang kok gak ada yang nanya, kapan dolar turun? aneh",2026-06-24T08:36:07.000Z,0,netral
https://www.tiktok.com/@detikcom/video/7654867839052008712,alanlannn10,"public speaking
pabrik speaker",2026-06-24T08:34:53.000Z,0,netral
https://www.tiktok.com/@detikcom/video/7654867839052008712,syahrialgaal,"mau komen,,perut w mules",2026-06-24T08:34:59.000Z,0,negatif
https://www.tiktok.com/@detikcom/video/7654867839052008712,afkar_fawwaz,ni orang sekali pidato kiamat maju 5 menit 😹,2026-06-24T08:33:13.000Z,0,negatif
https://www.tiktok.com/@detikcom/video/7654867839052008712,syaifullahomarali,Buknnya 20juta pak?,2026-06-24T08:29:36.000Z,0,netral
https://www.tiktok.com/@detikcom/video/7654867839052008712,arth.arkh,OMON OMON 😂,2026-06-24T08:26:48.000Z,0,negatif
https://www.tiktok.com/@detikcom/video/7654867839052008712,mr.kingsman2495,"kan gue udah bilang jangan kasi mic akhirnya begini,",2026-06-24T08:23:05.000Z,0,netral
https://www.tiktok.com/@detikcom/video/7654867839052008712,acong.42,klu udh tau knp g diproses ...woo,2026-06-24T08:17:33.000Z,0,netral
https://www.tiktok.com/@detikcom/video/7654867839052008712,khaidir_tr,Dari cara omongannya mirip Hotman paris 😌,2026-06-24T09:04:35.000Z,0,netral
https://www.tiktok.com/@detikcom/video/7654867839052008712,hansgunawan886,udah tau tp d biarin,2026-06-24T09:04:18.000Z,0,netral
https://www.tiktok.com/@detikcom/video/7654867839052008712,smartfinancegowa,"Setelah ini, esok apalagi?",2026-06-24T08:58:34.000Z,0,netral
https://www.tiktok.com/@detikcom/video/7654867839052008712,menolakwaras60,saya juga sudah lama jadi orang indo🗿,2026-06-24T08:58:35.000Z,0,netral
https://www.tiktok.com/@detikcom/video/7654867839052008712,nieyasyarif,fungsi mereka ketawa apa ❓,2026-06-24T08:51:44.000Z,0,netral
https://www.tiktok.com/@detikcom/video/7654867839052008712,chya.sk,setiap dia pidato kiamat maju satu hari,2026-06-24T08:50:13.000Z,0,negatif
https://www.tiktok.com/@detikcom/video/7654867839052008712,ruyuk_eurih,"mulai dah,",2026-06-24T08:48:43.000Z,0,netral
https://www.tiktok.com/@detikcom/video/7654867839052008712,wankennedy6,Serius ini yg kalian pilih😁😁😁,2026-06-24T08:43:46.000Z,0,netral
https://www.tiktok.com/@detikcom/video/7654867839052008712,firmanabdullah28,kalo ngerti kenapa gak ditangkap???,2026-06-24T08:41:25.000Z,0,negatif
https://www.tiktok.com/@detikcom/video/7654867839052008712,masputu_jawe,akumulasi kekesalan. semangat pak Prabowo. kalau ada yg tdk suka lebih baik proses hukum,2026-06-24T08:40:16.000Z,0,netral
https://www.tiktok.com/@detikcom/video/7654867839052008712,arazh777,lagi ngomongin kubu sendiri😅,2026-06-24T09:05:20.000Z,0,netral
https://www.tiktok.com/@detikcom/video/7654867839052008712,ismoyowati06,pidato ny belgedes,2026-06-24T09:07:39.000Z,0,negatif
https://www.tiktok.com/@detikcom/video/7654867839052008712,abcdefghijklmnopqrsh00ky,opo neh ki wirrrrr,2026-06-24T09:08:06.000Z,0,negatif
https://www.tiktok.com/@ga_mindset5/video/7668320500543753480,ricyricy563,korupsi impor bawang 700jt ton😅😅,2026-08-16T07:18:34.000Z,11368,negatif
https://www.tiktok.com/@ga_mindset5/video/7668320500543753480,zaenpakez,zaman presiden mana yg korupsi ketangkap semarak ini ?,2026-08-14T16:40:09.000Z,41674,positif
https://www.tiktok.com/@ga_mindset5/video/7668320500543753480,hahahahahaahahaahahaah,"kali ini dikasih clu 700rb/kg kira""ada apa lagi yaaa",2026-08-16T05:17:19.000Z,1212,netral
https://www.tiktok.com/@ga_mindset5/video/7668320500543753480,holla.wo,bisa jadi maksud kupas bawang 700rb/kg bakalan ada korupsi 700ton? 700M? 700T?,2026-08-16T09:06:46.000Z,36711,negatif
https://www.tiktok.com/@ga_mindset5/video/7668320500543753480,momykaa1,Jgn2 yg kupas bawang 700ribu juga ada teka tekinya😳,2026-08-17T04:31:22.000Z,83,netral
https://www.tiktok.com/@ga_mindset5/video/7668320500543753480,thell._2,pa Prabowo tuh pidato pake bahasa filosofi gitu tapi rakyat nya yg random jadi di jadikan candaan gitu,2026-08-16T07:34:56.000Z,5310,positif
https://www.tiktok.com/@ga_mindset5/video/7668320500543753480,mugirahayu87,tapi knp bnyk yg benci pakbrowo,2026-08-03T09:48:02.000Z,6579,positif
https://www.tiktok.com/@ga_mindset5/video/7668320500543753480,appa7720,prabowo 10+6=17 itu kode apa ya .mnani pendukung jelasin dong,2026-08-16T00:13:07.000Z,15,netral
https://www.tiktok.com/@ga_mindset5/video/7668320500543753480,tukang.pukul19,Jgn2 kupas bawang 700rb/kg ada mksd di dlmny 🧐,2026-08-16T02:16:53.000Z,63247,positif
https://www.tiktok.com/@ga_mindset5/video/7668320500543753480,keylasetya2207,dia ahli strategi rakyatnya aja yg nggk pada mudeng teka teki pidatonya 😏,2026-08-16T11:02:15.000Z,80864,positif
https://www.tiktok.com/@ga_mindset5/video/7668320500543753480,kupeh92,"padahal pak prabowo itu klo pidato memang nyindir pejabat,, tp banyak rakyat yang salh paham,,",2026-08-16T23:13:06.000Z,161,positif
https://www.tiktok.com/@ga_mindset5/video/7668320500543753480,ooshii_i,Bismillah pak prabowo 2 periodeee,2026-08-05T09:23:12.000Z,105,positif
https://www.tiktok.com/@ga_mindset5/video/7668320500543753480,dindarosw,selama ini kalian kemana 😭 aku pikir aku sendirian😭,2026-08-17T01:00:39.000Z,427,netral
https://www.tiktok.com/@ga_mindset5/video/7668320500543753480,adolumok,D kasih lahan korup supaya makin banyak bukti dan siapa yg paling korup 😌😌😌 ginggal kik,2026-08-05T12:10:59.000Z,14,positif
https://www.tiktok.com/@ga_mindset5/video/7668320500543753480,deasih26,apakah dibalik kupas bawang 700rb/kg atau kah 700M/ton 700T/ton ??,2026-08-17T18:28:46.000Z,23,netral
https://www.tiktok.com/@ga_mindset5/video/7668320500543753480,agungnamikaye,Bodoamat gw dianggap gila oleh orang lain intinya saya di barisan prabowo🫡,2026-08-17T11:07:34.000Z,1682,positif
https://www.tiktok.com/@ga_mindset5/video/7668320500543753480,scoopyblacky,pembenci prabowo mana paham SANDIi dalam pidato prabowo,2026-08-16T16:46:35.000Z,47,positif
https://www.tiktok.com/@ga_mindset5/video/7668320500543753480,gavra.tptbn,presiden segacor ini malah di hina masyarakat 🤣,2026-08-16T06:53:08.000Z,43466,positif
https://www.tiktok.com/@ga_mindset5/video/7668320500543753480,yogaprastio_12,terus beliau bisa apa...cuma nontonin hukum diperjualbelikan oleh pejabat beliau sendiri tanpa ada tindakan tegas..,2026-08-02T02:23:22.000Z,12,negatif
https://www.tiktok.com/@ga_mindset5/video/7668320500543753480,nikotin30mgg,ga pernah nyesel milih prabowo,2026-08-14T09:19:48.000Z,432,positif
https://www.tiktok.com/@ga_mindset5/video/7668320500543753480,dijalanxxx,baru sadar di jaman prabowo semua disikat,2026-08-16T23:11:40.000Z,36,positif
https://www.tiktok.com/@ga_mindset5/video/7668320500543753480,rin_sunu,"yg viral sekarng buruh pengupas bawang 700 rb / kilo
takut banget ini kode rahasia lagi 😂",2026-08-15T08:01:07.000Z,3613,netral
https://www.tiktok.com/@ga_mindset5/video/7668320500543753480,restuimaniman,sebenarnya pak Prabowo baik.. cuma dibawah dia.. hancurrr dan busuk semua,2026-08-11T01:29:41.000Z,50,positif
https://www.tiktok.com/@ga_mindset5/video/7668320500543753480,coz12mpr3tty,berarti dia udah tahu sebenarnya ada korupsi2 tapi di biarkan. ntar klo lg bth validasi baru di keluarin 😅😂,2026-08-12T09:53:39.000Z,137,negatif
https://www.tiktok.com/@ga_mindset5/video/7668320500543753480,riski23879,bawahannya berusaha memperbaiki citra tuannya 😂,2026-08-04T02:43:06.000Z,17,negatif
https://www.tiktok.com/@ga_mindset5/video/7668320500543753480,mas_khafidhin22,ada apa di balik kupas bawang 700 RB per kg,2026-08-17T15:39:54.000Z,31,netral
https://www.tiktok.com/@ga_mindset5/video/7668320500543753480,ovintaaasarii,Curiga mungkin ada yg korupsi 700m atau 700T di program MBG,2026-08-16T12:44:49.000Z,252,netral
https://www.tiktok.com/@ga_mindset5/video/7668320500543753480,semestaalam73,Prabowo itu gak goblok gaes.... beliau kopassus semua pake taktik dan jika ingin menyembuhkan luka kita sayat dulu luka tersebut agar bisa sembuh,2026-08-16T22:19:48.000Z,4412,positif
https://www.tiktok.com/@ga_mindset5/video/7668320500543753480,fauziahjelitaidrussupu,sumpah muak sekali terlalu banyak yg menjatuhkan pak Prabowo,2026-08-16T23:36:20.000Z,7319,positif
https://www.tiktok.com/@ga_mindset5/video/7668320500543753480,ceceeexx_,jgn blng yg 700 rb itu ad korupsi dri pejabat 700T?,2026-08-16T15:55:58.000Z,284,netral
https://www.tiktok.com/@ga_mindset5/video/7668320500543753480,ribetbanget1212,"yang benci Prabowo itu rata"" suka makan duit rakyat. tapi dia takut di era Prabowo gak bisa apa apa",2026-08-05T12:32:59.000Z,8467,positif
https://www.tiktok.com/@ga_mindset5/video/7668320500543753480,handrian_31,bodo amat yang kritik dia saya ttep dukung beliau🔥🔥,2026-08-13T13:43:49.000Z,2591,positif
https://www.tiktok.com/@ga_mindset5/video/7668320500543753480,suti.putriani,"yang jelas kalo dia nyalon lagi, aku GK bakalan coblos lagi",2026-09-13T06:48:55.000Z,6,negatif
https://www.tiktok.com/@ga_mindset5/video/7668320500543753480,sagitarius..24,"intinya malas klo gada bukti ke rakyat, klo gak ngefek ke rakyat yah buat apa",2026-08-24T03:58:16.000Z,7,negatif
https://www.tiktok.com/@ga_mindset5/video/7668320500543753480,smaesaroh_20,Prabowo tuh kayak ngasih clue tapi para pembenci malah mengolok ngoloknya,2026-08-17T09:10:12.000Z,235,positif
https://www.tiktok.com/@ga_mindset5/video/7668320500543753480,manasyeazeka,fakta ga penting. kalau koruptor dihukum mati baru penting,2026-08-09T13:48:01.000Z,10,netral
https://www.tiktok.com/@ga_mindset5/video/7668320500543753480,j.sssaa3,Masyarakat gampang terprovokasi dan mudah menyimpulkan,2026-08-17T11:22:03.000Z,35,netral
https://www.tiktok.com/@ga_mindset5/video/7668320500543753480,hulubalang2108,jangan terlalu di strategi strategi in mas,2026-08-19T10:51:51.000Z,19,netral
https://www.tiktok.com/@ga_mindset5/video/7668320500543753480,renja118,keknya beneran ni 2030 indonesia bubar .,2026-08-09T18:17:51.000Z,6,netral
https://www.tiktok.com/@ga_mindset5/video/7668320500543753480,chika_chiki_,"kalian hanya selalu melihat dari sisi negatif nya saja , padahal kalo di lihat dari sisi positif nya pun tetap tidak ada 🤗
di bawah ini ada contoh balasan komenan buzzer 👇👇",2026-08-18T03:53:20.000Z,13,negatif
https://www.tiktok.com/@ga_mindset5/video/7668320500543753480,hellorega_,siapsiap korupsi 700rb / kg ... kupas bawang... baju oren menanti,2026-08-18T01:18:00.000Z,6,negatif
https://www.tiktok.com/@ga_mindset5/video/7668320500543753480,kintanmh__,"Di era orang2 pada membicarakan pak prabowo begini begitu , aku tetap diam dan tetap suka pak prabowo🥰",2026-08-18T01:59:40.000Z,39,positif
https://www.tiktok.com/@ga_mindset5/video/7668320500543753480,rzky.dhaan,"itu menurutlu, setiap kali wowo lu pidato, kiamat maju selangkah😌",2026-08-21T10:16:38.000Z,12,negatif
https://www.tiktok.com/@ga_mindset5/video/7668320500543753480,bunga.matahari759,apa iya bener begitu.. semoga ya Allah. aku sampe bosen dihina2 trs krn milih Prabowo😭😭,2026-08-16T14:02:55.000Z,6,positif
https://www.tiktok.com/@ga_mindset5/video/7668320500543753480,susikhoiratuuyun,keren pak presiden ku sehat selalu pak Prabowo,2026-08-02T01:53:40.000Z,269,positif
https://www.tiktok.com/@ga_mindset5/video/7668320500543753480,ig.refitanuraida,Dikasih presiden pemberani dan segacor ini malah di hina terus sama rakyatnya😭 sehat sehat ya pak,2026-08-18T07:06:31.000Z,48,positif
https://www.tiktok.com/@ga_mindset5/video/7668320500543753480,toserba_sejahtera2,yang penting hukuman mati untuk koruptor nya kapan? udah gak usah berbelit belit,2026-08-08T04:42:00.000Z,7,netral
https://www.tiktok.com/@ga_mindset5/video/7668320500543753480,riska_wr,tapi para pembenci ngartiinnya itu bodoh🥺,2026-08-16T12:46:30.000Z,28,netral
https://www.tiktok.com/@ga_mindset5/video/7668320500543753480,ilmahmahyuni2,hanya orang-orang cerdas yang memilih dan menyukai presiden prabowo 🥰,2026-08-16T12:13:37.000Z,365,positif
https://www.tiktok.com/@ga_mindset5/video/7668320500543753480,upilll11,"Dan anehnya klo kita dukung dan bela presiden dikatain dongo, padahal kita punya hak untuk berbeda pendapat. yah klo lu mau benci silahkan itu hak lo. dan klo saya dukung presiden juga hak sayaa 😒. Sehat-sehat pak prabowo 🤗🫶",2026-08-16T11:35:39.000Z,31,positif
https://www.tiktok.com/@ga_mindset5/video/7668320500543753480,sugarbaby_._,Gw share ke suami biar dia ga fomo benci sma presiden tersyang gw 😏,2026-08-17T07:21:33.000Z,30,positif
https://www.tiktok.com/@ga_mindset5/video/7668320500543753480,user917376902269,prabowo punya cara sendiri tuk basmi para koruptor... mantan kopasusssssssss mantapppppp,2026-08-04T01:25:00.000Z,1894,positif
https://www.tiktok.com/@ga_mindset5/video/7668320500543753480,yusran_25,fakta=sepi,2026-08-04T15:55:04.000Z,150,netral
https://www.tiktok.com/@ga_mindset5/video/7668320500543753480,debidimy3,keluarga dan teman² selalu sindir aq klw prabowo sudah pidato..aq diam aja gk ke makan omongan mereka..apapun yg terjadi prabowo selalu di hati,2026-08-17T02:12:59.000Z,27,positif
https://www.tiktok.com/@ga_mindset5/video/7668320500543753480,sisyyyy688,"kok beda banget aplikasi ini sama ig , Ig lebih ke mahasewa semua isinya ujaran kebencian semua ke pak Prabowo heran deh",2026-08-19T02:16:01.000Z,26,netral
https://www.tiktok.com/@ga_mindset5/video/7668320500543753480,macasumatera,"dikasih orang sederhana kek pak Gusdur dilengserkan, dikasih pak Jokowi yang rendah hati di bilang planga plongo, dikasih pak Habibi yang pintar dibilang negara butuh orang yang bisa kerja, dikasih pak Suharto yang tegas dibilang dibungkam tak mau dikritik, dikasidikasih pak SBY yang berwibawa dibilang terlalu cuek dan mementingkan golongan dan kolega, dikasih Pak Prabowo yang tegas, berwibawa, murah hati, pintar tapi minta revolusi,lantas pemimpin apa yang kalian mau dikasih pak Ahok kalian tuduh penistaan agama tak seiman, terus harus yg seperti apa, bahkan Tuhan sudah memberi semua kepada kita, kita menuntut yang sempurna, tapi manusia mana ada yg sempurna, bahkan nabi yang terkenal baikbaik dan adil pun tetep tidak dicintai oleh semua orang apalagi beliau yang cuma makhluk biasa, alangkah baiknya kita mendukung dan memperbaiki yang kurang baik.",2026-08-17T12:08:26.000Z,3876,netral
https://www.tiktok.com/@ga_mindset5/video/7668320500543753480,efendi28_02,"Bayangkan sebuah rumah tua yang fondasinya sudah rapuh dan atapnya bocor di mana-mana. Ketika tukang mulai membongkar rumah itu untuk diperbaiki, suasana pasti akan menjadi berantakan, berdebu, bising, dan bahkan mungkin kita tidak nyaman untuk tinggal di dalamnya sementara waktu.
Tetapi apakah kita akan menyalahkan tukang yang sedang bekerja keras memperbaiki rumah tersebut? Tentu tidak. Kita tahu, debu dan ketidaknyamanan ini adalah harga yang harus dibayar demi memiliki rumah yang kokoh, aman, dan nyaman di masa depan. Begitulah kepemimpinan Bapak Presiden kita saat ini. Beliau sedang membongkar dan memperbaiki kerusakan yang sudah menahun. Prosesnya mungkin terasa menyesakkan hari ini, tapi ini semua demi fondasi Indonesia yang lebih kuat esok hari. 
Dari itu :
Belajarlah wawasan kebangsaan terhadap negara sendiri, agar tidak lahir ego yg dapat menghilangkan rasa persatuan bangsa kita.",2026-08-03T03:08:34.000Z,1154,netral
https://www.tiktok.com/@ga_mindset5/video/7668320500543753480,user327328138424,masih nunggu gebrakan apalagi dari bapak...coming soon ya pak..biar yg ngehujat bapak melek matane..😭😭😭,2026-08-16T06:11:45.000Z,60,negatif
https://www.tiktok.com/@ga_mindset5/video/7668320500543753480,danda.nies,aku mikirnya sih emg kode...pidato presiden kan banyak disimak intel² asing buat baca langkah presiden kedepan atau sejauh mana pengetahuan presiden tentang strategi mereka...klo terlalu gamblang dan sederhana ya jadi gampang ditafsirkan...makanya presiden suka pakai analogi dan makna bias biar ga kentara...kita aja rakyatnya yg kebanyakan berisik dan kebanyakan komen padahal minim ilmu...,2026-08-16T02:00:48.000Z,35,netral
https://www.tiktok.com/@ga_mindset5/video/7668320500543753480,hanahnv,"""Upah Kupas Bawang 700k/bulan""
YAKIN GUA! Ini juga kode
plot twist yang mengejutkan, mungkin akan ketemu koruptor atau apapun yg menjurus ke angka ""700"" 🤭",2026-08-18T00:51:30.000Z,111,positif
https://www.tiktok.com/@ga_mindset5/video/7668320500543753480,dekus660,"menurut saya memang benar Prabowo tuluss,cuman memang perlu waktu buat benahi negara yang bobrok ini",2026-08-04T04:48:27.000Z,83,positif
https://www.tiktok.com/@ga_mindset5/video/7668320500543753480,juminingnzbk,kalo pidato 10+6 = 17 apakah beneran akan kejadian,2026-08-16T16:24:42.000Z,103,negatif
https://www.tiktok.com/@ga_mindset5/video/7668320500543753480,hasanmaswa400,presiden segacor ini yang dilihat cuma MBG sama kopdesnya aja 🤣🤣,2026-08-05T12:32:26.000Z,5185,positif
https://www.tiktok.com/@ga_mindset5/video/7668320500543753480,ealytaarsy,"banyak kali buzzernya prabowo disini, orang udah jelas² blunder kok",2026-08-17T06:11:05.000Z,232,negatif
https://www.tiktok.com/@ga_mindset5/video/7668320500543753480,zahralmuzani,percuma juga kalo rakyat jadi korban,2026-08-02T02:22:05.000Z,10,negatif
https://www.tiktok.com/@ga_mindset5/video/7668320500543753480,daunemas17,tapi kenapa ekonomi berat sekali di jaman ini,2026-08-09T19:44:46.000Z,33,netral
https://www.tiktok.com/@ga_mindset5/video/7668320500543753480,user84388559821790538,"pak prabowo sengaja bgt mancing biar rame dan dibahas terus sampe sebuah kasus terbongkar,itu clue ya guys,bukan blunder",2026-08-16T15:50:00.000Z,1154,positif
https://www.tiktok.com/@ga_mindset5/video/7668320500543753480,daunpintuuu,"berarti kalau pak Prabowo pidato, bisa jd itu clue yg bakal kejadian, begitu kah?",2026-08-04T15:26:53.000Z,897,netral
https://www.tiktok.com/@ga_mindset5/video/7668320500543753480,juintanjung.14,"2029,ganti presiden",2026-08-05T06:45:01.000Z,14,negatif
https://www.tiktok.com/@ga_mindset5/video/7668320500543753480,slbyslsblla,"bawang merah 700rb/kg, curiga korupsi kopdes dehh kopdes identik warna merah kan? bawang merah? kupas bawang merah? kupas kopdes kah? 😵",2026-08-16T03:09:19.000Z,26,negatif
https://www.tiktok.com/@ga_mindset5/video/7668320500543753480,agusarifin7813,"omon"", percuma kalau rakyat jd korban,.",2026-08-02T05:32:16.000Z,96,negatif
https://www.tiktok.com/@ga_mindset5/video/7668320500543753480,mamak.farhan867,"dannnn program mbg ini ,menangkap para koruptor mereka yg haus akan uang masuk ke dalam prngkap pak prabowo melalui program mbg satu persatu koruptor trtangkap dari program trsebut😁",2026-08-17T02:26:12.000Z,23,positif
https://www.tiktok.com/@ga_mindset5/video/7668320500543753480,kang_mill,Jangan² ada anggaran kupas bawang 700rb per kg,2026-08-16T22:49:04.000Z,47,negatif
https://www.tiktok.com/@ga_mindset5/video/7668320500543753480,vyy.shi,gw ksian liat pak Prabowo bnyak bgt hatersnya,2026-08-17T23:47:02.000Z,41,positif
https://www.tiktok.com/@ga_mindset5/video/7668320500543753480,dnnardlaaaa__,tapi setiap x dia ngasih bocoran rakyat” nya langsung cepat x bilang “NYESAL PILIH PRABOWO” lol,2026-08-16T16:18:44.000Z,33,netral
https://www.tiktok.com/@ga_mindset5/video/7668320500543753480,lindandha24,"sekarg tinggal pengupas bawang 700rbu/kg, kaya ny ini menjurus ke MBG",2026-08-17T01:06:15.000Z,239,netral
https://www.tiktok.com/@ga_mindset5/video/7668320500543753480,blackdiamond29.com,"tapi sarwendah pas di cherrybelle juga ga begitu terkenal , dia terkenal karna ruben onsu setauku",2026-08-18T21:26:08.000Z,5,netral
https://www.tiktok.com/@ga_mindset5/video/7668320500543753480,23ariess0,jangan2 bawang 700 per kilo bakal ada korupsi 700T yang ke bongkar,2026-08-15T18:20:53.000Z,36,positif
https://www.tiktok.com/@ga_mindset5/video/7668320500543753480,ini_iyos,Presiden segacor ini tiap pidato d cut d ejek 🫠,2026-08-16T04:24:08.000Z,179,positif
https://www.tiktok.com/@ga_mindset5/video/7668320500543753480,kurnia.nia5059,Kyknya kupas bawang itu adlah clue.. Tkutnya tbtb 700M / T,2026-08-17T15:33:43.000Z,37,netral
https://www.tiktok.com/@ga_mindset5/video/7668320500543753480,bungabougenvile,"Jangan"" kupas bawang 700 ribu ada kaitannya sama MBG atau korupsi yang lain nih 😁",2026-08-16T05:24:14.000Z,172,negatif
https://www.tiktok.com/@ga_mindset5/video/7668320500543753480,juntak_mardaup_15,"hati hati menyikapi beriita berita yg beredar,,banyak buzzer pemerintah",2026-08-01T15:13:45.000Z,24,netral
https://www.tiktok.com/@ga_mindset5/video/7668320500543753480,terios55,tapi di era Prabowo orang kaya makin kaya. rakyatnya gak dipikirin,2026-08-02T04:16:22.000Z,5,negatif
https://www.tiktok.com/@ga_mindset5/video/7668320500543753480,asri.1398,jangan jangan kupas bawang 700rb per kg itu clue selanjutnya 🤭,2026-08-24T05:21:10.000Z,3,netral
https://www.tiktok.com/@ga_mindset5/video/7668320500543753480,lailirosydh,"gais sebenernya pak Prabowo bagus ke pimpinanya,contoh kecil beras skrg tidak lagi impor",2026-08-16T23:09:13.000Z,38,positif
https://www.tiktok.com/@ga_mindset5/video/7668320500543753480,mayun.99,Pdahal dia pidato sambil kluarin rahasia” yg kita tdak tau tpi di judge🥹 kalian paham gk sih setiap pak PRABOWO ngomong itu dia bongkar smua???? Tpi malah di judge abis”an😭,2026-08-18T01:55:06.000Z,28,positif
https://www.tiktok.com/@ga_mindset5/video/7668320500543753480,widi_wtjksn,"Ga pernah ngehujat beliau, krna aku yakin pak prabowo orng pintar dan cerdas. Jdi didalam pidato pasti ada rahasia yg sedang dibongkar.",2026-08-16T06:07:18.000Z,55,positif
https://www.tiktok.com/@ga_mindset5/video/7668320500543753480,inarafakhira,"Tapi w sllu bangga sama pak Prabowo beliau cerdas,,rakyat nya aja yg gk peka",2026-08-17T03:21:17.000Z,56,positif
https://www.tiktok.com/@ga_mindset5/video/7668320500543753480,wulannnn0220,diantara gempuran gen z yang pada benci prabowo aku tetep tim yg setia sama beliau,2026-08-18T00:20:07.000Z,35,positif
https://www.tiktok.com/@ga_mindset5/video/7668320500543753480,bonadomee,"pokoknya kalau banteng berkuasa semua aman dan rakyat dipaksa menerima, tapi kalau banteng gak berkuasa semua dibuat kisruh, chaos, adu domba dimana mana. perhatikan aja",2026-08-05T11:35:03.000Z,7,netral
https://www.tiktok.com/@ga_mindset5/video/7668320500543753480,daori365,"Hidup prabowo
3 Periode
JAWA DUKUNG ANDA PAK
Dari pada JOKOWI",2026-08-18T10:30:55.000Z,17,positif
https://www.tiktok.com/@ga_mindset5/video/7668320500543753480,barisanprabowo0,"jangan mau di adu domba,kita tetap di barisan pak Prabowo",2026-08-16T09:19:31.000Z,38,positif
https://www.tiktok.com/@ga_mindset5/video/7668320500543753480,ray.motor.store,"makanya jangan mandang rendah Prabowo, bisa yoo, Prabowo 2 periode,
calon komisaris 2030",2026-08-17T02:40:44.000Z,28,positif
https://www.tiktok.com/@ga_mindset5/video/7668320500543753480,rifanindian,"pdhl pak prabowo klo ceramah suka nyindir,tpi rakyatnya ga ngerti dibawa srius plenger",2026-08-17T02:28:55.000Z,50,positif
https://www.tiktok.com/@ga_mindset5/video/7668320500543753480,semngat58,"salut Ama presiden Prabowo, korupsi semua di berantas,👍👍👍",2026-08-03T08:03:58.000Z,6,positif
https://www.tiktok.com/@ga_mindset5/video/7668320500543753480,borusimatupang61,gue selalu dukung pak prabowo,2026-08-16T15:01:33.000Z,6,positif
https://www.tiktok.com/@ga_mindset5/video/7668320500543753480,sutoblko_13,intinya inti hukuman mati koruptor + perampasan aset kapan di sahno !,2026-08-18T21:00:17.000Z,11,netral
https://www.tiktok.com/@ga_mindset5/video/7668320500543753480,anggraini9423,tp mmg indo nii konsepnya selalu telan mentah2 setiap kalimat yg keluar dr pak prabowo. gampang banget kebawa emosi. kalo mau hidup enak mending kalian coba jd presiden😅,2026-08-19T04:30:56.000Z,21,netral
https://www.tiktok.com/@ga_mindset5/video/7668320500543753480,hevana_rahayu,"distatus wa banyak banget yang bikin lellucon 700 rb/ kg upah bawang.. aku ketawa ajaaa belum tau aja nnti bakal rame ada yang keciduk 😁..
ga ngertii kode sih",2026-08-16T08:59:28.000Z,3334,netral
https://www.tiktok.com/@ga_mindset5/video/7668320500543753480,intan.deviana.put,"muak banget sama orang yang olok"" pak prabowo,gara"" beliau ngmong 700rb/kg .... tunggu aja gong nya, merka bakal ngehilang dari line yang ngolok"" beliau",2026-08-17T02:38:02.000Z,26,positif
https://www.tiktok.com/@totti.hutabarat/video/7692804779801693447,ushana7,bapak itu kesayangannya gen alpha🥰,2026-10-05T03:33:39.000Z,476,netral
https://www.tiktok.com/@totti.hutabarat/video/7692804779801693447,totti.hutabarat,"Jika suatu hari langkahmu terasa sunyi,
ketika suara-suara riuh memilih pergi,
dan ketika perjuanganmu disalahpahami oleh mereka yang tak pernah melihat beratnya jalan yang kau tempuh
ingatlah, Pak Prabowo...
Jika pendukungmu hanya satu,
maka itu aku.
Bukan karena aku menganggapmu tanpa salah.
bukan pula karena aku menutup mata pada segala kekurangan.
Aku hanya percaya,
bahwa seorang pemimpin tidak selalu dinilai dari tepuk tangan,
tetapi dari keberaniannya berdiri ketika tepuk tangan itu berhenti.
Jika negeri ini terlalu bising untuk mendengar niat baikmu,
biarlah kesetiaanku menjadi suara yang paling sederhana:
aku masih di sini.
Jika banyak yang memilih meragukan langkahmu,
aku akan memilih menunggu hasilnya.
Jika banyak yang menertawakan perjuanganmu,
aku akan memilih percaya bahwa sejarah kelak akan berbicara lebih jujur daripada manusia.
Pak Prabowo,
jika pendukungmu hanya satu,
maka itu aku.
Dan jika suatu hari bahkan satu itu terasa terlalu sedikit,
ingatlah:
satu hati yang tulus tidak pernah benar-benar kecil di hadapan sebuah perjuangan.🫡🫡",2026-10-05T14:03:36.000Z,120,positif
https://www.tiktok.com/@totti.hutabarat/video/7692804779801693447,mujiburrahman9865,tenang pak.. 58% msh bersamamu. bahkan nambah,2026-10-05T09:22:59.000Z,1277,positif
https://www.tiktok.com/@totti.hutabarat/video/7692804779801693447,tunik2519,sehat selalu nggeh PK presiden Prabowo 🫶🫶,2026-10-05T08:51:34.000Z,1,positif
https://www.tiktok.com/@totti.hutabarat/video/7692804779801693447,yuji_2208,Presiden hebat ku😭😭,2026-10-05T16:28:35.000Z,28,positif
https://www.tiktok.com/@totti.hutabarat/video/7692804779801693447,libra.oktober659,sht slu bpk,2026-10-05T07:57:37.000Z,8,positif
https://www.tiktok.com/@totti.hutabarat/video/7692804779801693447,ismahkandiione,"Perlu Kalian Tau Guys Anak Kecil itu Lebih Peka dan tau Mana Orang yg Tulus,Baik dan Mana Orang yg ...... Isi sendiri aja 🥹🥹🥹🥹
Panjang Umur dan Sehat Selalu Bapak Presiden Prabowo Subianto 🤲🤲🥹🥹",2026-10-05T08:43:37.000Z,242,positif
https://www.tiktok.com/@totti.hutabarat/video/7692804779801693447,ree.reni,"tenang pak aku IRT yg katanya harga smbako mahal tapi aku bisa membelinya , ketimbang di jaman semua srba murah tapi makan ayam aja stahun sekali...😁",2026-10-05T11:53:18.000Z,263,positif
https://www.tiktok.com/@totti.hutabarat/video/7692804779801693447,gjdheggfktvbhgbj,sehat2 pak jendral🤲🏻,2026-10-05T08:30:27.000Z,8,positif
https://www.tiktok.com/@totti.hutabarat/video/7692804779801693447,remajabullking1,Pak Angin Dari Mafia Itu Sangat Kuat ya pak Tapi bapak Masih Kuat Untuk Kemajuan Negeri Ini Jika bapak masih Kuat maka Kami Pendukung Bapak tetap Terus Mendukung bapak Sampai kekayaan RI Kembali Ke tangan Republik Ini 💪🏻💪🏻,2026-10-05T07:38:29.000Z,160,positif
https://www.tiktok.com/@totti.hutabarat/video/7692804779801693447,sigithasilsamudra,tolong sehat dan hidup lebih lama jendral 😊,2026-10-05T08:44:23.000Z,49,positif
https://www.tiktok.com/@totti.hutabarat/video/7692804779801693447,dapurqian0606_,sehat2 ya pa🥹Allah gak tidur,2026-10-05T08:25:06.000Z,15,positif
https://www.tiktok.com/@totti.hutabarat/video/7692804779801693447,khusus.emak.emak,kmi setia brada dlm barisan mu pak Prabowo,2026-10-05T11:08:25.000Z,10,positif
https://www.tiktok.com/@totti.hutabarat/video/7692804779801693447,stevano5112,"Pak kelak akan aku ceritakan keanak anakku , kalau negara ini pernah punya pemimpin yg hebat dan pemimpin itu bernama PRABOWO SUBIANTO❤️🥹
Hiduplah lebih lama pak❤️",2026-10-05T16:32:27.000Z,11,positif
https://www.tiktok.com/@totti.hutabarat/video/7692804779801693447,.linda1295,g pernah sesayang ini kpda presiden😭,2026-10-05T08:44:09.000Z,5,positif
https://www.tiktok.com/@totti.hutabarat/video/7692804779801693447,momyarrel,ank kecil bisa merasakan bahwa hati presiden itu penyayang,2026-10-05T08:26:20.000Z,26,positif
https://www.tiktok.com/@totti.hutabarat/video/7692804779801693447,anahh913,Org setulus dan sebaik ini malah di hujat🥺,2026-10-05T09:35:25.000Z,6,positif
https://www.tiktok.com/@totti.hutabarat/video/7692804779801693447,reea996,Aku sedih banget diusia bapak yg gak muda lagi harus menghadapi mafia dan rakyat nya sendiri😭,2026-10-05T16:59:22.000Z,6,positif
https://www.tiktok.com/@totti.hutabarat/video/7692804779801693447,alifiani_fani,"bapakkkkk.... aku ingin ketemu...
bapa panjang umur 😭",2026-10-05T08:31:25.000Z,9,positif
https://www.tiktok.com/@totti.hutabarat/video/7692804779801693447,alifahnahdafarand,pak ank sy sudh 3 minggu makn mbg☺️senang sekali mereka,2026-10-05T12:06:25.000Z,9,positif
https://www.tiktok.com/@totti.hutabarat/video/7692804779801693447,ingmedyarahman,dek... beliau terpisah dengan istri dan anak kandungnya saat anaknya seusia mu dek.,2026-10-05T08:19:41.000Z,46,netral
https://www.tiktok.com/@totti.hutabarat/video/7692804779801693447,fishamilqis,🥺sehat terus ya pak🤲,2026-10-05T03:26:22.000Z,14,positif
https://www.tiktok.com/@totti.hutabarat/video/7692804779801693447,muhammadgibranabq,"hidup Prabowo 💪
Prabowo 2 periode 💪",2026-10-05T06:29:54.000Z,20,positif
https://www.tiktok.com/@totti.hutabarat/video/7692804779801693447,tettyyy__fauzia,Sehat selalu dan panjang umur ya Pak🤲❤️,2026-10-05T06:37:40.000Z,8,positif
https://www.tiktok.com/@totti.hutabarat/video/7692804779801693447,queen_iwiq,kuat bgt sih pak. disaat negara lain sudah maju pemerintah kita malah sibuk membersihkan negara ini dari maling maling itu pak. negara yg kaya bahkan sangat kaya semua serba ada dan mudah didapat. 1 periode saja tidak cukup untuk negeri ini pak. 🥰 jika suatu saat bapak pergi ku harap ada yg menggantikan jiwamu pak.. 🥲😭. panjangkan umurnya Ya Allah negara kami butuh seseorang yang jujur tulus seperti dia.,2026-10-05T07:08:27.000Z,94,positif
https://www.tiktok.com/@totti.hutabarat/video/7692804779801693447,arfnfrznii_,🤲sehat selalu pak 🙏🏻,2026-10-05T06:33:26.000Z,5,positif
https://www.tiktok.com/@totti.hutabarat/video/7692804779801693447,lingling_845,Ya Allah .. sehat sehat bapak Prabowo Subianto... semoga panjang umur .. aaminn,2026-10-05T06:49:30.000Z,16,positif
https://www.tiktok.com/@totti.hutabarat/video/7692804779801693447,nesya_jombloo,Sehat Sellu Bpk Presiden Ku 🇮🇩 ❤️🤍,2026-10-05T07:16:16.000Z,9,positif
https://www.tiktok.com/@totti.hutabarat/video/7692804779801693447,rantindra,sehat selalu ya pak,2026-10-05T00:19:03.000Z,12,positif
https://www.tiktok.com/@totti.hutabarat/video/7692804779801693447,namakusofie,"pakk aku jadi guru sekolah rakyat, aku ditolak Pemda, diterima di kementerian, nangis aku pak",2026-10-05T13:43:45.000Z,48,netral
https://www.tiktok.com/@totti.hutabarat/video/7692804779801693447,khoiruni4,Ya Allahh gue nangiss lagii tiktok nih apaan si,2026-10-05T09:16:03.000Z,2,netral
https://www.tiktok.com/@totti.hutabarat/video/7692804779801693447,andysfamily0,"bapak Probowo tuh cm pengen anak2 bangsa tumbuh sehat bahagia tidak ad lagi kelaparan, tapi si manusia2 tamak yg biasa hidup enak gak setuju malah trus menyalahkan,memfitnah, dan trus membenci bapak Presiden Prabowo",2026-10-05T10:30:45.000Z,4,positif
https://www.tiktok.com/@totti.hutabarat/video/7692804779801693447,sreeck00,Sangat hangat.,2026-10-05T04:41:47.000Z,4,positif
https://www.tiktok.com/@totti.hutabarat/video/7692804779801693447,awell_wawewow,"pak, aku rela balesin komen haters itu demi bela bapa😭 sehat selalu bapakku🥺",2026-10-05T23:54:23.000Z,0,positif
https://www.tiktok.com/@totti.hutabarat/video/7692804779801693447,alyagalang0109,kenapa tiap liat beliau bawaannya mewek ya.. orang setulus ini banyak di fitnahnya..semoga Allah selalu memberi kesehatan untuk Pak Presidenku🥰🥺,2026-10-06T00:59:22.000Z,0,positif
https://www.tiktok.com/@totti.hutabarat/video/7692804779801693447,user953120921811,"pas liat video ini kasian sama pak prabowo, pas liat video dia gk jabat tangan sama pak jokowi apa dia gk liat gua kesel, ya Allah ini gimana si",2026-10-05T14:06:45.000Z,1,netral
https://www.tiktok.com/@totti.hutabarat/video/7692804779801693447,cantik.soleha_07,sehat panjang umur presiden RI Prabowo Subianto,2026-10-05T11:48:52.000Z,2,positif
https://www.tiktok.com/@totti.hutabarat/video/7692804779801693447,janesia33,anak2 tu pada suka sama bpaak.. anakq setiap ad postingan bapak selalu bilang pengen kaya pak prabowo.. pdhaal aq ga pernah ngomongin bapak sekalipun,2026-10-05T09:06:37.000Z,5,positif
https://www.tiktok.com/@totti.hutabarat/video/7692804779801693447,setitikrindu14,sehat selalu ya pak 🙏🥰,2026-10-06T00:09:47.000Z,0,positif
https://www.tiktok.com/@totti.hutabarat/video/7692804779801693447,rimajunianti,bapakkk kerennnn🥰,2026-10-06T01:18:19.000Z,0,positif
https://www.tiktok.com/@totti.hutabarat/video/7692804779801693447,ceciliaputri07,"pak prabowo tau ga pak alm om saya tuk kepingin banget bapak jdi presiden tapi keburu om saya di ambil Allah belum sempat milih bapak untuk terakhir kali pak, saya yakin banget om saya senang disana lihat bapak jdi presiden skrg[Menangis] sehat sehat ya pak",2026-10-05T14:02:14.000Z,1,netral
https://www.tiktok.com/@totti.hutabarat/video/7692804779801693447,mongan15,"Gemoykuuuu,sehat dan panjang umur Bapak Presidentku[Hati merah]",2026-10-05T23:44:11.000Z,0,positif
https://www.tiktok.com/@totti.hutabarat/video/7692804779801693447,lee_ong,Bapak tu sesayang itu sama anak2 negaranya,2026-10-05T11:23:37.000Z,0,positif
https://www.tiktok.com/@totti.hutabarat/video/7692804779801693447,_dwie456,"org setulus ini tapi banyak yg nyinyir, dan mereka cari kesalahannya padahal beliau sedang berjuang memperbaiki cacatnya negeri ini yg tdk mungkin bisa selesai dgn instan...",2026-10-05T10:16:25.000Z,1,positif
https://www.tiktok.com/@totti.hutabarat/video/7692804779801693447,saidigunawan,hebat anak ini,2026-10-05T03:56:18.000Z,2,positif
https://www.tiktok.com/@totti.hutabarat/video/7692804779801693447,sabillaputri755,"tetangga ku yg selalu jelekin progaram pak prabowo dan setwlah pak orabowo ke gontor buat ngesahin apaa gitu lupa deh pokojnya di gontor, twtangga aku ga pernah ngejudge presiden lagi karna anaknya mondok di gontor wkwk",2026-10-05T14:50:50.000Z,1,positif
https://www.tiktok.com/@totti.hutabarat/video/7692804779801693447,izyan154,mksh pak galon ga naik gas ga naik udah syukur Alhamdulillah,2026-10-05T13:54:29.000Z,1,positif
https://www.tiktok.com/@totti.hutabarat/video/7692804779801693447,simanalagi1212,Dia sudah berkecukupan dngn duniawi nya dia berjuang untuk generasi cemerlang bangsanya dngn asupan gizi nya dll bukan kedudukannya dan genarasi keluarganya,2026-10-05T06:45:15.000Z,12,positif
https://www.tiktok.com/@totti.hutabarat/video/7692804779801693447,yanti12389,beliau klu lihat anak kecil sm rakyat kecil vibesnya aslinya Ikhlas sekali 🥹🥰,2026-10-05T13:24:38.000Z,1,positif
https://www.tiktok.com/@totti.hutabarat/video/7692804779801693447,fajar.ramadan279,keliatan muka iklhas nya,2026-10-05T21:35:45.000Z,0,positif
https://www.tiktok.com/@totti.hutabarat/video/7692804779801693447,cinta_mati12kn,de kenangan selama nya itu dipegang sma pak prabowo yg tk akan terulang lgi[Menangis],2026-10-05T11:58:02.000Z,1,netral
https://www.tiktok.com/@totti.hutabarat/video/7692804779801693447,nurfika_rahmawati,bpak sayang bnget sama anak2🥰🥰,2026-10-05T09:23:24.000Z,1,positif
https://www.tiktok.com/@totti.hutabarat/video/7692804779801693447,muzlichay,sehat selalu bapakku[Mata hati],2026-10-05T20:17:04.000Z,0,positif
https://www.tiktok.com/@totti.hutabarat/video/7692804779801693447,dewinuryani2705,sehat selalu dan panjang umur ya pak🤲,2026-10-05T11:28:31.000Z,4,positif
https://www.tiktok.com/@totti.hutabarat/video/7692804779801693447,wilianti001,"udh mau 2 minggu aku ga debat ama anak abah 😂😂😂
pada kemane?",2026-10-05T11:46:40.000Z,91,netral
https://www.tiktok.com/@totti.hutabarat/video/7692804779801693447,widianaubaidilah,Bapak sehat”ya pak. Indonesia masih butuh bapak,2026-10-06T00:25:17.000Z,0,positif
https://www.tiktok.com/@totti.hutabarat/video/7692804779801693447,sijeuni472,selama kucing dan anak kecil sayang sama bapak itu membuktikan bapak orang yg baik 😭,2026-10-05T22:42:49.000Z,0,positif
https://www.tiktok.com/@totti.hutabarat/video/7692804779801693447,mpok_demplon,ktika 15 th k dpn qm punya knangan dkt dg bliau y nak smoga qm jd ank yg sukses dan berbakti mngabdi to bngsa ini y.Aamiin YRA🤲🏼,2026-10-05T05:05:47.000Z,39,positif
https://www.tiktok.com/@totti.hutabarat/video/7692804779801693447,iklima94_,"sampai kapanpun bapak menjabat jadi presiden, saya disini pak, saya menemani bapak, sehat selalu 🥰",2026-10-05T22:04:54.000Z,0,positif
https://www.tiktok.com/@totti.hutabarat/video/7692804779801693447,azka26212,pak tau gak... kakek aku pasti seneng banget negaranya sudah dipimpin sama bapak karna dulu kakek aku suka milih partai bapak kalau lagi pemilihan.. tapi sekarang kakek aku udah mininggal dari tahun 2017..andai aja beliau masih hidup sampai sekarng pasti dukung bapak sampai 2priode 🥰🥰,2026-10-05T10:55:59.000Z,19,positif
https://www.tiktok.com/@totti.hutabarat/video/7692804779801693447,saidigunawan,tahu presiden yg ikhlasn adalah Prabowo,2026-10-05T03:56:48.000Z,7,positif
https://www.tiktok.com/@totti.hutabarat/video/7692804779801693447,peri.hermansyah7,anak anak banyak yg sayang sama pak Prabowo termasuk anak ku juga padahal anaku belum dewasa tapi dia bilang presiden sekarang bapak Prabowo mempunyai hati yg hangat dan ikhlas,2026-10-05T06:05:19.000Z,7,positif
https://www.tiktok.com/@totti.hutabarat/video/7692804779801693447,uti1708,"anak kecil bisa mrasakan orng yg tulus🥺🥰
sehat² ya pak",2026-10-05T16:04:29.000Z,2,positif
https://www.tiktok.com/@totti.hutabarat/video/7692804779801693447,adaraeka.c,"Anakku umur 4 taun aj bilang gini ""Anak"" suka ya sama pak prabowo adek juga sayang sama prabowo 😭",2026-10-05T15:15:29.000Z,2,positif
https://www.tiktok.com/@totti.hutabarat/video/7692804779801693447,didi_di4,bapak jangan takut 58% masih bersama bapak...dan akan bertambah terus,2026-10-05T13:58:41.000Z,2,positif
https://www.tiktok.com/@totti.hutabarat/video/7692804779801693447,putriyani632,paaak sehat sehat yaa,2026-10-05T10:11:48.000Z,3,positif
https://www.tiktok.com/@totti.hutabarat/video/7692804779801693447,free.palestine15132,SEHAT SELALU DAN PANJANG UMUR PAK PRESIDEN PRABOWO ❤️❤️❤️❤️❤️❤️❤️,2026-10-05T09:31:54.000Z,3,positif
https://www.tiktok.com/@totti.hutabarat/video/7692804779801693447,aimaturofikhah,"kok nangis sih banyak yang menyerang bapak sehat"" terus ya pak",2026-10-05T10:45:11.000Z,1,positif
https://www.tiktok.com/@totti.hutabarat/video/7692804779801693447,ilham_armdahrp,sehat selalu pak🫡,2026-10-05T09:28:33.000Z,1,positif
https://www.tiktok.com/@totti.hutabarat/video/7692804779801693447,fauzan.rahman07,ini kalo saya jadi SW pasti rame 😂,2026-10-05T10:14:56.000Z,1,netral
https://www.tiktok.com/@totti.hutabarat/video/7692804779801693447,happy.life1285,Paaa sehat selalu🥰,2026-10-05T09:16:57.000Z,1,positif
https://www.tiktok.com/@totti.hutabarat/video/7692804779801693447,capriy.1,Sehat selalu ya bapak Prabowo 🥰,2026-10-05T10:40:53.000Z,1,positif
https://www.tiktok.com/@totti.hutabarat/video/7692804779801693447,armyindo2295,saya masih di barisan depan pak,2026-10-05T10:15:43.000Z,2,positif
https://www.tiktok.com/@totti.hutabarat/video/7692804779801693447,pengabdidietday1,sehat selalu tulang punggung negaraku[Menghangatkan hati],2026-10-05T10:33:03.000Z,2,positif
https://www.tiktok.com/@totti.hutabarat/video/7692804779801693447,www.raimon.com,"sehat"" ya pakk",2026-10-05T08:05:17.000Z,4,positif
https://www.tiktok.com/@totti.hutabarat/video/7692804779801693447,ibuanakdua_88,Love you bappaku💕💕,2026-10-05T13:27:46.000Z,1,positif
https://www.tiktok.com/@totti.hutabarat/video/7692804779801693447,ibuanak203,bapak sehat terus yaa🥰,2026-10-05T12:49:38.000Z,1,positif
https://www.tiktok.com/@totti.hutabarat/video/7692804779801693447,ziyadatulkhoer29,pengen jugaa ketemu bapk langsung 🥹🫶🫶,2026-10-05T14:16:07.000Z,2,positif
https://www.tiktok.com/@totti.hutabarat/video/7692804779801693447,sari.okta_,aku pastikan selalu di barisan mu pak 🥺,2026-10-05T11:51:49.000Z,2,positif
https://www.tiktok.com/@totti.hutabarat/video/7692804779801693447,black_nsweet,"aku save ya, karena salfok anak kecilnya manis banget senyumnya",2026-10-05T21:17:07.000Z,0,netral
https://www.tiktok.com/@totti.hutabarat/video/7692804779801693447,ridaimi14,sehat-sehat bapak🤗,2026-10-05T20:47:00.000Z,0,positif
https://www.tiktok.com/@totti.hutabarat/video/7692804779801693447,vinna_marcelina,"pak pengen ketemu,terus peluk eraattt banget agar rasa terimakasihku bisa tersampaikan😭",2026-10-05T19:08:08.000Z,0,positif
https://www.tiktok.com/@totti.hutabarat/video/7692804779801693447,viethaphyganha5,barusan bgt liat story wa sahabat sendiri yang nyindir bapak gegara ketiduran di tribun rasanya sakit bgt woyyy😭 parah bgt yaa orang kalau udah benci padahal dia taat ibadahnya tapi kok hatinya kek gitu,2026-10-05T17:53:42.000Z,1,positif
https://www.tiktok.com/@totti.hutabarat/video/7692804779801693447,kanayy823,"bapaaaaaak.... .di eramu, kita berhasil juara Asean cup paak.... 🥺🥺🥺😭😭",2026-10-05T17:11:18.000Z,1,positif
https://www.tiktok.com/@totti.hutabarat/video/7692804779801693447,selvisulandari,Diera bapak prabowo kita champion😭😭,2026-10-05T17:02:47.000Z,1,positif
https://www.tiktok.com/@totti.hutabarat/video/7692804779801693447,watchvibe5,sehat sehat bapak🥺🥺🫡,2026-10-05T16:53:45.000Z,1,positif
https://www.tiktok.com/@totti.hutabarat/video/7692804779801693447,fitrieanizar,bapak gue ini😭,2026-10-05T11:32:35.000Z,2,positif
https://www.tiktok.com/@totti.hutabarat/video/7692804779801693447,ledisssgemol_017,Panjang umur ya pak wo🥺,2026-10-05T15:12:54.000Z,1,positif
https://www.tiktok.com/@totti.hutabarat/video/7692804779801693447,nyai.iteng.tea,"siapa pun presiden Indonesia tidak akn luput dari hujan sebagian orang yang tidak suka,, Semoga bapak sehat selalu",2026-10-05T09:20:54.000Z,2,positif
https://www.tiktok.com/@totti.hutabarat/video/7692804779801693447,imisyou1612,emng benar ya orang klau hati nya baik pasti ada aja orang yang memburukkan namanya dan sampai menfitnah nya bapak sehat terus ya 🥺 aku beryukur bisa memilih bapak jadi presiden,2026-10-05T16:26:04.000Z,1,positif
https://www.tiktok.com/@totti.hutabarat/video/7692804779801693447,deen040117,Aku padamu pak🥺🫶,2026-10-05T12:01:00.000Z,1,positif
https://www.tiktok.com/@totti.hutabarat/video/7692804779801693447,usernamee.19_19,"pak walpun saya di serang dari segala arah saya tetep ngeyel di kubu lawan kalo bapak itu bapak negara yang bikin saya bangga dan , sehat2 bapak biar bisa 3 periode",2026-10-05T12:21:12.000Z,3,positif
https://www.tiktok.com/@totti.hutabarat/video/7692804779801693447,anisa27mei23,sehat terus pak,2026-10-05T12:37:32.000Z,1,positif
https://www.tiktok.com/@totti.hutabarat/video/7692804779801693447,sripulung7,Luar biasa.......hati yg tulus....terus berbuat yang terbaik untuk NKRI 👍👍👍👍,2026-10-05T10:57:21.000Z,1,positif
https://www.tiktok.com/@totti.hutabarat/video/7692804779801693447,ndi_makkariri,insyaallah bapak orang baik doa kami selalu yg terbaik buat bapak,2026-10-05T08:56:46.000Z,2,positif
https://www.tiktok.com/@totti.hutabarat/video/7692804779801693447,nigstn_,sehat selalu bapak🥺,2026-10-05T11:35:29.000Z,1,positif
https://www.tiktok.com/@totti.hutabarat/video/7692804779801693447,mitasartikasari,"liat bapak gini aja aku nangis pak ,
knp mereka yg membenci bapak nggak berhenti fitnah bapak tanpa ampun.
sehat sllu pak presiden ku 🥹",2026-10-05T12:12:16.000Z,2,positif
https://www.tiktok.com/@totti.hutabarat/video/7692804779801693447,suryarajinsholat,sehat selalu presidenku🥰🥰🥰,2026-10-05T14:11:54.000Z,1,positif
https://www.tiktok.com/@totti.hutabarat/video/7692804779801693447,ai.nurjanah332,ko aku nagis ya liat gini juga .sehat sehat bapaku🥰,2026-10-05T08:44:49.000Z,1,positif
https://www.tiktok.com/@totti.hutabarat/video/7692804779801693447,aisyani07,pak sehat2 selalu ya jangan dengerin apa kata pembencimu🥺,2026-10-05T12:10:19.000Z,1,positif
https://www.tiktok.com/@totti.hutabarat/video/7692804779801693447,ld1234gu.n,sehat selalu pak🥰,2026-10-05T08:41:51.000Z,1,positif
https://www.tiktok.com/@totti.hutabarat/video/7692804779801693447,rimah706,"sumpah yaa, kalo gue tbtb ketemu pak prabowo, gabisa berkata-kata gue mah
mewek doang yg ada sm peluk bapak [Menangis][Menangis]🤗🤗",2026-10-05T16:35:51.000Z,1,positif
https://www.tiktok.com/@totti.hutabarat/video/7692804779801693447,ratnagalih58,sehat sllu BPK,2026-10-05T12:21:37.000Z,1,positif
https://www.tiktok.com/@totti.hutabarat/video/7692804779801693447,za_kiaa2,bapak jendralku,2026-10-05T05:39:31.000Z,2,positif
https://www.tiktok.com/@totti.hutabarat/video/7692804779801693447,milkteaaaja_,sehat sehat bapak,2026-10-05T06:22:39.000Z,2,positif
https://www.tiktok.com/@totti.hutabarat/video/7692804779801693447,exfo22,pingin posting di wa 😌 tp bapa ku pendukung barisan sakit hati,2026-10-05T11:53:49.000Z,1,netral
https://www.tiktok.com/@totti.hutabarat/video/7692804779801693447,mamakeysha56,masyaallah,2026-10-05T11:14:40.000Z,1,netral
https://www.tiktok.com/@totti.hutabarat/video/7692804779801693447,zudan.ra,njirrr 😭,2026-10-05T15:20:26.000Z,0,netral
https://www.tiktok.com/@totti.hutabarat/video/7692804779801693447,random_rach,Masyaallah,2026-10-05T13:41:32.000Z,0,netral
https://www.tiktok.com/@totti.hutabarat/video/7692804779801693447,masrifah3putra,sehat selalu panjang umur bapak presiden ku 🤲,2026-10-05T08:50:09.000Z,2,positif
https://www.tiktok.com/@totti.hutabarat/video/7692804779801693447,ertayupita,"setiap liat bapak rasanya pengen nangis🥹 sedih nya itu terharu perjuangan bapak untuk NKRI, bapak semoga ALLAH selalu sehatkan bapak, panjang umurnya, dikelilingi orang² yang baik🤲😇",2026-10-05T16:36:45.000Z,2,positif
https://www.tiktok.com/@totti.hutabarat/video/7692804779801693447,intanzulinda,Gatau bawaannya sedih kalau lihat bapakkkk 😭 cengengggg bgt aku,2026-10-05T09:24:03.000Z,3,positif
https://www.tiktok.com/@totti.hutabarat/video/7692804779801693447,miaww9289,"Belum pernah sayang sama presiden, tapi kali ini asli sayang bgt 😭😭",2026-10-05T08:56:33.000Z,1,positif
https://www.tiktok.com/@totti.hutabarat/video/7692804779801693447,mitadini90,sehat2 paaak..🩷🩷🥺,2026-10-05T07:32:37.000Z,2,positif
https://www.tiktok.com/@totti.hutabarat/video/7692804779801693447,baby_cimol27,"bapak sehat selalu ya sejak dari aku kecil aku sudah mengidolakan bapak..aku tidak pernah berpaling meskipun di sekeliling ku hampir semua nya tidak suka sama bapak, tapi aku akan tetap ada di barisan paling terdepan pak[Menghangatkan hati]",2026-10-05T11:39:05.000Z,2,positif
https://www.tiktok.com/@totti.hutabarat/video/7692804779801693447,kevin_aprilio080,"q yg dr dl pgen ketemu lgsg SM bapak,
nangis d pojokn lit vidio ne😭😭
kpn lah BS ketmu lgsg",2026-10-05T09:27:45.000Z,1,netral
https://www.tiktok.com/@totti.hutabarat/video/7692804779801693447,kizzy_mood,"jika bapakku masih ada, masti beliau senang sekali melihat bapak sudah jadi presiden.. beliau tidak pernah absen memilih bapak, tapi saat bapak sudah berhasil beliau sudah pergi🥹",2026-10-05T11:56:55.000Z,1,positif
https://www.tiktok.com/@totti.hutabarat/video/7692804779801693447,libraokto10,Bapak kami presiden kami🥰🥰😇,2026-10-05T10:48:54.000Z,1,positif
https://www.tiktok.com/@totti.hutabarat/video/7692804779801693447,rizalria6,panjang umur presiden ku 🥺🤲,2026-10-05T12:17:08.000Z,1,positif
https://www.tiktok.com/@totti.hutabarat/video/7692804779801693447,iniiaachaaa,"@Reni.reenii: tenang pak aku IRT yg katanya harga smbako mahal tapi aku bisa membelinya , ketimbang di jaman semua srba murah tapi makan ayam aja stahun sekali...😁",2026-10-05T12:16:17.000Z,2,netral
https://www.tiktok.com/@totti.hutabarat/video/7692804779801693447,indrimeiliazuwita,dek jempol mu ituu bikin semangat bapak dek 🥰,2026-10-05T11:24:39.000Z,1,positif
https://www.tiktok.com/@totti.hutabarat/video/7692804779801693447,enda_yook2,Bapak 🥹🥹🥹,2026-10-05T11:31:17.000Z,1,positif
https://www.tiktok.com/@totti.hutabarat/video/7692804779801693447,anggi.puputf,tolong sejahterakan para kuli😭😭sulit banget buat kebutuhan sandang pangan aja😭😭,2026-10-05T14:34:20.000Z,1,netral
https://www.tiktok.com/@totti.hutabarat/video/7692804779801693447,rizkiyah8855,semoga sehat selalu presidenku,2026-10-05T16:07:11.000Z,1,positif
https://www.tiktok.com/@totti.hutabarat/video/7692804779801693447,agstnairma,Kenapa ya setiap liat beliau air mata gampang sekali keluar,2026-10-05T16:20:28.000Z,1,netral
https://www.tiktok.com/@totti.hutabarat/video/7692804779801693447,callmebulbuls,bapak🥺,2026-10-05T14:51:17.000Z,1,positif
https://www.tiktok.com/@totti.hutabarat/video/7692804779801693447,radhivalkusuma,"cengengnya aku 😭😭😭😭
sehat selalu pak PRABOWO.",2026-10-05T12:06:11.000Z,2,positif
https://www.tiktok.com/@totti.hutabarat/video/7692804779801693447,92syifanaira,"bahagia dan beruntung banget kamu nak[Menghangatkan hati]bisa tatap muka langsung dg bapak[Berkaca-kaca][Berkaca-kaca]secinta dan sebangga itukah kalian dg bapak[Berkaca-kaca][Berkaca-kaca].
kami sll dibarisan bapak.love you pak[Berkaca-kaca]",2026-10-05T12:49:05.000Z,1,positif
https://www.tiktok.com/@totti.hutabarat/video/7692804779801693447,silviaahy,"dia ituu konsisten pegang kepala anak""",2026-10-06T00:39:49.000Z,0,netral
https://www.tiktok.com/@totti.hutabarat/video/7692804779801693447,apaajalaaa.._,"yg benci bapak pasti omongannya “itu anak kenapa di goyangin kepalanya, jahat banget si kasar” . padahl kalo org udah gemesh pasti dicubit2 lagi",2026-10-05T10:19:45.000Z,1,netral
https://www.tiktok.com/@totti.hutabarat/video/7692804779801693447,deriyanti27,Panjang umur sehat” pa prabowo🥰,2026-10-05T12:12:32.000Z,1,positif
https://www.tiktok.com/@totti.hutabarat/video/7692804779801693447,ig.azzuyaofficial,pak kamu liat ga siswa skolah rakyat cabut gigi bareng2 walopun tmen2nya pada babyblus smua tp mreka bahagia 🥰,2026-10-05T16:28:44.000Z,1,netral
https://www.tiktok.com/@totti.hutabarat/video/7692804779801693447,_sytty_,[Mata hati][Mata hati][Mata hati],2026-10-05T09:32:24.000Z,1,netral
https://www.tiktok.com/@totti.hutabarat/video/7692804779801693447,me_lah005,"sebaik ini masih ada aja yg benci, sehat selalu pak☺️@callme eonni 😐",2026-10-06T00:24:25.000Z,0,positif
https://www.tiktok.com/@totti.hutabarat/video/7692804779801693447,rodiah.azzahra,"sehat"" ya bapak 🤲😭",2026-10-05T11:01:49.000Z,1,positif
https://www.tiktok.com/@nylandherlife_/video/7680930107325828359,putrialifaa_7,Takut banget pak bj habibi dan pak gusdur dikatain Buzzer sm sebelah😭,2026-09-03T01:04:41.000Z,32727,netral
https://www.tiktok.com/@nylandherlife_/video/7680930107325828359,99999_.i,prabowo ni boss gass 100 periode menuju Indonesia emass,2026-09-10T00:18:44.000Z,1,positif
https://www.tiktok.com/@nylandherlife_/video/7680930107325828359,rapkamaulana1,bangga di barisan 02,2026-09-03T01:41:26.000Z,3932,positif
https://www.tiktok.com/@nylandherlife_/video/7680930107325828359,muhammad_agung0108,gess kalian emg nya mau di pimpin sama presiden yang miskin + banyak utang? gw sihh ogah yak🔥,2026-09-03T01:25:25.000Z,26070,netral
https://www.tiktok.com/@nylandherlife_/video/7680930107325828359,de_mpit,Dikasih presiden kaya raya masih pada berisikk 😭,2026-09-03T10:31:05.000Z,883,netral
https://www.tiktok.com/@nylandherlife_/video/7680930107325828359,d4ud0023,Singkat saja pak 2029 nomor urut berapa? Biar tak coblos dari sekarang😎,2026-09-03T02:29:02.000Z,3118,positif
https://www.tiktok.com/@nylandherlife_/video/7680930107325828359,anissafirda28,2029 kita balikan angka dri 58% jd 85%,2026-09-02T16:05:20.000Z,19414,positif
https://www.tiktok.com/@nylandherlife_/video/7680930107325828359,trianli30,sehat2 jendral,2026-09-03T00:44:02.000Z,61,positif
https://www.tiktok.com/@nylandherlife_/video/7680930107325828359,ibnibunnnn,10 periode pun gw ttp milih prabowo🔥,2026-09-03T16:59:59.000Z,756,positif
https://www.tiktok.com/@nylandherlife_/video/7680930107325828359,zyan_flor,gua dukung pak Prabowo semenjak gusdur berkata demikian dan ternyata benar,2026-09-03T04:26:19.000Z,296,positif
https://www.tiktok.com/@nylandherlife_/video/7680930107325828359,sagara.23_,"satu pelajaran penting dalam hidup :
""JANGAN PERNAH BERDEBAT SAMA PENDUKUNG ANIS""",2026-09-04T01:07:30.000Z,19,netral
https://www.tiktok.com/@nylandherlife_/video/7680930107325828359,qutsia1232000,di akui bukan mengakui🔥,2026-09-10T04:43:54.000Z,6,netral
https://www.tiktok.com/@nylandherlife_/video/7680930107325828359,butterfflyyyyy_,tim yang gak pernah nyesel di barisan 02 💙💙 dan gak pernah minta maaf atas kesalahan dalam pemilihan capres 😜,2026-09-03T12:43:00.000Z,80,positif
https://www.tiktok.com/@nylandherlife_/video/7680930107325828359,nizarnur06,mau apapun persiden ku ttp aja aku miskin,2026-09-08T01:06:46.000Z,4,netral
https://www.tiktok.com/@nylandherlife_/video/7680930107325828359,fiiiitriaaa.sr,minusnya pak Prabowo cuma gabisa ngomong manis dan bermajas kaya siapa gatau deh🥰,2026-09-03T02:38:26.000Z,7353,netral
https://www.tiktok.com/@nylandherlife_/video/7680930107325828359,andinimalisa,Takut banget alm bj habibie sama gusdur dikatain buzzer juga😂😅,2026-09-05T03:44:23.000Z,7,netral
https://www.tiktok.com/@nylandherlife_/video/7680930107325828359,kaswaty_apriliani,pak aku masih di barisan bapak..aman pak saya tidak termakan isu² menjijikan itu🥰,2026-09-03T01:31:25.000Z,59,positif
https://www.tiktok.com/@nylandherlife_/video/7680930107325828359,yuan.3158,apakah salah satu trik bapak saat ini yg saya rasakan adalah membuat rakyatnya berfikir lebih cerdas?,2026-09-02T23:11:01.000Z,620,positif
https://www.tiktok.com/@nylandherlife_/video/7680930107325828359,lvin12311,"dia jendral kopassus, dia leader, dia punya partai, dia pebisnis, dia peternak, dia petani, dia dr keluarga intelek, dia kaya dari lahir. kurang apalagi?",2026-09-03T06:44:04.000Z,2665,positif
https://www.tiktok.com/@nylandherlife_/video/7680930107325828359,marielhadi,"Presiden tuh harus banyak uang dan gapunya hutang, masa mau pilih presiden yang gapunya uang dan BANYAK HUTANG sih jir?🤣",2026-09-03T07:57:43.000Z,53,positif
https://www.tiktok.com/@nylandherlife_/video/7680930107325828359,aca_cans0,"uda jelas2 bapak jenderal kita orng yg rendah hati, tdk sombong, dn orng yg paling ikhlas. coba kita di posisi beliau blm tentu bisa. kita masih miskin aja sombong😂",2026-09-14T05:05:32.000Z,5,positif
https://www.tiktok.com/@nylandherlife_/video/7680930107325828359,anggafebriyan_02,"andaikan Prabowo jadi presiden dr jaman Jokowi ya, saya membayangkan Indonesia maju",2026-09-26T10:47:23.000Z,9,positif
https://www.tiktok.com/@nylandherlife_/video/7680930107325828359,shanz.ld,seorang gusdur aja bilang gitu loh 🥰,2026-09-03T00:31:28.000Z,31,netral
https://www.tiktok.com/@nylandherlife_/video/7680930107325828359,matchastrawberry3596,"Heran bgt sm orang yg merasa gasuka sm pak prabowo, emg mau pimpinan yg kaya gimanaaa",2026-10-04T03:35:05.000Z,6,positif
https://www.tiktok.com/@nylandherlife_/video/7680930107325828359,apni5412,bayangin kedua beliau ini masih hidup apa mereka ga bangga sama bapak Prabowo,2026-09-03T00:29:24.000Z,576,positif
https://www.tiktok.com/@nylandherlife_/video/7680930107325828359,_nuraeny_erni,"stelah pak prabowo nanti siapa ya gantinya tkt habis itu ack""an",2026-09-03T05:05:50.000Z,37,positif
https://www.tiktok.com/@nylandherlife_/video/7680930107325828359,al_walid_bpn,iyh lah Prabowo masa Anis......😂,2026-09-03T14:03:48.000Z,4,netral
https://www.tiktok.com/@nylandherlife_/video/7680930107325828359,nisaaanisa5120,"Rasulullah berpesan...bila engkau ingin melihat pemimpin yg baik & ikhlas maka lihat dan perhatikan lah bahwa pemimpin yg paling byk di fitnah dan di zolimi maka itu lah pemimpin yg sebaik baik nya pemimpin yg berjuang utk rakyat nya... semoga Allah SWT selalu berikan kekuatan dan kemudahan utk pemimpin RI
Bpk Prabowo",2026-09-03T21:54:42.000Z,235,positif
https://www.tiktok.com/@nylandherlife_/video/7680930107325828359,taaufk24,tpi cuma prabowo yang agak laen 😅 di pecat habibi,2026-09-04T13:48:57.000Z,10,negatif
https://www.tiktok.com/@nylandherlife_/video/7680930107325828359,ona_dezz,yang hujat pak Prabowo apa kabar,2026-09-22T07:37:16.000Z,1,netral
https://www.tiktok.com/@nylandherlife_/video/7680930107325828359,ika_berau,"bukan mau melihat masa lalu/pemuja prabowo, tapi coba bayangin kalo salah satu dari dua capres kemarin yang jadi presiden. nalar mereka belum bisa sejauh prabowo, strategi mereka belum semateng prabowo, dari segi pengalaman teori maupun lapangan belum sedalam prabowo, bahkan mereka gabisa memprediksi sebuah kondisi sedetail prabowo. contoh kecilnya, bisa bisanya mereka bilang buat apa beli senjata kalo ga perang? itu baru contoh kecil.
apalagi orang semandiri prabowo aja bisa diserang kanan kiri luar dalam, apalagi 01/03? mereka apa apa masih bergantung pimpinan partai, mereka mau ngelakuin sesuatu masih sangat terbatas karena belum punya apa apa sendiri. sedangkan prabowo dari kecil udah dikenalin politik, bergelimang harta, mau ngelakuin sesuatu ga perlu nunggu putusan pimpinan tapi dia sendiri yang memutuskan karena dia yang memimpin, born to be a leader yang dimana dia selalu jadi pemimpin entah dalam pasukan atau politik kayak partai. di saat yang lain harus mondar mandi nyari dana buat nyalon, dia bisa sendiri tanpa mikir angka. yang bikin merinding udah berapa banyak harta pribadi yang dia keluarin buat negara? bayangin dia selalu percaya diri setiap nyalon karena dia yakin strategi yang dia buat udah mantep dari tahun tahun lalu. dann yap, dari fakta & data sekarang dari segi ketahanan pangan, pendidikan, ekonomi, lapangan kerja dll meningkat. bersyukur yang jadi presiden prabowo.",2026-09-03T18:38:50.000Z,195,positif
https://www.tiktok.com/@nylandherlife_/video/7680930107325828359,cancer151215,yok dukung Bpk gue 2priode🥰,2026-09-21T08:08:52.000Z,5,positif
https://www.tiktok.com/@nylandherlife_/video/7680930107325828359,anymmei,"BJ Habibie, Ama Gus Dur buzzer Prabowo gak sih?",2026-09-03T10:54:18.000Z,16,netral
https://www.tiktok.com/@nylandherlife_/video/7680930107325828359,angellee__1,kekurangan prabowo itu cmn 1 gk bisa ngomong manis[Tertawa sampai menangis]karna mungkin dia didik keras hidup keras tp kerja nya nyata,2026-09-21T03:13:33.000Z,1,positif
https://www.tiktok.com/@nylandherlife_/video/7680930107325828359,nuraeni07_4,"gays no 1 itu ganjar apa aniss🤣
serius nanya gw lupaa🤣
soalnya diingatan gw cma no 2✌🤪",2026-09-03T02:39:39.000Z,24,positif
https://www.tiktok.com/@nylandherlife_/video/7680930107325828359,nazu_4,Semoga prabowo jadi pemimpin Indonesia selamanya 🗿,2026-09-06T18:52:26.000Z,7,positif
https://www.tiktok.com/@nylandherlife_/video/7680930107325828359,nooooo4547,"di sisi lain banyak yg ga suka probowo.
si sisi lain banyak yg suka.
jdi gua bingung memihak ke sisi mana ini",2026-10-04T09:43:44.000Z,0,netral
https://www.tiktok.com/@nylandherlife_/video/7680930107325828359,amel87872,"di buang soeharto, di pecat habibi, eeehhhh... lu malah pilih 🤭",2026-09-09T07:02:33.000Z,2,negatif
https://www.tiktok.com/@nylandherlife_/video/7680930107325828359,zalmanmiswar,PRABOWO 2 PERIODE❤🔥,2026-09-09T05:03:02.000Z,5,positif
https://www.tiktok.com/@nylandherlife_/video/7680930107325828359,kocorr.weyy,bpak jendral nih boss☺️☺️☺️mana anak jendral nih???,2026-09-08T16:01:28.000Z,2,positif
https://www.tiktok.com/@nylandherlife_/video/7680930107325828359,baysvj_,yang begini dibilang buzer ga ya?😂,2026-09-05T06:56:08.000Z,5,netral
https://www.tiktok.com/@nylandherlife_/video/7680930107325828359,ad_bi_ld,kalo Anis jadi presiden kek mana ya Indonesia,2026-09-04T09:44:30.000Z,33,netral
https://www.tiktok.com/@nylandherlife_/video/7680930107325828359,cherryanastasyajinnie,"bukan buzzer yaaa nihh yg ngomong😏😏😏 sehat selalu bapak prabowo, dan panjang umur pak💙🫂",2026-09-02T23:17:57.000Z,73,positif
https://www.tiktok.com/@nylandherlife_/video/7680930107325828359,taurus_792,"sehat selalu dan panjang umur bapak 🤲
aku selalu ada di barisanmu untuk mendukungmu 🥰",2026-09-03T04:05:03.000Z,12,positif
https://www.tiktok.com/@nylandherlife_/video/7680930107325828359,savearifin_,di akui bukan mengakui,2026-09-05T03:48:20.000Z,28,netral
https://www.tiktok.com/@nylandherlife_/video/7680930107325828359,win08753,Bapak gua,2026-09-03T06:36:11.000Z,7,positif
https://www.tiktok.com/@nylandherlife_/video/7680930107325828359,littlerose412,Semua tentang pak Prabowo gue posting ulang😊,2026-09-03T13:54:30.000Z,6,positif
https://www.tiktok.com/@nylandherlife_/video/7680930107325828359,ibnuhudawihsb,demi apapun saya percaya dengan kata-kata alm Gus Dur,2026-09-14T13:19:29.000Z,17,netral
https://www.tiktok.com/@nylandherlife_/video/7680930107325828359,chdj92,"dari keluarga kaya sejak dini 😁
namun slalu perduli pada rakyat. tidak pernah gengsi juga membahas+cinta produk nasional 🤣🤣.
beda lagi sama rakyat dari keluarga yang biasa "" aja tapi ogah cinta produk nasional 😂. maunya ke barat baratan 🤣🤣",2026-09-05T14:23:39.000Z,10,positif
https://www.tiktok.com/@nylandherlife_/video/7680930107325828359,its_you405,"ayolah SDM rendah yang menghina bapakk, pola pikirnya diubahh, berikan pola pikir yang positif",2026-09-02T23:54:31.000Z,44,positif
https://www.tiktok.com/@nylandherlife_/video/7680930107325828359,itsmeirma26,"2 periode ya bpk, sehat²🫶",2026-09-03T03:33:50.000Z,5,positif
https://www.tiktok.com/@nylandherlife_/video/7680930107325828359,ira.touka,"aku padamu pak wowo, aw pak aw",2026-09-03T01:07:20.000Z,8,positif
https://www.tiktok.com/@nylandherlife_/video/7680930107325828359,rangga_wiaskhara,"emg ada hasilnya?
buktinya sekarang",2026-09-03T14:04:56.000Z,6,positif
https://www.tiktok.com/@nylandherlife_/video/7680930107325828359,virgo.team3,selama nya jadi presiden bisa ngk sih,2026-09-03T06:28:01.000Z,18,positif
https://www.tiktok.com/@nylandherlife_/video/7680930107325828359,siti_rah27,tidak mengakui tapi diakui😝😜🔥🔥,2026-09-03T06:46:29.000Z,7,positif
https://www.tiktok.com/@nylandherlife_/video/7680930107325828359,nuca0291,halah tetap Abah anies baswedan calon presiden terbaik selamanya titik,2026-09-03T09:20:32.000Z,8,netral
https://www.tiktok.com/@nylandherlife_/video/7680930107325828359,priscilya_,lovee sekebon bapak❤️🔥,2026-09-03T00:36:06.000Z,6,positif
https://www.tiktok.com/@nylandherlife_/video/7680930107325828359,hnny.ftmaa,"gue prnh sakit hati gara' bos ngasut semua karyawan buat nyoblos anis trs yg paling gue ga trima dia ngatain pak prabowo. disitu gue yg diem dan nerapin bahwa nyoblos itu sifatnya LUBERJURDIL tbtb ngamuk' sampai di katain gue tiap hari dibilang gue bodoh milih prabowo, gue ga lama risegn, dari pada harus dikelilingi sama org stress",2026-09-03T12:18:04.000Z,9,positif
https://www.tiktok.com/@nylandherlife_/video/7680930107325828359,cukamatcha1236,Aku pernah baca komentar orang “mungkin kalo nabi jadi pemimpin diindonesia ini juga bakal dihujat”😔,2026-09-03T07:52:39.000Z,6,netral
https://www.tiktok.com/@nylandherlife_/video/7680930107325828359,hy_mayyy0,"jujur ekspetasi gw waktu pencalonan bnyk bngt yang dukung pak prabowo ampe ada tren ny dulu joget 2 jari...gw terheran "" knp pas udh jd presiden dia bnyk bngt haters ny ..ketikan ny bikin gw darah tinggi😭",2026-09-03T08:50:51.000Z,25,positif
https://www.tiktok.com/@nylandherlife_/video/7680930107325828359,dwrmwlndr,"tp bener loh kata mereka, kalo bukan Bapak yg jd presiden, Indonesia pasti ga se Ricuh ini, damai tentram, ya kayak biasa aja gt",2026-09-04T04:28:15.000Z,6,negatif
https://www.tiktok.com/@nylandherlife_/video/7680930107325828359,user005285252,"temen temn aku pun sama ada pemikiran ragu sama presiden kita, tpi ku pikir lagi gimana kalau nyatanya emang bawahannya atau pemerintah bagian mana yang emang ga suka sama pak prabowo akhirnya fitnahan trs ada , trs masalah mbg tu bagus menurut ku programnya karna banyak juga anak sd yang latar belakang ekonominya susah dan adanya mbg dia jadi bisa makan, cuma yaa masalahnya di pengelolanya karna setiap mbg juga pengelolanya beda”",2026-09-05T05:59:31.000Z,2,netral
https://www.tiktok.com/@nylandherlife_/video/7680930107325828359,vnsgank7,"ini kalo baginda rasullalah saw,ali bin abi thalid,abu bakas as sidiq,umar bin khatab dan khalid bin walid kalo jadi pemimpin indonesia bakal di hujat sama masyarakatnya 🙏😅",2026-09-05T05:49:59.000Z,2,netral
https://www.tiktok.com/@nylandherlife_/video/7680930107325828359,achiongachii,"Tapi bnyak yg hujat, padahal sih udah bagus krna zaman kan udah semakin canggih makanya apa2 mahal semua jadi jngn salahin presidennya",2026-09-03T06:41:05.000Z,5,positif
https://www.tiktok.com/@nylandherlife_/video/7680930107325828359,ramzyzzyy,"yang bilang haus kekuasaan atau ngebet jadi presiden, inget jika presiden jatuh ke orang yang gampang hasut lebih bikin bencana apalagi bisa diatur sama partai😂, liat aja jokowi yang sebenernya banyak jasa pengen juga nangkep koruptor kek sekarang cuma dulu susah jadi si percayain ke prabowo yang lebih ngerti",2026-09-03T12:56:39.000Z,4,positif
https://www.tiktok.com/@nylandherlife_/video/7680930107325828359,yusufhappy13,"Tenang pak prabowo, kami anak muda indonesia bersamamu🔥",2026-09-03T11:59:37.000Z,7,positif
https://www.tiktok.com/@nylandherlife_/video/7680930107325828359,cuma_bisa_eudora,Bukan buzer yah yang ngomong 😅,2026-09-02T22:34:58.000Z,22,netral
https://www.tiktok.com/@nylandherlife_/video/7680930107325828359,kapapurunan9,siapa lagi ada yg meragukan bapak Prabowo Subianto,2026-10-04T07:35:13.000Z,0,positif
https://www.tiktok.com/@nylandherlife_/video/7680930107325828359,akhwatmu1,"giliran dapat presiden yg baik hati iklas Ntuk rakyat nya, tegas dn berani malah mau di lengser kn😩 parahh nya lagi aktor koruptor malah mau dinaikkn jdi presiden 😩 halehhh🤦🏼‍♀️",2026-09-03T03:13:29.000Z,10,positif
https://www.tiktok.com/@nylandherlife_/video/7680930107325828359,alika8354,"ini namanya kayaraya, pintar turun temurun sehingga yg diikirkan adalah pencapaian kinerja bukan pencapaian harta😂🥰presidenq hebat🔥",2026-09-03T03:40:12.000Z,5,positif
https://www.tiktok.com/@nylandherlife_/video/7680930107325828359,josephpardede530,#2029 ganti presiden.,2026-09-13T06:58:44.000Z,3,negatif
https://www.tiktok.com/@nylandherlife_/video/7680930107325828359,ermamaae,"Jaman dulu belum ada buzzer, lagian siapa yg bisa bayar mereka buat ngomong begitu 😝",2026-09-03T00:30:21.000Z,6,netral
https://www.tiktok.com/@nylandherlife_/video/7680930107325828359,glx_ryonnz,"gak ada presiden yg setegas dia yg mempunyai power besar untuk melawan oligarki, mafia , koruptor dan bahkan asing 🔥",2026-09-03T01:23:37.000Z,21,positif
https://www.tiktok.com/@nylandherlife_/video/7680930107325828359,macangrg,Gen z bersama prabowo,2026-09-03T04:48:37.000Z,10,positif
https://www.tiktok.com/@nylandherlife_/video/7680930107325828359,crazyr3y,kok versi pak anies tidak ada ya🙏🏻,2026-09-03T06:09:36.000Z,7,netral
https://www.tiktok.com/@nylandherlife_/video/7680930107325828359,azy9_,yg ngakuin aja habibi sama gusdur masih aja yg dipercaya cuma omongan anis 😌,2026-09-08T08:43:15.000Z,1,netral
https://www.tiktok.com/@nylandherlife_/video/7680930107325828359,juno100991,itulah Presidenku Jendral Prabowo subianto,2026-09-03T04:23:28.000Z,7,positif
https://www.tiktok.com/@nylandherlife_/video/7680930107325828359,srisuarnengsih,siap memilih yg ke 2× nya untuk pak jendral Prabowo Subianto....tenang pak AQ sdh+1 suara LG untuk BPK di 2029 nanti soalnya anakku jg ku pastikan pilih bpk[Keren]🩵,2026-10-03T11:26:16.000Z,1,positif
https://www.tiktok.com/@nylandherlife_/video/7680930107325828359,triutari29_,di akui ya bukan mengakui,2026-09-03T01:15:26.000Z,12,netral
https://www.tiktok.com/@nylandherlife_/video/7680930107325828359,jalanygzikzak,"bang"" cb jj waktu habibi pecat prabowo bang keren tu",2026-09-07T15:41:08.000Z,3,negatif
https://www.tiktok.com/@nylandherlife_/video/7680930107325828359,user8872298738163,itu duluu pa msh muda.skarang udh tua.beda cerita,2026-09-03T09:55:36.000Z,0,netral
https://www.tiktok.com/@nylandherlife_/video/7680930107325828359,nicola_f,sayaang banget sama bapak probowo🫶🫶🫶,2026-09-12T07:29:53.000Z,1,positif
https://www.tiktok.com/@nylandherlife_/video/7680930107325828359,revansakase,program aja sih yg kurang efektif,2026-09-05T15:30:19.000Z,3,negatif
https://www.tiktok.com/@nylandherlife_/video/7680930107325828359,ducenx_el_7,"gx pernah bilang jejak di gital, tapi jejak digital nya Mantap semua,, yg sering bilang jejak digital, 🤔 yasudahlah",2026-09-28T13:12:04.000Z,1,positif
https://www.tiktok.com/@nylandherlife_/video/7680930107325828359,cha_cha_lex,"mengakui ❎
diakui ✅",2026-09-03T02:59:01.000Z,4,positif
https://www.tiktok.com/@nylandherlife_/video/7680930107325828359,eva_huangnie,"kalian paham kn arti kata iklas yg d KTA Gus Dur 😂, nyindir x🤣",2026-09-15T03:40:27.000Z,2,negatif
https://www.tiktok.com/@nylandherlife_/video/7680930107325828359,saiddawing,Prabowo 2 periode,2026-09-18T13:17:48.000Z,3,positif
https://www.tiktok.com/@nylandherlife_/video/7680930107325828359,its.urboyz,#StillPrabowo,2026-09-03T08:14:42.000Z,2,positif
https://www.tiktok.com/@nylandherlife_/video/7680930107325828359,prretydinn,udh sepintar itu masih aja di hina huf.....,2026-09-20T02:43:59.000Z,2,positif
https://www.tiktok.com/@nylandherlife_/video/7680930107325828359,b11ngab14nchab1z4r,the real... 2029 lanjutkan bapak gue lagi.. love love bapak yg baik hati ❤💞,2026-09-10T21:15:26.000Z,3,positif
https://www.tiktok.com/@nylandherlife_/video/7680930107325828359,zynbid,Yang benci biarlah benci… saya ttp di barisan bapak 😭🙏,2026-09-19T07:21:00.000Z,2,positif
https://www.tiktok.com/@nylandherlife_/video/7680930107325828359,xclusivee_0,Menyala membara bapak🔥,2026-09-22T00:10:41.000Z,2,positif
https://www.tiktok.com/@nylandherlife_/video/7680930107325828359,tatjanatier,"biasakan nyari pemimpin yang udah kaya raya dari lahir, karna kemungkinan besar gakan korupsi.",2026-09-04T01:09:33.000Z,2,positif
https://www.tiktok.com/@nylandherlife_/video/7680930107325828359,celin.com2,"@Celine:cari lah pemimpin yng sering di fitnah, sesunguhnya itu lah pemimpin yng tulus dan bersih.",2026-09-15T16:07:38.000Z,2,positif
https://www.tiktok.com/@nylandherlife_/video/7680930107325828359,ljia.123,aku pada mu pak prabowo 3 priode suara rakyat minta 3 priode,2026-10-04T23:32:29.000Z,2,positif
https://www.tiktok.com/@nylandherlife_/video/7680930107325828359,im.d1112,buyut dan leluhur pak Prabowo juga orang orang penting,2026-09-04T00:55:46.000Z,2,netral
https://www.tiktok.com/@nylandherlife_/video/7680930107325828359,drfelia,bapak gue nii😎,2026-09-06T06:10:07.000Z,2,positif
https://www.tiktok.com/@nylandherlife_/video/7680930107325828359,wargakonohasusahsadar,tapi kerjanya kurang geeeeeunahhhh saya kecewa,2026-09-04T13:09:55.000Z,3,negatif
https://www.tiktok.com/@nylandherlife_/video/7680930107325828359,aang.rahmatul,2029 gass lagi dah inimah 😅,2026-09-15T05:30:36.000Z,2,positif
https://www.tiktok.com/@nylandherlife_/video/7680930107325828359,lotush212,Jangan 2 periode please selamaya dipimpin beliau juga boleh 😭,2026-09-13T00:06:20.000Z,1,positif
https://www.tiktok.com/@nylandherlife_/video/7680930107325828359,wiwodetokonly1,yang dikatakan beliau sangat fakta sekali 🗿,2026-09-11T16:27:08.000Z,1,negatif
https://www.tiktok.com/@nylandherlife_/video/7680930107325828359,mhmmd_israh04,YEAYYYY MENANG LAGI NIHH🔥,2026-09-03T08:57:07.000Z,4,positif
https://www.tiktok.com/@nylandherlife_/video/7680930107325828359,cayaja27,maafkan kami pak… sempet berfikir yg tdk2 saat bpk bekerja buat perbaikan. semangat presidenku sehat selalu 🤲🤲🤲❤️,2026-09-23T07:40:21.000Z,0,positif
https://www.tiktok.com/@nylandherlife_/video/7680930107325828359,andikadai_,Di kasih pemimpin yang sudah kaya dari lahir malah milih pemimpin yang mau jadi pemimpin biar kaya raya,2026-09-03T06:05:06.000Z,5,positif
https://www.tiktok.com/@nylandherlife_/video/7680930107325828359,ilham1503_,"padahal masi mending ahok dari pda anis, kok bisa yh dia jadi gubernur jakarta",2026-09-08T12:52:17.000Z,1,netral
https://www.tiktok.com/@nylandherlife_/video/7680930107325828359,adit.bongkar,tapi bawahane gak onok seng support...,2026-09-03T02:03:57.000Z,3,netral
https://www.tiktok.com/@nylandherlife_/video/7680930107325828359,szaxsze,tapi kok di pecat? 😭,2026-09-07T10:42:19.000Z,6,negatif
https://www.tiktok.com/@nylandherlife_/video/7680930107325828359,yowaimo675,anies presiden ke 2029,2026-09-22T03:43:41.000Z,0,netral
https://www.tiktok.com/@nylandherlife_/video/7680930107325828359,kangijol1,ikhlas tapi caranya salah,2026-09-04T00:15:12.000Z,7,negatif
https://www.tiktok.com/@nylandherlife_/video/7680930107325828359,nuii_nureeee,"sehat selalu,panjang umur,bahagia selalu bapak ku 🥰",2026-09-03T00:37:26.000Z,9,positif
https://www.tiktok.com/@nylandherlife_/video/7680930107325828359,_mhmmdfahmi,soon 2029 58% jadi 85%,2026-09-03T03:51:49.000Z,5,positif
https://www.tiktok.com/@nylandherlife_/video/7680930107325828359,user1505127530143,"sehat selalu bapak presiden terhebatku
bapak prabowo subianto",2026-09-03T09:22:43.000Z,6,positif
https://www.tiktok.com/@nylandherlife_/video/7680930107325828359,tiensase,tidak MENGAKUI tetapi DIAKUI,2026-09-05T08:13:56.000Z,1,netral
https://www.tiktok.com/@nylandherlife_/video/7680930107325828359,ayukunee95,emang kalau yg jujur n bersih bayak yg tidak suka tapi coba yg pura pura ini ono pasti di dukung makanya begitu gitu aja pokoknya pak wowo aku padamu🥰🥰🥰,2026-09-25T12:38:58.000Z,3,positif
https://www.tiktok.com/@nylandherlife_/video/7680930107325828359,heeseung1290,"kalah 2 kali, tpi ga berisik🔥",2026-09-03T10:22:16.000Z,3,positif
https://www.tiktok.com/@nylandherlife_/video/7680930107325828359,rzkibaroooo,apapun kata org.. saya tetap pak prabowo,2026-09-05T14:38:03.000Z,3,positif
https://www.tiktok.com/@nylandherlife_/video/7680930107325828359,budiset25,dikasih jabatan kaga belain prabowo 😂😅,2026-09-07T11:00:52.000Z,1,netral
https://www.tiktok.com/@nylandherlife_/video/7680930107325828359,anavulant,indonesia kebagian untung gede saat ini dipimpin oleh orang intelektual dan pakar dibidang ekonomi,2026-09-13T09:14:06.000Z,2,netral
https://www.tiktok.com/@nylandherlife_/video/7680930107325828359,xzfaaah18,"ga sia sia aku sm keluarga milih perabowo dari dulu 😊, sehat selalu bapak",2026-09-14T03:18:47.000Z,2,positif
https://www.tiktok.com/@nylandherlife_/video/7680930107325828359,agungdwisenata,Dan bapak sudah buktikan bahwa bapak layak untuk memimpin negeri ini🙏🏻,2026-09-12T06:51:12.000Z,2,positif
https://www.tiktok.com/@nylandherlife_/video/7680930107325828359,zevgroup,bismillahirrahmanirrahim 2 periode 🤲,2026-09-03T06:11:32.000Z,2,positif
https://www.tiktok.com/@nylandherlife_/video/7680930107325828359,akuazka123,2 presiden terbaik lho yang ngomong,2026-09-08T02:24:19.000Z,2,positif
https://www.tiktok.com/@nylandherlife_/video/7680930107325828359,yanimoyy97,ganteng kali pak presidenku ini☺️,2026-09-03T06:08:08.000Z,2,positif
https://www.tiktok.com/@nylandherlife_/video/7680930107325828359,teryty97,BAPAKKU INI,2026-09-03T00:34:34.000Z,4,positif
https://www.tiktok.com/@nylandherlife_/video/7680930107325828359,glx_syymoonlight,bapak gw nih boss😎,2026-09-03T06:33:40.000Z,3,positif
https://www.tiktok.com/@nylandherlife_/video/7680930107325828359,wage9.store,siap 2 periode buat presiden NKRI🥰,2026-09-03T11:22:24.000Z,3,positif
https://www.tiktok.com/@nylandherlife_/video/7680930107325828359,nuni.nu0,kadang gw benci karena aku turut merasakan penderitaann di eranya pak prabowo..tp ngk tau juga setiap melihat pak prabowo kek semacam langsung tau ajah klo dia emng ikhlas untuk kita rakyat indonesia🙏,2026-09-05T11:13:35.000Z,2,positif
https://www.tiktok.com/@nylandherlife_/video/7680930107325828359,aaaaaammmeel__,"buat yang bilang pak prabowo ""dipecat"", cari2 dulu beritanya ya.",2026-09-06T12:48:38.000Z,2,positif
https://www.tiktok.com/@nylandherlife_/video/7680930107325828359,helloeza,"saya kira setelah Prabowo menjadi presiden RI , kondisi di Papua akan aman tapi faktanya",2026-10-01T08:25:28.000Z,0,negatif
https://www.tiktok.com/@nylandherlife_/video/7680930107325828359,indanandasuci,2029 gas kan lagi🔥,2026-09-03T01:56:00.000Z,4,positif
https://www.tiktok.com/@nylandherlife_/video/7680930107325828359,zuhriansyah_10,siap rapatkan barisan lagi pak di 2029🫡🫡,2026-09-05T22:30:05.000Z,3,positif
https://www.tiktok.com/@nylandherlife_/video/7680930107325828359,raprap.cloth,"tegas dan berani kyk gini malah diolok², yg olok² gak nyampe. gak usah jauh² deh dilingkungan skitar kita aja cafe² miras ilegal aja pasti kita tau ada backingannya apalagi ditingkat tinggi. ini lah yg ditakuti mafia, oligarki, para elite ketika pak prabowo jdi presiden. ibarat kata yg punya usaha ilegal diganggu, yg punya usaha ilegal ini pasti gak tinggal diam krna tempat cari makannya diganggu, brarti yg benci yg olok² sama aja kyk mafia, oligarki.
ini yg sedang diberantas pak presiden. jadi masyarakat yg cermat, jrg² punya presiden yg berani kyk gini, indonesia udh terlalu amburadul yg kaya makin kaya, yg miskin makin miskin.
sehat sehat terus Presiden ku Prabowo Subianto, Negarawan..",2026-09-25T05:26:08.000Z,3,positif
https://www.tiktok.com/@nylandherlife_/video/7680930107325828359,naysha2275,BPK ku Prabowo Subianto 👏🥰🥰🥰,2026-09-28T17:07:15.000Z,0,positif
https://www.tiktok.com/@nylandherlife_/video/7680930107325828359,bugis.man4,sehat selalu Bapak Prabowo Subianto Djojohadikusumo Presiden RI KE 8,2026-09-04T13:16:49.000Z,4,positif
https://www.tiktok.com/@nylandherlife_/video/7680930107325828359,ree12_135,🥰🥰 dia itu loh guru terbaik 🥰😭 ku sampai bner2 dulu sblm dia jdi presiden udh tertarik dri ksus 1998 😁 dan gw yakin dia bisa jdi presiden dn alhasil bner bgt 🥺 dia ngk nyerahhhhhh,2026-09-02T23:43:00.000Z,5,positif
https://www.tiktok.com/@nylandherlife_/video/7680930107325828359,kakaenda1515,Pokoknya Prabowo 2 periode 🔥🥰,2026-09-07T01:22:43.000Z,2,positif
https://www.tiktok.com/@nylandherlife_/video/7680930107325828359,iswandi_2609,tim barisan pak Prabowo,2026-09-03T06:26:12.000Z,4,positif
https://www.tiktok.com/@nylandherlife_/video/7680930107325828359,thinanhatalova306,Makin kecintaan sma pak Prabowo🥰🥰🥰sehat” terus Bapak🤗,2026-09-03T16:05:27.000Z,2,positif
https://www.tiktok.com/@nylandherlife_/video/7680930107325828359,ahmadzidnyfathony,Gatau lagi siapa yang pantes & layak mimpin bangsa ini selain bapak sehat terus pak🥺,2026-09-03T15:20:28.000Z,2,positif
https://www.tiktok.com/@nylandherlife_/video/7680930107325828359,amoyyycyee,bapak kuu❤️❤️❤️❤️,2026-09-03T13:50:38.000Z,2,positif
https://www.tiktok.com/@nylandherlife_/video/7680930107325828359,viantvallent,"GK ada sedikitpun keraguan dari perkataan GUSDUR,MBG sebagai peluang pasar. KDMP sebagai stabilitas harga",2026-09-22T16:12:38.000Z,1,netral
https://www.tiktok.com/@nylandherlife_/video/7680930107325828359,rizkaamelia8983,"semoga makin banyak konten kek gini fyp d.tik tok.q, gk yg mengujar kebencian tntang pemerintah trs 🙃",2026-09-13T15:22:17.000Z,1,positif
https://www.tiktok.com/@nylandherlife_/video/7680930107325828359,mama_ilyasa,aku percaya kalau sudah dua orng ini berbicara.,2026-09-07T06:53:46.000Z,1,positif
https://www.tiktok.com/@nylandherlife_/video/7680930107325828359,rimasiodja,"Semua orang bisa baik
tapi tdk semua orang bsa tulus
seperti presiden ku
pak prabowo 🥰",2026-09-22T16:01:01.000Z,1,positif
https://www.tiktok.com/@nylandherlife_/video/7680930107325828359,yatyan.2004,"bahkan sampai skrg rakyatnya masih g ngeti cara pola pikir presidennya sendiri Ampe rela loh Prabowo dihina hina rakyat sendri, biasanya presiden lain saya akan lawan",2026-09-06T13:15:33.000Z,1,positif
https://www.tiktok.com/@nylandherlife_/video/7680930107325828359,bchtrnha__,sehatkan bapak aku ya Allah..😭,2026-09-03T22:53:48.000Z,1,positif
https://www.tiktok.com/@nylandherlife_/video/7680930107325828359,ety.munjiyatul91,"do'a ku untuk Bpk negara ya Alloh panjangkanlah umurnya sehatkanlah badanya lindungilah beliau dari orang"" jahat",2026-09-10T14:24:37.000Z,1,positif
https://www.tiktok.com/@nylandherlife_/video/7680930107325828359,laely6845,Setiap ngebahas bapak gemoy..gak tau kenapa aku pingin nagis’lihat hujatan”di metsos sehat sllu bapak gemoy’ku🤲🤲🤲,2026-09-09T08:10:27.000Z,1,positif
https://www.tiktok.com/@nylandherlife_/video/7680930107325828359,zzyz255,siapapun yg jadi presiden dikonoha bakal tetep salah dimata rakyatnya,2026-09-04T07:17:17.000Z,1,positif
https://www.tiktok.com/@nylandherlife_/video/7680930107325828359,rahmadaniyaqub,"aku ttp PK Prabowo sampe kapan pun ,auranya baik ,tulus ,baik ,",2026-09-10T22:58:12.000Z,1,positif
https://www.tiktok.com/@nylandherlife_/video/7680930107325828359,ayudita.wardani,Kalau beliau yang bilang ya aku percaya. Pak Prabowo sehat selalu ya❤️,2026-09-21T16:16:46.000Z,1,positif
https://www.tiktok.com/@nylandherlife_/video/7680930107325828359,hasmianasunardi,"plis yg bilang ngk ada kemajuan, coba mikir emang kalau bayi baru lahir udah bisa jalan tanpa proses, tapi ini bukan tentang bayi!!!!",2026-09-23T10:00:01.000Z,1,positif
https://www.tiktok.com/@nylandherlife_/video/7680930107325828359,suhaila3112,gua tetap pilih prabowo dah kaya ngapain dia korup yakan teman ✌✌,2026-09-21T12:34:15.000Z,2,positif
https://www.tiktok.com/@nylandherlife_/video/7680930107325828359,dianita.aprilia,3x Dukung Prabowo🫶,2026-09-07T01:56:38.000Z,1,positif
https://www.tiktok.com/@nylandherlife_/video/7680930107325828359,manusiabiasa448,Prabowo 2 periode,2026-09-19T14:55:24.000Z,1,positif
https://www.tiktok.com/@nylandherlife_/video/7680930107325828359,july._975,Bentar lagi juga ada yg bilang beliau buzzer😭😭,2026-09-05T00:33:51.000Z,1,netral
https://www.tiktok.com/@nylandherlife_/video/7680930107325828359,zahroh633,Dari awal nyalon selalu milih bapak prabowo🥰,2026-09-03T15:41:33.000Z,1,positif
https://www.tiktok.com/@nylandherlife_/video/7680930107325828359,wilbertnbh,"Hidup bapakku, kalau bisa pasangan pak Prabowo di tahun 2029 yaitu ibu Sherly TJOANDA atau bapak Dedy muliyadi💪💪",2026-09-11T06:07:04.000Z,1,positif
https://www.tiktok.com/@nylandherlife_/video/7680930107325828359,midahoktavia,jejak digital dong,2026-09-04T13:29:54.000Z,1,negatif
https://www.tiktok.com/@nylandherlife_/video/7680930107325828359,lhyralina,aku gak salah pilih presiden 🥰🥰,2026-09-03T12:58:08.000Z,1,positif
https://www.tiktok.com/@nylandherlife_/video/7680930107325828359,_knyay,sekelas pak Gusdur dan Bj Habibie saja mengakui. lah kita rakyat biasa bisa2nya menghina dan menebar fitnah dimana2 🥵,2026-09-08T07:08:52.000Z,5,positif
https://www.tiktok.com/@nylandherlife_/video/7680930107325828359,muhamadrafaiilalh,Presiden Habibie dan Presiden Gusdur saksi bahwa Presiden Prabowo Subianto orang tulus dan ikhlas kepada rakyat Indonesia,2026-09-04T16:10:38.000Z,2,positif
https://www.tiktok.com/@nylandherlife_/video/7680930107325828359,lalurijal97,kalau pak Prabowo mau korupsi gak perlu karena udah kaya duluan gess,2026-09-24T13:58:12.000Z,2,positif
https://www.tiktok.com/@nylandherlife_/video/7680930107325828359,riandi.pratama01,saya tetap mendukung pak Prabowo Subianto sampai beliau purna tugas,2026-09-24T06:07:40.000Z,0,positif
https://www.tiktok.com/@nylandherlife_/video/7680930107325828359,vnknny,lahh org di pecat sm habibie,2026-09-06T14:03:08.000Z,2,negatif
https://www.tiktok.com/@nylandherlife_/video/7680930107325828359,wahyuningsih0561,SEHAT selalu pak Prabowo Subianto ❤️,2026-09-04T03:50:36.000Z,3,positif
https://www.tiktok.com/@nylandherlife_/video/7680930107325828359,tada.aoi,"habibie dulu ke prabowo aja diminta orang luar buat nyingkirin beliau,Diksh pemimpin yang paham pada gak mau,trs mau diksh pemimpin yang janjikan anda surga bertemu nabi tpi yg ngajak begitu sukanya ngadu domba,bohong,suoa tebar fitnah,surgakah yg didapat?pfffttttt",2026-09-04T10:29:13.000Z,2,positif
https://www.tiktok.com/@nylandherlife_/video/7680930107325828359,kakadikasoepardi,bapak Prabowo wajib sehat soalnya saya sudah siap milih beliau lagi 😊,2026-09-11T14:18:50.000Z,4,positif
https://www.tiktok.com/@nylandherlife_/video/7680930107325828359,22_adista_05,"GEN Z HARUSS DUKUNG 2 PRIODE ,MENUJU INDONESIA EMAS",2026-09-04T02:09:47.000Z,3,positif
https://www.tiktok.com/@nylandherlife_/video/7680930107325828359,babolletlet,GANTENG BANGET JENDRALKU 😎😎,2026-09-03T23:41:58.000Z,1,positif
https://www.tiktok.com/@nylandherlife_/video/7680930107325828359,kaisyah_1330,"dikasih presiden perfect gini pda gmau, knp sih, klian tuh maunya apa yg lain utangnya banyak cm yg ini yg kaya raya dr lahir + gemoyyy 😍😉",2026-09-27T07:17:41.000Z,1,positif
https://www.tiktok.com/@nylandherlife_/video/7680930107325828359,liozahra7,"BP.JOKOWI & BP.PRABOWO pasang an yang pas untuk presiden & wakil presiden [Menghangatkan hati] yang 1 tegas wujud didikan TNI abis yg 1 kalem ramah tamah merakyat sekali. coba saja negara ini dipimpin sosok 2 ini selamanya 🤲😌 Meski beliau ini sering kali dihujat selama kalian berdua pernah diungkap sikap sifat a sama alm.bp.gusdur yang paling ikhlas mencintai rakyat yang satu a diprediksi bakal jadi orang besar BP.jokowi ,aku tetap suka kalian berdua tidak menyesal memilih kalian berdua mau seluruh Indonesia membenci kalian aku tetap mendukung beliau ,semoga jalan kalian memperbaiki Indonesia ini menemukan jalan yang terbaik🥰🤲 semoga semua orang yang menghujat benci beliau berdua ini terbuka mata hati pikiran mereka.[Menangis] jadi presiden tidak pernah luput dari caci maki pak sehat2 mengurus manusia2 yang kurang bersyukur & serakah pak. sehat2 dua presiden ku ini[Menghangatkan hati][Menghangatkan hati][Menghangatkan hati]",2026-09-27T05:21:39.000Z,1,positif
https://www.tiktok.com/@nylandherlife_/video/7680930107325828359,lizyypratama,"alasan saya percaya kepada pak Prabowo,dia sudah mengabdi ke negara dari usia muda",2026-09-23T15:27:30.000Z,2,positif
https://www.tiktok.com/@nylandherlife_/video/7680930107325828359,kacimuih26,"Prabowo itu orang paling siap hari ini untuk jadi presiden indonesia, dia paham pancasila, dia paham konsep dan nilai"" yang di perjuangkan pendiri bngsa ini.",2026-09-03T17:09:21.000Z,3,positif
https://www.tiktok.com/@nylandherlife_/video/7680930107325828359,tauhid6145,"benar sekali yg di katakan pak habibi dan pak kiyai gusdur, orang yg paling ihklas kepada rakyafnya ya pak prabowo.",2026-09-03T09:24:43.000Z,3,positif
https://www.tiktok.com/@nylandherlife_/video/7680930107325828359,nananininunuu6,"bibit bobot bebetnya sudah sangat jelas, pendidikan beliau ngga perlu diragukan lagi, dari keluarga terpandang, jdi aku ngga akan pernah ragu soal semua langkah beliau. beliau seorang jenderal, punya strategi bahkan hal kecil jelih tauuu",2026-09-24T13:59:07.000Z,1,positif
https://www.tiktok.com/@nylandherlife_/video/7680930107325828359,derariyana,Alhamdulillah bangga jadi Anak jendral kayaraya🔥,2026-09-28T12:07:46.000Z,1,positif
https://www.tiktok.com/@nylandherlife_/video/7680930107325828359,yariiyaa_112,"Meskipun bpk gw haters Prabowo,tp gw ttp dukung pak wowo",2026-09-28T11:39:48.000Z,1,positif
https://www.tiktok.com/@nylandherlife_/video/7680930107325828359,awincu,fakta lagi fakta lagi,2026-09-12T06:22:17.000Z,3,netral
https://www.tiktok.com/@nylandherlife_/video/7680930107325828359,yusrilucil71,Gen Z bersama pak prabowo,2026-09-03T03:43:46.000Z,4,positif
https://www.tiktok.com/@nylandherlife_/video/7680930107325828359,ammarrfd,inii bapaa gueeeee👍👍👍,2026-09-03T00:47:29.000Z,4,positif
https://www.tiktok.com/@nylandherlife_/video/7680930107325828359,latif009999,sehatt selaluu pak prabowooo saya banggaa bgtt memiliki presiden yg hebatt dan sabar sepertimu pak saya janjii akan mendukung bapa sampai kapanpun itu akan tetap saya dukungg semoga di thun2029 nanti bapa menang lgiii terimakasihh ya pak prabowoo perjuangan bap untuk negara ini sangatt besarr sekaliiii makasih ya pak sudah berjuang demi negara inii semoga pak prabowo sehat terus dan menang di thun2029 nantii aminnnn ya allahh,2026-09-22T17:31:56.000Z,1,positif
https://www.tiktok.com/@nylandherlife_/video/7680930107325828359,lailuss96,Krn d sini yg bicara bapak Habibi dan bapak gusdur saya berani pos d wa🥲🥹😩..krna d wa ku pernah ada post status jelekin pak wowo,2026-09-27T09:50:34.000Z,1,positif
https://www.tiktok.com/@nylandherlife_/video/7680930107325828359,elyznr97,masa sih smpe sini aja banyak yg masih salah dlm menilai pa orbwo,2026-09-18T10:08:20.000Z,2,positif
https://www.tiktok.com/@nylandherlife_/video/7680930107325828359,indahnuer4,menyala bapa presiden ku prabowo Subianto 🥰,2026-09-21T16:20:21.000Z,1,positif
https://www.tiktok.com/@nylandherlife_/video/7680930107325828359,vicky.sera,benar sekali TPI kasihan kenapa banyak yg membenci beliau 😭,2026-09-21T15:52:40.000Z,1,positif
https://www.tiktok.com/@nylandherlife_/video/7680930107325828359,tikah0103,"terimakasih pak presiden prabowo
tiap bulan aku selalu dapet bantuan, mulai dari beras ataupun uang 😭🥺🥰
anakku selalu terpenuhi bisa beliin dia pempers susu dan lain lain .
semoga panjang umur sehat selalu dan sejahtera di kelilingi orang baik 🥰",2026-09-09T01:20:36.000Z,3,positif
https://www.tiktok.com/@nylandherlife_/video/7680930107325828359,intan.lestari12,"sehat terus , panjang umur dan selalu dalam lindungan nya pak 🥺",2026-09-04T05:44:09.000Z,1,positif
https://www.tiktok.com/@nylandherlife_/video/7680930107325828359,ichavaldhana,sp pun ayok ramein plisss biar bisa 2 periode 😭😭,2026-09-03T01:18:16.000Z,3,positif
https://www.tiktok.com/@nylandherlife_/video/7680930107325828359,critical_aclaim,gusdur lo ya yang ngomong,2026-09-03T00:51:01.000Z,3,netral
https://www.tiktok.com/@nylandherlife_/video/7680930107325828359,11bakekokkk,kami gen Z bersama 02✌️,2026-09-04T09:35:57.000Z,3,positif
https://www.tiktok.com/@nylandherlife_/video/7680930107325828359,pemaininti21,HORMAT PAK,2026-09-12T17:32:47.000Z,3,positif
https://www.tiktok.com/@nylandherlife_/video/7680930107325828359,adeliafit13,Tidak Tergantikan Bpak Presidenku Prabowo 👌🇲🇨❤️‍🩹,2026-09-21T06:41:02.000Z,4,positif
https://www.tiktok.com/@nylandherlife_/video/7680930107325828359,winihyuga,love youu bapakk Prabowo 🥰🥰🥰,2026-09-04T04:27:10.000Z,3,positif
https://www.tiktok.com/@nylandherlife_/video/7680930107325828359,ogtops26,coba post di ig bg wkwk,2026-09-03T19:17:18.000Z,2,negatif
https://www.tiktok.com/@nylandherlife_/video/7680930107325828359,all10391,"kemaren udah banyak gen z yg pikirannya kebuka dan milih pak Prabowo,ketambah nanti 2029 gen z yg tahun kemaren belum nyoblos tambah banyak,kita buat yg tadinya 58% jadi 85% kusus gen z okey😂",2026-09-03T14:07:30.000Z,2,positif
https://www.tiktok.com/@nylandherlife_/video/7680930107325828359,kadek3915,"Jangan smpe 2 bapak itu, dibilang buzzer😌",2026-09-03T02:42:20.000Z,3,netral
https://www.tiktok.com/@nylandherlife_/video/7680930107325828359,rmnsyh_i,"tahun ini gw udah dapat ktp, ku tunggu 2029 buat 2 periode🔥",2026-09-03T17:33:22.000Z,3,positif
https://www.tiktok.com/@nylandherlife_/video/7680930107325828359,monanita_1400,doain bpk aku panjang umur dan sehat ya semua,2026-09-10T02:53:59.000Z,2,positif
https://www.tiktok.com/@nylandherlife_/video/7680930107325828359,irendacunha,semangat terussss bapa gemoyyyyku🥰,2026-09-03T05:11:30.000Z,3,positif
